ID,Topic,Difficulty,Kind,Passage,Question,Option A,Option B,Option C,Option D,Correct,Explanation
1,Daily Life,Low,Detail,"Bek prepares his school bag before going to bed. In the morning, he can leave home without searching for books or pens.",What does Bek prepare before going to bed?,a completely different activity,something not mentioned in the passage,the opposite of the passage,his school bag,D,Correct answer: his school bag. The passage directly supports this answer; the other choices are not supported by the text.
2,Daily Life,Low,Reasoning,"Bek prepares his school bag before going to bed. In the morning, he can leave home without searching for books or pens.",Why does this habit help Bek?,something not mentioned in the passage,the opposite of the passage,He can leave without searching for school items.,a completely different activity,C,Correct answer: He can leave without searching for school items.. The passage directly supports this answer; the other choices are not supported by the text.
3,Daily Life,Low,Detail,Malika writes three tasks in a notebook every evening. She checks the list the next day and crosses out each completed task.,What does Malika write in her notebook?,the opposite of the passage,three tasks,a completely different activity,something not mentioned in the passage,B,Correct answer: three tasks. The passage directly supports this answer; the other choices are not supported by the text.
4,Daily Life,Low,Reasoning,Malika writes three tasks in a notebook every evening. She checks the list the next day and crosses out each completed task.,What is the notebook mainly used for?,organising the next day's tasks,a completely different activity,something not mentioned in the passage,the opposite of the passage,A,Correct answer: organising the next day's tasks. The passage directly supports this answer; the other choices are not supported by the text.
5,Daily Life,Medium,Detail,"Rustam used to check social media during breakfast and often forgot school materials. He now keeps his phone in another room until he is ready to leave, and he arrives at school more prepared.",What change did Rustam make?,a result not supported by the passage,an unrelated explanation,the opposite conclusion,He keeps his phone in another room during breakfast.,D,Correct answer: He keeps his phone in another room during breakfast.. The passage directly supports this answer; the other choices are not supported by the text.
6,Daily Life,Medium,Reasoning,"Rustam used to check social media during breakfast and often forgot school materials. He now keeps his phone in another room until he is ready to leave, and he arrives at school more prepared.",What can be inferred about his old phone habit?,an unrelated explanation,the opposite conclusion,It distracted him from preparing for school.,a result not supported by the passage,C,Correct answer: It distracted him from preparing for school.. The passage directly supports this answer; the other choices are not supported by the text.
7,Daily Life,Medium,Detail,"Saida and her brother follow a weekly schedule for household chores. Because each person knows exactly what to do, they argue less about whose turn it is.",What do Saida and her brother use?,the opposite conclusion,a weekly chore schedule,a result not supported by the passage,an unrelated explanation,B,Correct answer: a weekly chore schedule. The passage directly supports this answer; the other choices are not supported by the text.
8,Daily Life,Medium,Reasoning,"Saida and her brother follow a weekly schedule for household chores. Because each person knows exactly what to do, they argue less about whose turn it is.",Why has the schedule reduced arguments?,Each person knows their responsibility.,a result not supported by the passage,an unrelated explanation,the opposite conclusion,A,Correct answer: Each person knows their responsibility.. The passage directly supports this answer; the other choices are not supported by the text.
9,Daily Life,High,Detail,"Nargiza noticed that choosing clothes each morning took more time than she expected. She began selecting clothes the night before. The change saved only a few minutes each day, but after several weeks she felt less rushed and arrived on time more consistently.",What did Nargiza begin doing?,a claim the passage does not support,an unrelated interpretation,the opposite of the writer's point,choosing clothes the night before,D,Correct answer: choosing clothes the night before. The passage directly supports this answer; the other choices are not supported by the text.
10,Daily Life,High,Reasoning,"Nargiza noticed that choosing clothes each morning took more time than she expected. She began selecting clothes the night before. The change saved only a few minutes each day, but after several weeks she felt less rushed and arrived on time more consistently.",What is the main lesson of the passage?,an unrelated interpretation,the opposite of the writer's point,Small planning changes can improve a daily routine.,a claim the passage does not support,C,Correct answer: Small planning changes can improve a daily routine.. The passage directly supports this answer; the other choices are not supported by the text.
11,Daily Life,High,Detail,"Akmal's apartment elevator stopped working for two days, so he repeatedly climbed seven floors. Although he complained at first, he noticed that the stairs became easier by the second day. After the elevator was repaired, he decided to use the stairs once a day.",What did Akmal decide after the elevator was repaired?,the opposite of the writer's point,to use the stairs once a day,a claim the passage does not support,an unrelated interpretation,B,Correct answer: to use the stairs once a day. The passage directly supports this answer; the other choices are not supported by the text.
12,Daily Life,High,Reasoning,"Akmal's apartment elevator stopped working for two days, so he repeatedly climbed seven floors. Although he complained at first, he noticed that the stairs became easier by the second day. After the elevator was repaired, he decided to use the stairs once a day.",Why did he probably continue using the stairs?,He noticed that the activity became easier and useful.,a claim the passage does not support,an unrelated interpretation,the opposite of the writer's point,A,Correct answer: He noticed that the activity became easier and useful.. The passage directly supports this answer; the other choices are not supported by the text.
13,Education,Low,Detail,"An English teacher gives students five new words on Monday. On Friday, students use the words in short sentences so they can remember them in context.",How many new words do students receive?,a completely different activity,something not mentioned in the passage,the opposite of the passage,five,D,Correct answer: five. The passage directly supports this answer; the other choices are not supported by the text.
14,Education,Low,Reasoning,"An English teacher gives students five new words on Monday. On Friday, students use the words in short sentences so they can remember them in context.",Why do students use the words in sentences?,something not mentioned in the passage,the opposite of the passage,to remember the words in context,a completely different activity,C,Correct answer: to remember the words in context. The passage directly supports this answer; the other choices are not supported by the text.
15,Education,Low,Detail,Madina studies for twenty minutes and then takes a five-minute break. She repeats this cycle because short breaks help her stay focused.,How long does Madina study before a break?,the opposite of the passage,twenty minutes,a completely different activity,something not mentioned in the passage,B,Correct answer: twenty minutes. The passage directly supports this answer; the other choices are not supported by the text.
16,Education,Low,Reasoning,Madina studies for twenty minutes and then takes a five-minute break. She repeats this cycle because short breaks help her stay focused.,Why does she take short breaks?,to stay focused,a completely different activity,something not mentioned in the passage,the opposite of the passage,A,Correct answer: to stay focused. The passage directly supports this answer; the other choices are not supported by the text.
17,Education,Medium,Detail,"A teacher noticed that students could repeat science facts but struggled to explain why the facts mattered. She asked them to connect each fact to a real-world example, and class discussions became more detailed.",What new task did the teacher add?,a result not supported by the passage,an unrelated explanation,the opposite conclusion,connecting facts to real-world examples,D,Correct answer: connecting facts to real-world examples. The passage directly supports this answer; the other choices are not supported by the text.
18,Education,Medium,Reasoning,"A teacher noticed that students could repeat science facts but struggled to explain why the facts mattered. She asked them to connect each fact to a real-world example, and class discussions became more detailed.",What problem was the teacher trying to solve?,an unrelated explanation,the opposite conclusion,Students knew facts but did not understand their significance.,a result not supported by the passage,C,Correct answer: Students knew facts but did not understand their significance.. The passage directly supports this answer; the other choices are not supported by the text.
19,Education,Medium,Detail,Some students reread the same page many times before a test. Another method is to close the book and recall the main ideas from memory. This can reveal which information is truly understood and which parts still need review.,What alternative to rereading is described?,the opposite conclusion,recalling main ideas from memory,a result not supported by the passage,an unrelated explanation,B,Correct answer: recalling main ideas from memory. The passage directly supports this answer; the other choices are not supported by the text.
20,Education,Medium,Reasoning,Some students reread the same page many times before a test. Another method is to close the book and recall the main ideas from memory. This can reveal which information is truly understood and which parts still need review.,Why can recall practice be useful?,It reveals gaps in knowledge.,a result not supported by the passage,an unrelated explanation,the opposite conclusion,A,Correct answer: It reveals gaps in knowledge.. The passage directly supports this answer; the other choices are not supported by the text.
21,Education,High,Detail,"A school used to check homework only for completion, so some students copied answers. Teachers later selected two homework questions at random and asked students to explain their reasoning in class. Students became more careful because they knew they might need to justify an answer.",What did teachers begin asking students to do?,a claim the passage does not support,an unrelated interpretation,the opposite of the writer's point,explain their reasoning in class,D,Correct answer: explain their reasoning in class. The passage directly supports this answer; the other choices are not supported by the text.
22,Education,High,Reasoning,"A school used to check homework only for completion, so some students copied answers. Teachers later selected two homework questions at random and asked students to explain their reasoning in class. Students became more careful because they knew they might need to justify an answer.",Why did student effort improve?,an unrelated interpretation,the opposite of the writer's point,Students knew they might have to justify their answers.,a claim the passage does not support,C,Correct answer: Students knew they might have to justify their answers.. The passage directly supports this answer; the other choices are not supported by the text.
23,Education,High,Detail,"Two groups studied the same subject for a total of three hours. Group A studied for three hours on one day, while Group B studied for thirty minutes on six different days. One week later, Group B remembered more.",How was Group B's study time organised?,the opposite of the writer's point,thirty minutes on six different days,a claim the passage does not support,an unrelated interpretation,B,Correct answer: thirty minutes on six different days. The passage directly supports this answer; the other choices are not supported by the text.
24,Education,High,Reasoning,"Two groups studied the same subject for a total of three hours. Group A studied for three hours on one day, while Group B studied for thirty minutes on six different days. One week later, Group B remembered more.",What conclusion is best supported?,Distributed practice may support longer-term memory.,a claim the passage does not support,an unrelated interpretation,the opposite of the writer's point,A,Correct answer: Distributed practice may support longer-term memory.. The passage directly supports this answer; the other choices are not supported by the text.
25,Science & Technology,Low,Detail,A smartwatch can count steps and measure heart rate. Many users check it to see how active they are during the day.,What can the smartwatch measure besides steps?,a completely different activity,something not mentioned in the passage,the opposite of the passage,heart rate,D,Correct answer: heart rate. The passage directly supports this answer; the other choices are not supported by the text.
26,Science & Technology,Low,Reasoning,A smartwatch can count steps and measure heart rate. Many users check it to see how active they are during the day.,Why do many people check the smartwatch?,something not mentioned in the passage,the opposite of the passage,to see how active they are,a completely different activity,C,Correct answer: to see how active they are. The passage directly supports this answer; the other choices are not supported by the text.
27,Science & Technology,Low,Detail,Solar panels turn sunlight into electricity. Dust or heavy shade can reduce how much sunlight reaches the panels.,What do solar panels turn into electricity?,the opposite of the passage,sunlight,a completely different activity,something not mentioned in the passage,B,Correct answer: sunlight. The passage directly supports this answer; the other choices are not supported by the text.
28,Science & Technology,Low,Reasoning,Solar panels turn sunlight into electricity. Dust or heavy shade can reduce how much sunlight reaches the panels.,What can reduce panel performance?,dust or heavy shade,a completely different activity,something not mentioned in the passage,the opposite of the passage,A,Correct answer: dust or heavy shade. The passage directly supports this answer; the other choices are not supported by the text.
29,Science & Technology,Medium,Detail,"A school installed motion sensors in empty classrooms. If no movement is detected for a certain time, the lights switch off automatically. Electricity use fell without students changing their behavior.",What do the sensors do when no movement is detected?,a result not supported by the passage,an unrelated explanation,the opposite conclusion,switch off the lights,D,Correct answer: switch off the lights. The passage directly supports this answer; the other choices are not supported by the text.
30,Science & Technology,Medium,Reasoning,"A school installed motion sensors in empty classrooms. If no movement is detected for a certain time, the lights switch off automatically. Electricity use fell without students changing their behavior.",Why did electricity use fall?,an unrelated explanation,the opposite conclusion,Lights no longer stayed on unnecessarily in empty rooms.,a result not supported by the passage,C,Correct answer: Lights no longer stayed on unnecessarily in empty rooms.. The passage directly supports this answer; the other choices are not supported by the text.
31,Science & Technology,Medium,Detail,"Machine translation works well for many everyday sentences. However, humor, unusual expressions, and cultural references can still cause errors because meaning is not always literal.",Which kinds of language can still cause translation errors?,the opposite conclusion,"humor, unusual expressions, and cultural references",a result not supported by the passage,an unrelated explanation,B,"Correct answer: humor, unusual expressions, and cultural references. The passage directly supports this answer; the other choices are not supported by the text."
32,Science & Technology,Medium,Reasoning,"Machine translation works well for many everyday sentences. However, humor, unusual expressions, and cultural references can still cause errors because meaning is not always literal.",Why can these expressions be difficult?,Their meaning is not always literal.,a result not supported by the passage,an unrelated explanation,the opposite conclusion,A,Correct answer: Their meaning is not always literal.. The passage directly supports this answer; the other choices are not supported by the text.
33,Science & Technology,High,Detail,"An AI writing tool can produce fluent paragraphs very quickly. However, fluent language does not guarantee factual accuracy, especially on rare topics. Important claims should therefore be checked with reliable sources.",What should users do with important AI-generated claims?,a claim the passage does not support,an unrelated interpretation,the opposite of the writer's point,check them with reliable sources,D,Correct answer: check them with reliable sources. The passage directly supports this answer; the other choices are not supported by the text.
34,Science & Technology,High,Reasoning,"An AI writing tool can produce fluent paragraphs very quickly. However, fluent language does not guarantee factual accuracy, especially on rare topics. Important claims should therefore be checked with reliable sources.",What warning does the passage give?,an unrelated interpretation,the opposite of the writer's point,Fluent AI text can still contain inaccurate information.,a claim the passage does not support,C,Correct answer: Fluent AI text can still contain inaccurate information.. The passage directly supports this answer; the other choices are not supported by the text.
35,Science & Technology,High,Detail,"A city tested traffic lights that changed signal times using live traffic data. Waiting time fell during busy hours, but the system produced little improvement late at night because traffic was already light.",When did the system reduce waiting time most?,the opposite of the writer's point,during busy hours,a claim the passage does not support,an unrelated interpretation,B,Correct answer: during busy hours. The passage directly supports this answer; the other choices are not supported by the text.
36,Science & Technology,High,Reasoning,"A city tested traffic lights that changed signal times using live traffic data. Waiting time fell during busy hours, but the system produced little improvement late at night because traffic was already light.",Why was the effect smaller late at night?,There was already little traffic to reduce.,a claim the passage does not support,an unrelated interpretation,the opposite of the writer's point,A,Correct answer: There was already little traffic to reduce.. The passage directly supports this answer; the other choices are not supported by the text.
37,Environment,Low,Detail,Reusable water bottles can be filled many times. Using them can reduce the number of single-use plastic bottles thrown away.,What can be used many times?,a completely different activity,something not mentioned in the passage,the opposite of the passage,reusable water bottles,D,Correct answer: reusable water bottles. The passage directly supports this answer; the other choices are not supported by the text.
38,Environment,Low,Reasoning,Reusable water bottles can be filled many times. Using them can reduce the number of single-use plastic bottles thrown away.,Why can reusable bottles help the environment?,something not mentioned in the passage,the opposite of the passage,They reduce single-use plastic waste.,a completely different activity,C,Correct answer: They reduce single-use plastic waste.. The passage directly supports this answer; the other choices are not supported by the text.
39,Environment,Low,Detail,Some farmers collect rainwater in large tanks. They use the stored water on crops during dry periods.,Where do some farmers store rainwater?,the opposite of the passage,in large tanks,a completely different activity,something not mentioned in the passage,B,Correct answer: in large tanks. The passage directly supports this answer; the other choices are not supported by the text.
40,Environment,Low,Reasoning,Some farmers collect rainwater in large tanks. They use the stored water on crops during dry periods.,Why do farmers collect rainwater?,to use it during dry periods,a completely different activity,something not mentioned in the passage,the opposite of the passage,A,Correct answer: to use it during dry periods. The passage directly supports this answer; the other choices are not supported by the text.
41,Environment,Medium,Detail,"A supermarket began selling some vegetables without plastic packaging. Customers placed them directly into reusable bags, and the store used thousands fewer plastic wrappers over three months.",What packaging change did the supermarket make?,a result not supported by the passage,an unrelated explanation,the opposite conclusion,It sold some vegetables without plastic packaging.,D,Correct answer: It sold some vegetables without plastic packaging.. The passage directly supports this answer; the other choices are not supported by the text.
42,Environment,Medium,Reasoning,"A supermarket began selling some vegetables without plastic packaging. Customers placed them directly into reusable bags, and the store used thousands fewer plastic wrappers over three months.",What was the result of the change?,an unrelated explanation,the opposite conclusion,The store used far fewer plastic wrappers.,a result not supported by the passage,C,Correct answer: The store used far fewer plastic wrappers.. The passage directly supports this answer; the other choices are not supported by the text.
43,Environment,Medium,Detail,"A town advised residents to water gardens early in the morning or late in the evening. At midday, heat can cause more water to evaporate before it reaches plant roots.",When are residents advised to water gardens?,the opposite conclusion,early morning or late evening,a result not supported by the passage,an unrelated explanation,B,Correct answer: early morning or late evening. The passage directly supports this answer; the other choices are not supported by the text.
44,Environment,Medium,Reasoning,"A town advised residents to water gardens early in the morning or late in the evening. At midday, heat can cause more water to evaporate before it reaches plant roots.",Why is midday watering less efficient?,More water may evaporate before reaching the roots.,a result not supported by the passage,an unrelated explanation,the opposite conclusion,A,Correct answer: More water may evaporate before reaching the roots.. The passage directly supports this answer; the other choices are not supported by the text.
45,Environment,High,Detail,"An office replaced old lights with efficient LEDs. Lighting electricity use fell sharply, but total building energy use fell by a smaller amount because heating, cooling, and computers still used most of the power.",What equipment replaced the old lights?,a claim the passage does not support,an unrelated interpretation,the opposite of the writer's point,efficient LED lights,D,Correct answer: efficient LED lights. The passage directly supports this answer; the other choices are not supported by the text.
46,Environment,High,Reasoning,"An office replaced old lights with efficient LEDs. Lighting electricity use fell sharply, but total building energy use fell by a smaller amount because heating, cooling, and computers still used most of the power.",Why did total energy use fall less than lighting use?,an unrelated interpretation,the opposite of the writer's point,Other building systems still consumed large amounts of power.,a claim the passage does not support,C,Correct answer: Other building systems still consumed large amounts of power.. The passage directly supports this answer; the other choices are not supported by the text.
47,Environment,High,Detail,"A city lowered bus fares to reduce traffic. Passenger numbers increased, but congestion changed very little. Surveys showed that many new bus users had previously walked or cycled rather than driven.",What policy increased bus use?,the opposite of the writer's point,lower bus fares,a claim the passage does not support,an unrelated interpretation,B,Correct answer: lower bus fares. The passage directly supports this answer; the other choices are not supported by the text.
48,Environment,High,Reasoning,"A city lowered bus fares to reduce traffic. Passenger numbers increased, but congestion changed very little. Surveys showed that many new bus users had previously walked or cycled rather than driven.",Why did congestion change very little?,Many new bus passengers were not former car users.,a claim the passage does not support,an unrelated interpretation,the opposite of the writer's point,A,Correct answer: Many new bus passengers were not former car users.. The passage directly supports this answer; the other choices are not supported by the text.
49,Health & Lifestyle,Low,Detail,Walking for thirty minutes is a simple way to add movement to the day. Some people walk after dinner because it fits easily into their schedule.,How long is the walk described?,a completely different activity,something not mentioned in the passage,the opposite of the passage,thirty minutes,D,Correct answer: thirty minutes. The passage directly supports this answer; the other choices are not supported by the text.
50,Health & Lifestyle,Low,Reasoning,Walking for thirty minutes is a simple way to add movement to the day. Some people walk after dinner because it fits easily into their schedule.,Why do some people walk after dinner?,something not mentioned in the passage,the opposite of the passage,It fits easily into their schedule.,a completely different activity,C,Correct answer: It fits easily into their schedule.. The passage directly supports this answer; the other choices are not supported by the text.
51,Health & Lifestyle,Low,Detail,The body loses water through sweat during exercise. Drinking water helps replace some of the fluid that is lost.,How does the body lose water during exercise?,the opposite of the passage,through sweat,a completely different activity,something not mentioned in the passage,B,Correct answer: through sweat. The passage directly supports this answer; the other choices are not supported by the text.
52,Health & Lifestyle,Low,Reasoning,The body loses water through sweat during exercise. Drinking water helps replace some of the fluid that is lost.,Why is drinking water important during exercise?,It helps replace lost fluid.,a completely different activity,something not mentioned in the passage,the opposite of the passage,A,Correct answer: It helps replace lost fluid.. The passage directly supports this answer; the other choices are not supported by the text.
53,Health & Lifestyle,Medium,Detail,"A student began standing and stretching for two minutes after every forty minutes of study. The breaks did not reduce study time much, but she reported less stiffness in her shoulders.",How often did the student take a stretch break?,a result not supported by the passage,an unrelated explanation,the opposite conclusion,after every forty minutes of study,D,Correct answer: after every forty minutes of study. The passage directly supports this answer; the other choices are not supported by the text.
54,Health & Lifestyle,Medium,Reasoning,"A student began standing and stretching for two minutes after every forty minutes of study. The breaks did not reduce study time much, but she reported less stiffness in her shoulders.",What benefit did she report?,an unrelated explanation,the opposite conclusion,less shoulder stiffness,a result not supported by the passage,C,Correct answer: less shoulder stiffness. The passage directly supports this answer; the other choices are not supported by the text.
55,Health & Lifestyle,Medium,Detail,Some people set extremely ambitious exercise goals and stop after a few days. Trainers often recommend starting with a smaller routine that can be repeated consistently before increasing the challenge.,What do trainers often recommend at the beginning?,the opposite conclusion,a smaller repeatable routine,a result not supported by the passage,an unrelated explanation,B,Correct answer: a smaller repeatable routine. The passage directly supports this answer; the other choices are not supported by the text.
56,Health & Lifestyle,Medium,Reasoning,Some people set extremely ambitious exercise goals and stop after a few days. Trainers often recommend starting with a smaller routine that can be repeated consistently before increasing the challenge.,Why can a smaller starting goal be useful?,It is easier to maintain consistently.,a result not supported by the passage,an unrelated explanation,the opposite conclusion,A,Correct answer: It is easier to maintain consistently.. The passage directly supports this answer; the other choices are not supported by the text.
57,Health & Lifestyle,High,Detail,"A workplace offered employees free fruit in the afternoon. Fruit consumption increased, but researchers did not claim that overall health improved because they had not measured what employees ate at other times.",What increased after free fruit was offered?,a claim the passage does not support,an unrelated interpretation,the opposite of the writer's point,fruit consumption,D,Correct answer: fruit consumption. The passage directly supports this answer; the other choices are not supported by the text.
58,Health & Lifestyle,High,Reasoning,"A workplace offered employees free fruit in the afternoon. Fruit consumption increased, but researchers did not claim that overall health improved because they had not measured what employees ate at other times.",Why were researchers cautious about claiming better health?,an unrelated interpretation,the opposite of the writer's point,They lacked information about employees' overall diets.,a claim the passage does not support,C,Correct answer: They lacked information about employees' overall diets.. The passage directly supports this answer; the other choices are not supported by the text.
59,Health & Lifestyle,High,Detail,"A fitness app rewards users for reaching a daily step target. Some people walk more because of the target, while others become discouraged when they repeatedly miss it.",What does the app reward?,the opposite of the writer's point,reaching a daily step target,a claim the passage does not support,an unrelated interpretation,B,Correct answer: reaching a daily step target. The passage directly supports this answer; the other choices are not supported by the text.
60,Health & Lifestyle,High,Reasoning,"A fitness app rewards users for reaching a daily step target. Some people walk more because of the target, while others become discouraged when they repeatedly miss it.",What is the main point of the passage?,The same motivational tool can affect people differently.,a claim the passage does not support,an unrelated interpretation,the opposite of the writer's point,A,Correct answer: The same motivational tool can affect people differently.. The passage directly supports this answer; the other choices are not supported by the text.
61,Culture & Society,Low,Detail,"During Navruz, many families prepare special food and visit relatives or neighbors. The holiday is associated with the beginning of spring.",Which season is Navruz associated with?,a completely different activity,something not mentioned in the passage,the opposite of the passage,spring,D,Correct answer: spring. The passage directly supports this answer; the other choices are not supported by the text.
62,Culture & Society,Low,Reasoning,"During Navruz, many families prepare special food and visit relatives or neighbors. The holiday is associated with the beginning of spring.",What do many families do during Navruz?,something not mentioned in the passage,the opposite of the passage,prepare special food and visit people,a completely different activity,C,Correct answer: prepare special food and visit people. The passage directly supports this answer; the other choices are not supported by the text.
63,Culture & Society,Low,Detail,A local museum offers free entry to students every Wednesday. Students must show a school card at the entrance.,When do students receive free entry?,the opposite of the passage,every Wednesday,a completely different activity,something not mentioned in the passage,B,Correct answer: every Wednesday. The passage directly supports this answer; the other choices are not supported by the text.
64,Culture & Society,Low,Reasoning,A local museum offers free entry to students every Wednesday. Students must show a school card at the entrance.,What must students show?,a school card,a completely different activity,something not mentioned in the passage,the opposite of the passage,A,Correct answer: a school card. The passage directly supports this answer; the other choices are not supported by the text.
65,Culture & Society,Medium,Detail,A city library began displaying books in several languages spoken by local residents. Borrowing increased among families that had rarely used the library before.,What change did the library make?,a result not supported by the passage,an unrelated explanation,the opposite conclusion,It displayed books in several local languages.,D,Correct answer: It displayed books in several local languages.. The passage directly supports this answer; the other choices are not supported by the text.
66,Culture & Society,Medium,Reasoning,A city library began displaying books in several languages spoken by local residents. Borrowing increased among families that had rarely used the library before.,Why did borrowing probably increase?,an unrelated explanation,the opposite conclusion,The library became more accessible to different families.,a result not supported by the passage,C,Correct answer: The library became more accessible to different families.. The passage directly supports this answer; the other choices are not supported by the text.
67,Culture & Society,Medium,Detail,"An old market was renovated, but planners kept its traditional entrance and decorative patterns. They wanted the building to become safer without losing its historical character.",What features did planners keep?,the opposite conclusion,the traditional entrance and decorative patterns,a result not supported by the passage,an unrelated explanation,B,Correct answer: the traditional entrance and decorative patterns. The passage directly supports this answer; the other choices are not supported by the text.
68,Culture & Society,Medium,Reasoning,"An old market was renovated, but planners kept its traditional entrance and decorative patterns. They wanted the building to become safer without losing its historical character.",What balance were planners trying to achieve?,modern safety with historical identity,a result not supported by the passage,an unrelated explanation,the opposite conclusion,A,Correct answer: modern safety with historical identity. The passage directly supports this answer; the other choices are not supported by the text.
69,Culture & Society,High,Detail,"A neighborhood limited loud construction work in the early morning and late evening. Builders wanted more scheduling flexibility, while residents wanted predictable quiet hours.",What activity was limited?,a claim the passage does not support,an unrelated interpretation,the opposite of the writer's point,loud construction during early morning and late evening,D,Correct answer: loud construction during early morning and late evening. The passage directly supports this answer; the other choices are not supported by the text.
70,Culture & Society,High,Reasoning,"A neighborhood limited loud construction work in the early morning and late evening. Builders wanted more scheduling flexibility, while residents wanted predictable quiet hours.",What conflict does the passage describe?,an unrelated interpretation,the opposite of the writer's point,work flexibility versus residents' quality of life,a claim the passage does not support,C,Correct answer: work flexibility versus residents' quality of life. The passage directly supports this answer; the other choices are not supported by the text.
71,Culture & Society,High,Detail,"A city festival attracted many tourists and increased income for local businesses. At the same time, residents complained about crowded streets and rising short-term rental prices.",What benefit did the festival bring?,the opposite of the writer's point,more income for local businesses,a claim the passage does not support,an unrelated interpretation,B,Correct answer: more income for local businesses. The passage directly supports this answer; the other choices are not supported by the text.
72,Culture & Society,High,Reasoning,"A city festival attracted many tourists and increased income for local businesses. At the same time, residents complained about crowded streets and rising short-term rental prices.",What broader idea does the passage illustrate?,Tourism can create both benefits and local pressures.,a claim the passage does not support,an unrelated interpretation,the opposite of the writer's point,A,Correct answer: Tourism can create both benefits and local pressures.. The passage directly supports this answer; the other choices are not supported by the text.
73,Travel & Geography,Low,Detail,A train leaves Tashkent at 09:00 and arrives in Samarkand at 11:10. Passengers are advised to reach the station early.,When does the train arrive in Samarkand?,a completely different activity,something not mentioned in the passage,the opposite of the passage,11:10,D,Correct answer: 11:10. The passage directly supports this answer; the other choices are not supported by the text.
74,Travel & Geography,Low,Reasoning,A train leaves Tashkent at 09:00 and arrives in Samarkand at 11:10. Passengers are advised to reach the station early.,How long is the journey?,something not mentioned in the passage,the opposite of the passage,two hours and ten minutes,a completely different activity,C,Correct answer: two hours and ten minutes. The passage directly supports this answer; the other choices are not supported by the text.
75,Travel & Geography,Low,Detail,A mountain trail is open from May to October. Heavy winter snow can make the path unsafe.,When is the trail open?,the opposite of the passage,from May to October,a completely different activity,something not mentioned in the passage,B,Correct answer: from May to October. The passage directly supports this answer; the other choices are not supported by the text.
76,Travel & Geography,Low,Reasoning,A mountain trail is open from May to October. Heavy winter snow can make the path unsafe.,Why can the trail be unsafe in winter?,because of heavy snow,a completely different activity,something not mentioned in the passage,the opposite of the passage,A,Correct answer: because of heavy snow. The passage directly supports this answer; the other choices are not supported by the text.
77,Travel & Geography,Medium,Detail,"A family chose a hotel outside the city center because it was close to a metro station. Although major attractions were not within walking distance, the family reached them quickly by public transport.",Why did the family choose the hotel?,a result not supported by the passage,an unrelated explanation,the opposite conclusion,It was close to a metro station.,D,Correct answer: It was close to a metro station.. The passage directly supports this answer; the other choices are not supported by the text.
78,Travel & Geography,Medium,Reasoning,"A family chose a hotel outside the city center because it was close to a metro station. Although major attractions were not within walking distance, the family reached them quickly by public transport.",Why was the location still convenient?,an unrelated explanation,the opposite conclusion,Good public transport provided quick access to attractions.,a result not supported by the passage,C,Correct answer: Good public transport provided quick access to attractions.. The passage directly supports this answer; the other choices are not supported by the text.
79,Travel & Geography,Medium,Detail,A hiking guide recommends carrying an extra layer of clothing even on warm mornings because mountain temperatures can change quickly after sunset or when clouds arrive.,What does the guide recommend carrying?,the opposite conclusion,an extra layer of clothing,a result not supported by the passage,an unrelated explanation,B,Correct answer: an extra layer of clothing. The passage directly supports this answer; the other choices are not supported by the text.
80,Travel & Geography,Medium,Reasoning,A hiking guide recommends carrying an extra layer of clothing even on warm mornings because mountain temperatures can change quickly after sunset or when clouds arrive.,Why is the extra clothing useful?,Mountain temperatures can change quickly.,a result not supported by the passage,an unrelated explanation,the opposite conclusion,A,Correct answer: Mountain temperatures can change quickly.. The passage directly supports this answer; the other choices are not supported by the text.
81,Travel & Geography,High,Detail,A tourist destination became famous on social media and visitor numbers rose sharply. Authorities introduced timed entry tickets because narrow walking paths could not safely handle unlimited crowds.,What system did authorities introduce?,a claim the passage does not support,an unrelated interpretation,the opposite of the writer's point,timed entry tickets,D,Correct answer: timed entry tickets. The passage directly supports this answer; the other choices are not supported by the text.
82,Travel & Geography,High,Reasoning,A tourist destination became famous on social media and visitor numbers rose sharply. Authorities introduced timed entry tickets because narrow walking paths could not safely handle unlimited crowds.,Why were timed tickets introduced?,an unrelated interpretation,the opposite of the writer's point,to control unsafe crowding on narrow paths,a claim the passage does not support,C,Correct answer: to control unsafe crowding on narrow paths. The passage directly supports this answer; the other choices are not supported by the text.
83,Travel & Geography,High,Detail,"A desert city receives little annual rain, yet sudden storms can still cause flooding. Dry ground may absorb water slowly, causing rain to move rapidly toward low areas.",What weather event can cause flooding?,the opposite of the writer's point,sudden storms,a claim the passage does not support,an unrelated interpretation,B,Correct answer: sudden storms. The passage directly supports this answer; the other choices are not supported by the text.
84,Travel & Geography,High,Reasoning,"A desert city receives little annual rain, yet sudden storms can still cause flooding. Dry ground may absorb water slowly, causing rain to move rapidly toward low areas.",Why can flooding happen despite low annual rainfall?,Dry ground may absorb sudden rain slowly.,a claim the passage does not support,an unrelated interpretation,the opposite of the writer's point,A,Correct answer: Dry ground may absorb sudden rain slowly.. The passage directly supports this answer; the other choices are not supported by the text.
85,Business & Work,Low,Detail,A small café opens at 8:00 and closes at 20:00. Its busiest period is usually between 12:00 and 14:00.,When does the café close?,a completely different activity,something not mentioned in the passage,the opposite of the passage,20:00,D,Correct answer: 20:00. The passage directly supports this answer; the other choices are not supported by the text.
86,Business & Work,Low,Reasoning,A small café opens at 8:00 and closes at 20:00. Its busiest period is usually between 12:00 and 14:00.,When is the café usually busiest?,something not mentioned in the passage,the opposite of the passage,between 12:00 and 14:00,a completely different activity,C,Correct answer: between 12:00 and 14:00. The passage directly supports this answer; the other choices are not supported by the text.
87,Business & Work,Low,Detail,"A shop gives customers a receipt after every purchase. The receipt shows the items, prices, and total payment.",What document does the customer receive?,the opposite of the passage,a receipt,a completely different activity,something not mentioned in the passage,B,Correct answer: a receipt. The passage directly supports this answer; the other choices are not supported by the text.
88,Business & Work,Low,Reasoning,"A shop gives customers a receipt after every purchase. The receipt shows the items, prices, and total payment.",What information does the receipt show?,"items, prices, and total payment",a completely different activity,something not mentioned in the passage,the opposite of the passage,A,"Correct answer: items, prices, and total payment. The passage directly supports this answer; the other choices are not supported by the text."
89,Business & Work,Medium,Detail,A restaurant found that one dish was rarely ordered but required expensive ingredients that often went unused. The restaurant removed the dish from the menu.,What did the restaurant remove?,a result not supported by the passage,an unrelated explanation,the opposite conclusion,a rarely ordered dish,D,Correct answer: a rarely ordered dish. The passage directly supports this answer; the other choices are not supported by the text.
90,Business & Work,Medium,Reasoning,A restaurant found that one dish was rarely ordered but required expensive ingredients that often went unused. The restaurant removed the dish from the menu.,Why was the dish removed?,an unrelated explanation,the opposite conclusion,It created unnecessary cost and food waste.,a result not supported by the passage,C,Correct answer: It created unnecessary cost and food waste.. The passage directly supports this answer; the other choices are not supported by the text.
91,Business & Work,Medium,Detail,A sales team tracked not only the number of calls employees made but also how many calls led to useful follow-up meetings. Managers wanted to measure effectiveness rather than activity alone.,What additional result did the team track?,the opposite conclusion,how many calls led to follow-up meetings,a result not supported by the passage,an unrelated explanation,B,Correct answer: how many calls led to follow-up meetings. The passage directly supports this answer; the other choices are not supported by the text.
92,Business & Work,Medium,Reasoning,A sales team tracked not only the number of calls employees made but also how many calls led to useful follow-up meetings. Managers wanted to measure effectiveness rather than activity alone.,What were managers trying to measure?,the effectiveness of sales calls,a result not supported by the passage,an unrelated explanation,the opposite conclusion,A,Correct answer: the effectiveness of sales calls. The passage directly supports this answer; the other choices are not supported by the text.
93,Business & Work,High,Detail,"A startup doubled website traffic by increasing advertising, but paid subscriptions barely changed. The founders realised they needed to improve what happened after visitors reached the site.",What increased after more advertising?,a claim the passage does not support,an unrelated interpretation,the opposite of the writer's point,website traffic,D,Correct answer: website traffic. The passage directly supports this answer; the other choices are not supported by the text.
94,Business & Work,High,Reasoning,"A startup doubled website traffic by increasing advertising, but paid subscriptions barely changed. The founders realised they needed to improve what happened after visitors reached the site.",What problem did the founders identify?,an unrelated interpretation,the opposite of the writer's point,weak conversion from visitors to paid subscribers,a claim the passage does not support,C,Correct answer: weak conversion from visitors to paid subscribers. The passage directly supports this answer; the other choices are not supported by the text.
95,Business & Work,High,Detail,"A factory added inspection at the end of production and caught more defects. Managers later realised that inspection found errors after they happened but did not prevent them, so they began studying where defects originated.",What did the final inspection catch?,the opposite of the writer's point,product defects,a claim the passage does not support,an unrelated interpretation,B,Correct answer: product defects. The passage directly supports this answer; the other choices are not supported by the text.
96,Business & Work,High,Reasoning,"A factory added inspection at the end of production and caught more defects. Managers later realised that inspection found errors after they happened but did not prevent them, so they began studying where defects originated.",Why did managers start analysing the production process?,"They wanted to prevent defects, not only detect them.",a claim the passage does not support,an unrelated interpretation,the opposite of the writer's point,A,"Correct answer: They wanted to prevent defects, not only detect them.. The passage directly supports this answer; the other choices are not supported by the text."
97,History & Innovation,Low,Detail,The printing press made it possible to produce books faster than copying them by hand. Written information could therefore reach more people.,What became faster with the printing press?,a completely different activity,something not mentioned in the passage,the opposite of the passage,book production,D,Correct answer: book production. The passage directly supports this answer; the other choices are not supported by the text.
98,History & Innovation,Low,Reasoning,The printing press made it possible to produce books faster than copying them by hand. Written information could therefore reach more people.,What was one result of faster book production?,something not mentioned in the passage,the opposite of the passage,Written information could reach more people.,a completely different activity,C,Correct answer: Written information could reach more people.. The passage directly supports this answer; the other choices are not supported by the text.
99,History & Innovation,Low,Detail,"Before electric refrigerators became common, people used ice boxes, drying, or salting to keep food for longer.",What were these older methods used for?,the opposite of the passage,preserving food,a completely different activity,something not mentioned in the passage,B,Correct answer: preserving food. The passage directly supports this answer; the other choices are not supported by the text.
100,History & Innovation,Low,Reasoning,"Before electric refrigerators became common, people used ice boxes, drying, or salting to keep food for longer.",Why were such methods necessary?,People needed ways to keep food before modern refrigerators.,a completely different activity,something not mentioned in the passage,the opposite of the passage,A,Correct answer: People needed ways to keep food before modern refrigerators.. The passage directly supports this answer; the other choices are not supported by the text.
101,History & Innovation,Medium,Detail,"As railways expanded, towns needed more consistent systems for keeping time. Train schedules encouraged standardized time because local time could previously differ from place to place.",What encouraged standardized time?,a result not supported by the passage,an unrelated explanation,the opposite conclusion,train schedules,D,Correct answer: train schedules. The passage directly supports this answer; the other choices are not supported by the text.
102,History & Innovation,Medium,Reasoning,"As railways expanded, towns needed more consistent systems for keeping time. Train schedules encouraged standardized time because local time could previously differ from place to place.",Why did railways need more consistent timekeeping?,an unrelated explanation,the opposite conclusion,Trains had to coordinate schedules across different places.,a result not supported by the passage,C,Correct answer: Trains had to coordinate schedules across different places.. The passage directly supports this answer; the other choices are not supported by the text.
103,History & Innovation,Medium,Detail,The telegraph allowed messages to travel much faster than physical letters. Businesses and newspapers could receive information across long distances in minutes instead of days.,What communication technology is described?,the opposite conclusion,the telegraph,a result not supported by the passage,an unrelated explanation,B,Correct answer: the telegraph. The passage directly supports this answer; the other choices are not supported by the text.
104,History & Innovation,Medium,Reasoning,The telegraph allowed messages to travel much faster than physical letters. Businesses and newspapers could receive information across long distances in minutes instead of days.,What was its main advantage?,much faster long-distance communication,a result not supported by the passage,an unrelated explanation,the opposite conclusion,A,Correct answer: much faster long-distance communication. The passage directly supports this answer; the other choices are not supported by the text.
105,History & Innovation,High,Detail,"Electric lighting did more than replace candles. It changed the hours during which factories, shops, and public spaces could operate, showing that one technology can affect social patterns beyond its direct function.",What technology is discussed?,a claim the passage does not support,an unrelated interpretation,the opposite of the writer's point,electric lighting,D,Correct answer: electric lighting. The passage directly supports this answer; the other choices are not supported by the text.
106,History & Innovation,High,Reasoning,"Electric lighting did more than replace candles. It changed the hours during which factories, shops, and public spaces could operate, showing that one technology can affect social patterns beyond its direct function.",What broader point does the passage make?,an unrelated interpretation,the opposite of the writer's point,Technology can change social behavior as well as solve a technical problem.,a claim the passage does not support,C,Correct answer: Technology can change social behavior as well as solve a technical problem.. The passage directly supports this answer; the other choices are not supported by the text.
107,History & Innovation,High,Detail,"An invention may work technically but fail commercially if it is too expensive, difficult to use, or introduced before supporting infrastructure exists. Innovation therefore depends on more than engineering alone.",What can cause a technically successful invention to fail commercially?,the opposite of the writer's point,"high cost, poor usability, or missing infrastructure",a claim the passage does not support,an unrelated interpretation,B,"Correct answer: high cost, poor usability, or missing infrastructure. The passage directly supports this answer; the other choices are not supported by the text."
108,History & Innovation,High,Reasoning,"An invention may work technically but fail commercially if it is too expensive, difficult to use, or introduced before supporting infrastructure exists. Innovation therefore depends on more than engineering alone.",What is the central idea?,Technical success alone does not guarantee market success.,a claim the passage does not support,an unrelated interpretation,the opposite of the writer's point,A,Correct answer: Technical success alone does not guarantee market success.. The passage directly supports this answer; the other choices are not supported by the text.
109,Media & Communication,Low,Detail,A news headline gives a short summary of an article. Readers should still read the full article before forming a strong opinion.,What does a headline provide?,a completely different activity,something not mentioned in the passage,the opposite of the passage,a short summary,D,Correct answer: a short summary. The passage directly supports this answer; the other choices are not supported by the text.
110,Media & Communication,Low,Reasoning,A news headline gives a short summary of an article. Readers should still read the full article before forming a strong opinion.,Why should readers open the full article?,something not mentioned in the passage,the opposite of the passage,A headline may not include all important details.,a completely different activity,C,Correct answer: A headline may not include all important details.. The passage directly supports this answer; the other choices are not supported by the text.
111,Media & Communication,Low,Detail,A student receives an email from an unknown sender asking for a password. The school warns students never to share passwords by email.,What does the unknown sender ask for?,the opposite of the passage,a password,a completely different activity,something not mentioned in the passage,B,Correct answer: a password. The passage directly supports this answer; the other choices are not supported by the text.
112,Media & Communication,Low,Reasoning,A student receives an email from an unknown sender asking for a password. The school warns students never to share passwords by email.,What should the student do?,avoid sharing the password,a completely different activity,something not mentioned in the passage,the opposite of the passage,A,Correct answer: avoid sharing the password. The passage directly supports this answer; the other choices are not supported by the text.
113,Media & Communication,Medium,Detail,"A student sees the same claim on several websites and assumes it must be true. Later, she discovers that all the sites copied one original source that provided no evidence.",What did the websites have in common?,a result not supported by the passage,an unrelated explanation,the opposite conclusion,They copied the same original source.,D,Correct answer: They copied the same original source.. The passage directly supports this answer; the other choices are not supported by the text.
114,Media & Communication,Medium,Reasoning,"A student sees the same claim on several websites and assumes it must be true. Later, she discovers that all the sites copied one original source that provided no evidence.",Why was the number of websites misleading?,an unrelated explanation,the opposite conclusion,They were not independent sources.,a result not supported by the passage,C,Correct answer: They were not independent sources.. The passage directly supports this answer; the other choices are not supported by the text.
115,Media & Communication,Medium,Detail,Online messages can be difficult to interpret because facial expression and voice are missing. A short message may sound rude even when the sender did not intend it that way.,What is missing from many online messages?,the opposite conclusion,facial expression and voice,a result not supported by the passage,an unrelated explanation,B,Correct answer: facial expression and voice. The passage directly supports this answer; the other choices are not supported by the text.
116,Media & Communication,Medium,Reasoning,Online messages can be difficult to interpret because facial expression and voice are missing. A short message may sound rude even when the sender did not intend it that way.,Why can a short message be misunderstood?,It lacks nonverbal clues about tone.,a result not supported by the passage,an unrelated explanation,the opposite conclusion,A,Correct answer: It lacks nonverbal clues about tone.. The passage directly supports this answer; the other choices are not supported by the text.
117,Media & Communication,High,Detail,"An online platform recommends content based on what users previously watched. This is convenient, but very narrow recommendations may reduce exposure to unfamiliar viewpoints.",What are recommendations based on?,a claim the passage does not support,an unrelated interpretation,the opposite of the writer's point,what users previously watched,D,Correct answer: what users previously watched. The passage directly supports this answer; the other choices are not supported by the text.
118,Media & Communication,High,Reasoning,"An online platform recommends content based on what users previously watched. This is convenient, but very narrow recommendations may reduce exposure to unfamiliar viewpoints.",What trade-off is described?,an unrelated interpretation,the opposite of the writer's point,personalised convenience versus exposure to varied viewpoints,a claim the passage does not support,C,Correct answer: personalised convenience versus exposure to varied viewpoints. The passage directly supports this answer; the other choices are not supported by the text.
119,Media & Communication,High,Detail,"A chart can use a vertical axis that begins far above zero, making a small difference look dramatic. The numbers may be correct even though the visual presentation creates a distorted impression.",What design feature can exaggerate a difference?,the opposite of the writer's point,a vertical axis that starts far above zero,a claim the passage does not support,an unrelated interpretation,B,Correct answer: a vertical axis that starts far above zero. The passage directly supports this answer; the other choices are not supported by the text.
120,Media & Communication,High,Reasoning,"A chart can use a vertical axis that begins far above zero, making a small difference look dramatic. The numbers may be correct even though the visual presentation creates a distorted impression.",What warning does the passage give?,Correct numbers can still be presented in a misleading way.,a claim the passage does not support,an unrelated interpretation,the opposite of the writer's point,A,Correct answer: Correct numbers can still be presented in a misleading way.. The passage directly supports this answer; the other choices are not supported by the text.
121,Daily Life,Low,Detail,"A student decided to set a morning alarm. The main purpose was to reduce unnecessary stress. After a short period, morning stress decreased. The change was simple and easy to observe.",What was the main purpose of the action described in the passage?,Arrive on time.,Save time in the morning.,Finish daily tasks more reliably.,Reduce unnecessary stress.,D,The passage directly says the purpose was to reduce unnecessary stress.
122,Daily Life,Low,Detail,"A family decided to limit phone use. The main purpose was to finish daily tasks more reliably. After a short period, the person felt more organized. The change was simple and easy to observe.",What was the main purpose of the action described in the passage?,Build a consistent routine.,Avoid forgetting important items.,Finish daily tasks more reliably.,Reduce unnecessary stress.,C,The passage directly says the purpose was to finish daily tasks more reliably.
123,Daily Life,Low,Detail,"A teenager decided to use a weekly schedule. The main purpose was to reduce unnecessary stress. After a short period, more tasks were completed. The change was simple and easy to observe.",What was the main purpose of the action described in the passage?,Arrive on time.,Reduce unnecessary stress.,Save time in the morning.,Finish daily tasks more reliably.,B,The passage directly says the purpose was to reduce unnecessary stress.
124,Daily Life,Low,Detail,"A shop worker decided to set a morning alarm. The main purpose was to finish daily tasks more reliably. After a short period, morning stress decreased. The change was simple and easy to observe.",What was the main purpose of the action described in the passage?,Finish daily tasks more reliably.,Build a consistent routine.,Avoid forgetting important items.,Reduce unnecessary stress.,A,The passage directly says the purpose was to finish daily tasks more reliably.
125,Daily Life,Low,Detail,"A university student decided to limit phone use. The main purpose was to reduce unnecessary stress. After a short period, the person felt more organized. The change was simple and easy to observe.",What was the main purpose of the action described in the passage?,Finish daily tasks more reliably.,Arrive on time.,Save time in the morning.,Reduce unnecessary stress.,D,The passage directly says the purpose was to reduce unnecessary stress.
126,Daily Life,Low,Detail,"A commuter decided to use a weekly schedule. The main purpose was to finish daily tasks more reliably. After a short period, more tasks were completed. The change was simple and easy to observe.",What was the main purpose of the action described in the passage?,Reduce unnecessary stress.,Build a consistent routine.,Finish daily tasks more reliably.,Avoid forgetting important items.,C,The passage directly says the purpose was to finish daily tasks more reliably.
127,Daily Life,Low,Detail,"A student decided to set a morning alarm. The main purpose was to reduce unnecessary stress. After a short period, morning stress decreased. The change was simple and easy to observe.",What was the main purpose of the action described in the passage?,Finish daily tasks more reliably.,Reduce unnecessary stress.,Arrive on time.,Save time in the morning.,B,The passage directly says the purpose was to reduce unnecessary stress.
128,Daily Life,Low,Detail,"A family decided to limit phone use. The main purpose was to finish daily tasks more reliably. After a short period, the person felt more organized. The change was simple and easy to observe.",What was the main purpose of the action described in the passage?,Finish daily tasks more reliably.,Reduce unnecessary stress.,Build a consistent routine.,Avoid forgetting important items.,A,The passage directly says the purpose was to finish daily tasks more reliably.
129,Daily Life,Low,Detail,"A teenager decided to use a weekly schedule. The main purpose was to reduce unnecessary stress. After a short period, more tasks were completed. The change was simple and easy to observe.",What was the main purpose of the action described in the passage?,Save time in the morning.,Finish daily tasks more reliably.,Arrive on time.,Reduce unnecessary stress.,D,The passage directly says the purpose was to reduce unnecessary stress.
130,Daily Life,Low,Detail,"A shop worker decided to set a morning alarm. The main purpose was to finish daily tasks more reliably. After a short period, morning stress decreased. The change was simple and easy to observe.",What was the main purpose of the action described in the passage?,Avoid forgetting important items.,Reduce unnecessary stress.,Finish daily tasks more reliably.,Build a consistent routine.,C,The passage directly says the purpose was to finish daily tasks more reliably.
131,Daily Life,Low,Detail,"A university student decided to limit phone use. The main purpose was to reduce unnecessary stress. After a short period, the person felt more organized. The change was simple and easy to observe.",What was the main purpose of the action described in the passage?,Save time in the morning.,Reduce unnecessary stress.,Finish daily tasks more reliably.,Arrive on time.,B,The passage directly says the purpose was to reduce unnecessary stress.
132,Daily Life,Medium,Inference,"A student introduced a change: set a morning alarm. The goal was to reduce unnecessary stress. After several weeks, morning stress decreased. However, weekends were still less organized. The evidence suggests that the approach helped, although it was not a complete solution.",Which conclusion is best supported by the passage?,"The change helped to reduce unnecessary stress, but it had limitations.",The change solved every problem immediately.,The change had no measurable effect.,The original problem became worse only because more people participated.,A,The passage gives a positive result but also notes that weekends were still less organized.
133,Daily Life,Medium,Inference,"A family introduced a change: limit phone use. The goal was to finish daily tasks more reliably. After several weeks, the person felt more organized. However, the routine required consistency. The evidence suggests that the approach helped, although it was not a complete solution.",Which conclusion is best supported by the passage?,The change solved every problem immediately.,The change had no measurable effect.,The original problem became worse only because more people participated.,"The change helped to finish daily tasks more reliably, but it had limitations.",D,The passage gives a positive result but also notes that the routine required consistency.
134,Daily Life,Medium,Inference,"A teenager introduced a change: use a weekly schedule. The goal was to reduce unnecessary stress. After several weeks, more tasks were completed. However, the change saved only a few minutes. The evidence suggests that the approach helped, although it was not a complete solution.",Which conclusion is best supported by the passage?,The change had no measurable effect.,The original problem became worse only because more people participated.,"The change helped to reduce unnecessary stress, but it had limitations.",The change solved every problem immediately.,C,The passage gives a positive result but also notes that the change saved only a few minutes.
135,Daily Life,Medium,Inference,"A shop worker introduced a change: set a morning alarm. The goal was to finish daily tasks more reliably. After several weeks, morning stress decreased. However, the benefit appeared gradually. The evidence suggests that the approach helped, although it was not a complete solution.",Which conclusion is best supported by the passage?,The original problem became worse only because more people participated.,"The change helped to finish daily tasks more reliably, but it had limitations.",The change solved every problem immediately.,The change had no measurable effect.,B,The passage gives a positive result but also notes that the benefit appeared gradually.
136,Daily Life,Medium,Inference,"A university student introduced a change: limit phone use. The goal was to reduce unnecessary stress. After several weeks, the person felt more organized. However, the method did not solve every problem. The evidence suggests that the approach helped, although it was not a complete solution.",Which conclusion is best supported by the passage?,"The change helped to reduce unnecessary stress, but it had limitations.",The change solved every problem immediately.,The change had no measurable effect.,The original problem became worse only because more people participated.,A,The passage gives a positive result but also notes that the method did not solve every problem.
137,Daily Life,Medium,Inference,"A commuter introduced a change: use a weekly schedule. The goal was to finish daily tasks more reliably. After several weeks, more tasks were completed. However, unexpected events still caused delays. The evidence suggests that the approach helped, although it was not a complete solution.",Which conclusion is best supported by the passage?,The change solved every problem immediately.,The change had no measurable effect.,The original problem became worse only because more people participated.,"The change helped to finish daily tasks more reliably, but it had limitations.",D,The passage gives a positive result but also notes that unexpected events still caused delays.
138,Daily Life,Medium,Inference,"A student introduced a change: set a morning alarm. The goal was to reduce unnecessary stress. After several weeks, morning stress decreased. However, weekends were still less organized. The evidence suggests that the approach helped, although it was not a complete solution.",Which conclusion is best supported by the passage?,The change had no measurable effect.,The original problem became worse only because more people participated.,"The change helped to reduce unnecessary stress, but it had limitations.",The change solved every problem immediately.,C,The passage gives a positive result but also notes that weekends were still less organized.
139,Daily Life,Medium,Inference,"A family introduced a change: limit phone use. The goal was to finish daily tasks more reliably. After several weeks, the person felt more organized. However, the routine required consistency. The evidence suggests that the approach helped, although it was not a complete solution.",Which conclusion is best supported by the passage?,The original problem became worse only because more people participated.,"The change helped to finish daily tasks more reliably, but it had limitations.",The change solved every problem immediately.,The change had no measurable effect.,B,The passage gives a positive result but also notes that the routine required consistency.
140,Daily Life,Medium,Inference,"A teenager introduced a change: use a weekly schedule. The goal was to reduce unnecessary stress. After several weeks, more tasks were completed. However, the change saved only a few minutes. The evidence suggests that the approach helped, although it was not a complete solution.",Which conclusion is best supported by the passage?,"The change helped to reduce unnecessary stress, but it had limitations.",The change solved every problem immediately.,The change had no measurable effect.,The original problem became worse only because more people participated.,A,The passage gives a positive result but also notes that the change saved only a few minutes.
141,Daily Life,Medium,Inference,"A shop worker introduced a change: set a morning alarm. The goal was to finish daily tasks more reliably. After several weeks, morning stress decreased. However, the benefit appeared gradually. The evidence suggests that the approach helped, although it was not a complete solution.",Which conclusion is best supported by the passage?,The change solved every problem immediately.,The change had no measurable effect.,The original problem became worse only because more people participated.,"The change helped to finish daily tasks more reliably, but it had limitations.",D,The passage gives a positive result but also notes that the benefit appeared gradually.
142,Daily Life,Medium,Inference,"A university student introduced a change: limit phone use. The goal was to reduce unnecessary stress. After several weeks, the person felt more organized. However, the method did not solve every problem. The evidence suggests that the approach helped, although it was not a complete solution.",Which conclusion is best supported by the passage?,The change had no measurable effect.,The original problem became worse only because more people participated.,"The change helped to reduce unnecessary stress, but it had limitations.",The change solved every problem immediately.,C,The passage gives a positive result but also notes that the method did not solve every problem.
143,Daily Life,Medium,Inference,"A commuter introduced a change: use a weekly schedule. The goal was to finish daily tasks more reliably. After several weeks, more tasks were completed. However, unexpected events still caused delays. The evidence suggests that the approach helped, although it was not a complete solution.",Which conclusion is best supported by the passage?,The original problem became worse only because more people participated.,"The change helped to finish daily tasks more reliably, but it had limitations.",The change solved every problem immediately.,The change had no measurable effect.,B,The passage gives a positive result but also notes that unexpected events still caused delays.
144,Daily Life,Medium,Inference,"A student introduced a change: set a morning alarm. The goal was to reduce unnecessary stress. After several weeks, morning stress decreased. However, weekends were still less organized. The evidence suggests that the approach helped, although it was not a complete solution.",Which conclusion is best supported by the passage?,"The change helped to reduce unnecessary stress, but it had limitations.",The change solved every problem immediately.,The change had no measurable effect.,The original problem became worse only because more people participated.,A,The passage gives a positive result but also notes that weekends were still less organized.
145,Daily Life,Medium,Inference,"A family introduced a change: limit phone use. The goal was to finish daily tasks more reliably. After several weeks, the person felt more organized. However, the routine required consistency. The evidence suggests that the approach helped, although it was not a complete solution.",Which conclusion is best supported by the passage?,The change solved every problem immediately.,The change had no measurable effect.,The original problem became worse only because more people participated.,"The change helped to finish daily tasks more reliably, but it had limitations.",D,The passage gives a positive result but also notes that the routine required consistency.
146,Daily Life,Medium,Inference,"A teenager introduced a change: use a weekly schedule. The goal was to reduce unnecessary stress. After several weeks, more tasks were completed. However, the change saved only a few minutes. The evidence suggests that the approach helped, although it was not a complete solution.",Which conclusion is best supported by the passage?,The change had no measurable effect.,The original problem became worse only because more people participated.,"The change helped to reduce unnecessary stress, but it had limitations.",The change solved every problem immediately.,C,The passage gives a positive result but also notes that the change saved only a few minutes.
147,Daily Life,Medium,Inference,"A shop worker introduced a change: set a morning alarm. The goal was to finish daily tasks more reliably. After several weeks, morning stress decreased. However, the benefit appeared gradually. The evidence suggests that the approach helped, although it was not a complete solution.",Which conclusion is best supported by the passage?,The original problem became worse only because more people participated.,"The change helped to finish daily tasks more reliably, but it had limitations.",The change solved every problem immediately.,The change had no measurable effect.,B,The passage gives a positive result but also notes that the benefit appeared gradually.
148,Daily Life,High,Critical Reading,"A student evaluated whether to set a morning alarm. Supporters argued that it could reduce unnecessary stress, and early evidence showed that morning stress decreased. Critics pointed out that weekends were still less organized. The passage suggests that the value of the change depends on context, implementation, and how results are measured.",What is the writer's main argument?,The change should be judged by considering both its benefits and its limitations.,The change should always be rejected because it has limitations.,Early positive evidence proves the change will work in every situation.,The topic cannot be evaluated using evidence or measurable outcomes.,A,The passage presents both advantages and limitations and recommends balanced evaluation.
149,Daily Life,High,Critical Reading,"A family evaluated whether to limit phone use. Supporters argued that it could finish daily tasks more reliably, and early evidence showed that the person felt more organized. Critics pointed out that the routine required consistency. The passage suggests that the value of the change depends on context, implementation, and how results are measured.",What is the writer's main argument?,The change should always be rejected because it has limitations.,Early positive evidence proves the change will work in every situation.,The topic cannot be evaluated using evidence or measurable outcomes.,The change should be judged by considering both its benefits and its limitations.,D,The passage presents both advantages and limitations and recommends balanced evaluation.
150,Daily Life,High,Critical Reading,"A teenager evaluated whether to use a weekly schedule. Supporters argued that it could reduce unnecessary stress, and early evidence showed that more tasks were completed. Critics pointed out that the change saved only a few minutes. The passage suggests that the value of the change depends on context, implementation, and how results are measured.",What is the writer's main argument?,Early positive evidence proves the change will work in every situation.,The topic cannot be evaluated using evidence or measurable outcomes.,The change should be judged by considering both its benefits and its limitations.,The change should always be rejected because it has limitations.,C,The passage presents both advantages and limitations and recommends balanced evaluation.
151,Daily Life,High,Critical Reading,"A shop worker evaluated whether to set a morning alarm. Supporters argued that it could finish daily tasks more reliably, and early evidence showed that morning stress decreased. Critics pointed out that the benefit appeared gradually. The passage suggests that the value of the change depends on context, implementation, and how results are measured.",What is the writer's main argument?,The topic cannot be evaluated using evidence or measurable outcomes.,The change should be judged by considering both its benefits and its limitations.,The change should always be rejected because it has limitations.,Early positive evidence proves the change will work in every situation.,B,The passage presents both advantages and limitations and recommends balanced evaluation.
152,Daily Life,High,Critical Reading,"A university student evaluated whether to limit phone use. Supporters argued that it could reduce unnecessary stress, and early evidence showed that the person felt more organized. Critics pointed out that the method did not solve every problem. The passage suggests that the value of the change depends on context, implementation, and how results are measured.",What is the writer's main argument?,The change should be judged by considering both its benefits and its limitations.,The change should always be rejected because it has limitations.,Early positive evidence proves the change will work in every situation.,The topic cannot be evaluated using evidence or measurable outcomes.,A,The passage presents both advantages and limitations and recommends balanced evaluation.
153,Daily Life,High,Critical Reading,"A commuter evaluated whether to use a weekly schedule. Supporters argued that it could finish daily tasks more reliably, and early evidence showed that more tasks were completed. Critics pointed out that unexpected events still caused delays. The passage suggests that the value of the change depends on context, implementation, and how results are measured.",What is the writer's main argument?,The change should always be rejected because it has limitations.,Early positive evidence proves the change will work in every situation.,The topic cannot be evaluated using evidence or measurable outcomes.,The change should be judged by considering both its benefits and its limitations.,D,The passage presents both advantages and limitations and recommends balanced evaluation.
154,Daily Life,High,Critical Reading,"A student evaluated whether to set a morning alarm. Supporters argued that it could reduce unnecessary stress, and early evidence showed that morning stress decreased. Critics pointed out that weekends were still less organized. The passage suggests that the value of the change depends on context, implementation, and how results are measured.",What is the writer's main argument?,Early positive evidence proves the change will work in every situation.,The topic cannot be evaluated using evidence or measurable outcomes.,The change should be judged by considering both its benefits and its limitations.,The change should always be rejected because it has limitations.,C,The passage presents both advantages and limitations and recommends balanced evaluation.
155,Daily Life,High,Critical Reading,"A family evaluated whether to limit phone use. Supporters argued that it could finish daily tasks more reliably, and early evidence showed that the person felt more organized. Critics pointed out that the routine required consistency. The passage suggests that the value of the change depends on context, implementation, and how results are measured.",What is the writer's main argument?,The topic cannot be evaluated using evidence or measurable outcomes.,The change should be judged by considering both its benefits and its limitations.,The change should always be rejected because it has limitations.,Early positive evidence proves the change will work in every situation.,B,The passage presents both advantages and limitations and recommends balanced evaluation.
156,Daily Life,High,Critical Reading,"A teenager evaluated whether to use a weekly schedule. Supporters argued that it could reduce unnecessary stress, and early evidence showed that more tasks were completed. Critics pointed out that the change saved only a few minutes. The passage suggests that the value of the change depends on context, implementation, and how results are measured.",What is the writer's main argument?,The change should be judged by considering both its benefits and its limitations.,The change should always be rejected because it has limitations.,Early positive evidence proves the change will work in every situation.,The topic cannot be evaluated using evidence or measurable outcomes.,A,The passage presents both advantages and limitations and recommends balanced evaluation.
157,Daily Life,High,Critical Reading,"A shop worker evaluated whether to set a morning alarm. Supporters argued that it could finish daily tasks more reliably, and early evidence showed that morning stress decreased. Critics pointed out that the benefit appeared gradually. The passage suggests that the value of the change depends on context, implementation, and how results are measured.",What is the writer's main argument?,The change should always be rejected because it has limitations.,Early positive evidence proves the change will work in every situation.,The topic cannot be evaluated using evidence or measurable outcomes.,The change should be judged by considering both its benefits and its limitations.,D,The passage presents both advantages and limitations and recommends balanced evaluation.
158,Daily Life,High,Critical Reading,"A university student evaluated whether to limit phone use. Supporters argued that it could reduce unnecessary stress, and early evidence showed that the person felt more organized. Critics pointed out that the method did not solve every problem. The passage suggests that the value of the change depends on context, implementation, and how results are measured.",What is the writer's main argument?,Early positive evidence proves the change will work in every situation.,The topic cannot be evaluated using evidence or measurable outcomes.,The change should be judged by considering both its benefits and its limitations.,The change should always be rejected because it has limitations.,C,The passage presents both advantages and limitations and recommends balanced evaluation.
159,Education,Low,Detail,"An english teacher decided to review mistakes after tests. The main purpose was to connect theory with practice. After a short period, students gave more detailed answers. The change was simple and easy to observe.",What was the main purpose of the action described in the passage?,Explain ideas more clearly.,Connect theory with practice.,Understand mistakes.,Identify weak areas.,B,The passage directly says the purpose was to connect theory with practice.
160,Education,Low,Detail,"A science teacher decided to use short daily quizzes. The main purpose was to explain ideas more clearly. After a short period, students remembered more after one week. The change was simple and easy to observe.",What was the main purpose of the action described in the passage?,Explain ideas more clearly.,Connect theory with practice.,Remember vocabulary longer.,Improve long-term memory.,A,The passage directly says the purpose was to explain ideas more clearly.
161,Education,Low,Detail,"A study group decided to write example sentences. The main purpose was to connect theory with practice. After a short period, knowledge gaps became easier to see. The change was simple and easy to observe.",What was the main purpose of the action described in the passage?,Identify weak areas.,Explain ideas more clearly.,Understand mistakes.,Connect theory with practice.,D,The passage directly says the purpose was to connect theory with practice.
162,Education,Low,Detail,"A university class decided to review mistakes after tests. The main purpose was to explain ideas more clearly. After a short period, students gave more detailed answers. The change was simple and easy to observe.",What was the main purpose of the action described in the passage?,Improve long-term memory.,Connect theory with practice.,Explain ideas more clearly.,Remember vocabulary longer.,C,The passage directly says the purpose was to explain ideas more clearly.
163,Education,Low,Detail,"A school library decided to use short daily quizzes. The main purpose was to connect theory with practice. After a short period, students remembered more after one week. The change was simple and easy to observe.",What was the main purpose of the action described in the passage?,Identify weak areas.,Connect theory with practice.,Explain ideas more clearly.,Understand mistakes.,B,The passage directly says the purpose was to connect theory with practice.
164,Education,Low,Detail,"A language learner decided to write example sentences. The main purpose was to explain ideas more clearly. After a short period, knowledge gaps became easier to see. The change was simple and easy to observe.",What was the main purpose of the action described in the passage?,Explain ideas more clearly.,Improve long-term memory.,Connect theory with practice.,Remember vocabulary longer.,A,The passage directly says the purpose was to explain ideas more clearly.
165,Education,Low,Detail,"An english teacher decided to review mistakes after tests. The main purpose was to connect theory with practice. After a short period, students gave more detailed answers. The change was simple and easy to observe.",What was the main purpose of the action described in the passage?,Understand mistakes.,Identify weak areas.,Explain ideas more clearly.,Connect theory with practice.,D,The passage directly says the purpose was to connect theory with practice.
166,Education,Low,Detail,"A science teacher decided to use short daily quizzes. The main purpose was to explain ideas more clearly. After a short period, students remembered more after one week. The change was simple and easy to observe.",What was the main purpose of the action described in the passage?,Remember vocabulary longer.,Improve long-term memory.,Explain ideas more clearly.,Connect theory with practice.,C,The passage directly says the purpose was to explain ideas more clearly.
167,Education,Low,Detail,"A study group decided to write example sentences. The main purpose was to connect theory with practice. After a short period, knowledge gaps became easier to see. The change was simple and easy to observe.",What was the main purpose of the action described in the passage?,Understand mistakes.,Connect theory with practice.,Identify weak areas.,Explain ideas more clearly.,B,The passage directly says the purpose was to connect theory with practice.
168,Education,Low,Detail,"A university class decided to review mistakes after tests. The main purpose was to explain ideas more clearly. After a short period, students gave more detailed answers. The change was simple and easy to observe.",What was the main purpose of the action described in the passage?,Explain ideas more clearly.,Remember vocabulary longer.,Improve long-term memory.,Connect theory with practice.,A,The passage directly says the purpose was to explain ideas more clearly.
169,Education,Low,Detail,"A school library decided to use short daily quizzes. The main purpose was to connect theory with practice. After a short period, students remembered more after one week. The change was simple and easy to observe.",What was the main purpose of the action described in the passage?,Explain ideas more clearly.,Understand mistakes.,Identify weak areas.,Connect theory with practice.,D,The passage directly says the purpose was to connect theory with practice.
170,Education,Medium,Inference,"An english teacher introduced a change: review mistakes after tests. The goal was to connect theory with practice. After several weeks, students gave more detailed answers. However, results varied between students. The evidence suggests that the approach helped, although it was not a complete solution.",Which conclusion is best supported by the passage?,The change had no measurable effect.,The original problem became worse only because more people participated.,"The change helped to connect theory with practice, but it had limitations.",The change solved every problem immediately.,C,The passage gives a positive result but also notes that results varied between students.
171,Education,Medium,Inference,"A science teacher introduced a change: use short daily quizzes. The goal was to explain ideas more clearly. After several weeks, students remembered more after one week. However, the method required regular practice. The evidence suggests that the approach helped, although it was not a complete solution.",Which conclusion is best supported by the passage?,The original problem became worse only because more people participated.,"The change helped to explain ideas more clearly, but it had limitations.",The change solved every problem immediately.,The change had no measurable effect.,B,The passage gives a positive result but also notes that the method required regular practice.
172,Education,Medium,Inference,"A study group introduced a change: write example sentences. The goal was to connect theory with practice. After several weeks, knowledge gaps became easier to see. However, some students needed extra guidance. The evidence suggests that the approach helped, although it was not a complete solution.",Which conclusion is best supported by the passage?,"The change helped to connect theory with practice, but it had limitations.",The change solved every problem immediately.,The change had no measurable effect.,The original problem became worse only because more people participated.,A,The passage gives a positive result but also notes that some students needed extra guidance.
173,Education,Medium,Inference,"A university class introduced a change: review mistakes after tests. The goal was to explain ideas more clearly. After several weeks, students gave more detailed answers. However, students still needed independent study. The evidence suggests that the approach helped, although it was not a complete solution.",Which conclusion is best supported by the passage?,The change solved every problem immediately.,The change had no measurable effect.,The original problem became worse only because more people participated.,"The change helped to explain ideas more clearly, but it had limitations.",D,The passage gives a positive result but also notes that students still needed independent study.
174,Education,Medium,Inference,"A school library introduced a change: use short daily quizzes. The goal was to connect theory with practice. After several weeks, students remembered more after one week. However, not every topic improved equally. The evidence suggests that the approach helped, although it was not a complete solution.",Which conclusion is best supported by the passage?,The change had no measurable effect.,The original problem became worse only because more people participated.,"The change helped to connect theory with practice, but it had limitations.",The change solved every problem immediately.,C,The passage gives a positive result but also notes that not every topic improved equally.
175,Education,Medium,Inference,"A language learner introduced a change: write example sentences. The goal was to explain ideas more clearly. After several weeks, knowledge gaps became easier to see. However, the activity took a few minutes of class time. The evidence suggests that the approach helped, although it was not a complete solution.",Which conclusion is best supported by the passage?,The original problem became worse only because more people participated.,"The change helped to explain ideas more clearly, but it had limitations.",The change solved every problem immediately.,The change had no measurable effect.,B,The passage gives a positive result but also notes that the activity took a few minutes of class time.
176,Education,Medium,Inference,"An english teacher introduced a change: review mistakes after tests. The goal was to connect theory with practice. After several weeks, students gave more detailed answers. However, results varied between students. The evidence suggests that the approach helped, although it was not a complete solution.",Which conclusion is best supported by the passage?,"The change helped to connect theory with practice, but it had limitations.",The change solved every problem immediately.,The change had no measurable effect.,The original problem became worse only because more people participated.,A,The passage gives a positive result but also notes that results varied between students.
177,Education,Medium,Inference,"A science teacher introduced a change: use short daily quizzes. The goal was to explain ideas more clearly. After several weeks, students remembered more after one week. However, the method required regular practice. The evidence suggests that the approach helped, although it was not a complete solution.",Which conclusion is best supported by the passage?,The change solved every problem immediately.,The change had no measurable effect.,The original problem became worse only because more people participated.,"The change helped to explain ideas more clearly, but it had limitations.",D,The passage gives a positive result but also notes that the method required regular practice.
178,Education,Medium,Inference,"A study group introduced a change: write example sentences. The goal was to connect theory with practice. After several weeks, knowledge gaps became easier to see. However, some students needed extra guidance. The evidence suggests that the approach helped, although it was not a complete solution.",Which conclusion is best supported by the passage?,The change had no measurable effect.,The original problem became worse only because more people participated.,"The change helped to connect theory with practice, but it had limitations.",The change solved every problem immediately.,C,The passage gives a positive result but also notes that some students needed extra guidance.
179,Education,Medium,Inference,"A university class introduced a change: review mistakes after tests. The goal was to explain ideas more clearly. After several weeks, students gave more detailed answers. However, students still needed independent study. The evidence suggests that the approach helped, although it was not a complete solution.",Which conclusion is best supported by the passage?,The original problem became worse only because more people participated.,"The change helped to explain ideas more clearly, but it had limitations.",The change solved every problem immediately.,The change had no measurable effect.,B,The passage gives a positive result but also notes that students still needed independent study.
180,Education,Medium,Inference,"A school library introduced a change: use short daily quizzes. The goal was to connect theory with practice. After several weeks, students remembered more after one week. However, not every topic improved equally. The evidence suggests that the approach helped, although it was not a complete solution.",Which conclusion is best supported by the passage?,"The change helped to connect theory with practice, but it had limitations.",The change solved every problem immediately.,The change had no measurable effect.,The original problem became worse only because more people participated.,A,The passage gives a positive result but also notes that not every topic improved equally.
181,Education,Medium,Inference,"A language learner introduced a change: write example sentences. The goal was to explain ideas more clearly. After several weeks, knowledge gaps became easier to see. However, the activity took a few minutes of class time. The evidence suggests that the approach helped, although it was not a complete solution.",Which conclusion is best supported by the passage?,The change solved every problem immediately.,The change had no measurable effect.,The original problem became worse only because more people participated.,"The change helped to explain ideas more clearly, but it had limitations.",D,The passage gives a positive result but also notes that the activity took a few minutes of class time.
182,Education,Medium,Inference,"An english teacher introduced a change: review mistakes after tests. The goal was to connect theory with practice. After several weeks, students gave more detailed answers. However, results varied between students. The evidence suggests that the approach helped, although it was not a complete solution.",Which conclusion is best supported by the passage?,The change had no measurable effect.,The original problem became worse only because more people participated.,"The change helped to connect theory with practice, but it had limitations.",The change solved every problem immediately.,C,The passage gives a positive result but also notes that results varied between students.
183,Education,Medium,Inference,"A science teacher introduced a change: use short daily quizzes. The goal was to explain ideas more clearly. After several weeks, students remembered more after one week. However, the method required regular practice. The evidence suggests that the approach helped, although it was not a complete solution.",Which conclusion is best supported by the passage?,The original problem became worse only because more people participated.,"The change helped to explain ideas more clearly, but it had limitations.",The change solved every problem immediately.,The change had no measurable effect.,B,The passage gives a positive result but also notes that the method required regular practice.
184,Education,Medium,Inference,"A study group introduced a change: write example sentences. The goal was to connect theory with practice. After several weeks, knowledge gaps became easier to see. However, some students needed extra guidance. The evidence suggests that the approach helped, although it was not a complete solution.",Which conclusion is best supported by the passage?,"The change helped to connect theory with practice, but it had limitations.",The change solved every problem immediately.,The change had no measurable effect.,The original problem became worse only because more people participated.,A,The passage gives a positive result but also notes that some students needed extra guidance.
185,Education,Medium,Inference,"A university class introduced a change: review mistakes after tests. The goal was to explain ideas more clearly. After several weeks, students gave more detailed answers. However, students still needed independent study. The evidence suggests that the approach helped, although it was not a complete solution.",Which conclusion is best supported by the passage?,The change solved every problem immediately.,The change had no measurable effect.,The original problem became worse only because more people participated.,"The change helped to explain ideas more clearly, but it had limitations.",D,The passage gives a positive result but also notes that students still needed independent study.
186,Education,High,Critical Reading,"An english teacher evaluated whether to review mistakes after tests. Supporters argued that it could connect theory with practice, and early evidence showed that students gave more detailed answers. Critics pointed out that results varied between students. The passage suggests that the value of the change depends on context, implementation, and how results are measured.",What is the writer's main argument?,Early positive evidence proves the change will work in every situation.,The topic cannot be evaluated using evidence or measurable outcomes.,The change should be judged by considering both its benefits and its limitations.,The change should always be rejected because it has limitations.,C,The passage presents both advantages and limitations and recommends balanced evaluation.
187,Education,High,Critical Reading,"A science teacher evaluated whether to use short daily quizzes. Supporters argued that it could explain ideas more clearly, and early evidence showed that students remembered more after one week. Critics pointed out that the method required regular practice. The passage suggests that the value of the change depends on context, implementation, and how results are measured.",What is the writer's main argument?,The topic cannot be evaluated using evidence or measurable outcomes.,The change should be judged by considering both its benefits and its limitations.,The change should always be rejected because it has limitations.,Early positive evidence proves the change will work in every situation.,B,The passage presents both advantages and limitations and recommends balanced evaluation.
188,Education,High,Critical Reading,"A study group evaluated whether to write example sentences. Supporters argued that it could connect theory with practice, and early evidence showed that knowledge gaps became easier to see. Critics pointed out that some students needed extra guidance. The passage suggests that the value of the change depends on context, implementation, and how results are measured.",What is the writer's main argument?,The change should be judged by considering both its benefits and its limitations.,The change should always be rejected because it has limitations.,Early positive evidence proves the change will work in every situation.,The topic cannot be evaluated using evidence or measurable outcomes.,A,The passage presents both advantages and limitations and recommends balanced evaluation.
189,Education,High,Critical Reading,"A university class evaluated whether to review mistakes after tests. Supporters argued that it could explain ideas more clearly, and early evidence showed that students gave more detailed answers. Critics pointed out that students still needed independent study. The passage suggests that the value of the change depends on context, implementation, and how results are measured.",What is the writer's main argument?,The change should always be rejected because it has limitations.,Early positive evidence proves the change will work in every situation.,The topic cannot be evaluated using evidence or measurable outcomes.,The change should be judged by considering both its benefits and its limitations.,D,The passage presents both advantages and limitations and recommends balanced evaluation.
190,Education,High,Critical Reading,"A school library evaluated whether to use short daily quizzes. Supporters argued that it could connect theory with practice, and early evidence showed that students remembered more after one week. Critics pointed out that not every topic improved equally. The passage suggests that the value of the change depends on context, implementation, and how results are measured.",What is the writer's main argument?,Early positive evidence proves the change will work in every situation.,The topic cannot be evaluated using evidence or measurable outcomes.,The change should be judged by considering both its benefits and its limitations.,The change should always be rejected because it has limitations.,C,The passage presents both advantages and limitations and recommends balanced evaluation.
191,Education,High,Critical Reading,"A language learner evaluated whether to write example sentences. Supporters argued that it could explain ideas more clearly, and early evidence showed that knowledge gaps became easier to see. Critics pointed out that the activity took a few minutes of class time. The passage suggests that the value of the change depends on context, implementation, and how results are measured.",What is the writer's main argument?,The topic cannot be evaluated using evidence or measurable outcomes.,The change should be judged by considering both its benefits and its limitations.,The change should always be rejected because it has limitations.,Early positive evidence proves the change will work in every situation.,B,The passage presents both advantages and limitations and recommends balanced evaluation.
192,Education,High,Critical Reading,"An english teacher evaluated whether to review mistakes after tests. Supporters argued that it could connect theory with practice, and early evidence showed that students gave more detailed answers. Critics pointed out that results varied between students. The passage suggests that the value of the change depends on context, implementation, and how results are measured.",What is the writer's main argument?,The change should be judged by considering both its benefits and its limitations.,The change should always be rejected because it has limitations.,Early positive evidence proves the change will work in every situation.,The topic cannot be evaluated using evidence or measurable outcomes.,A,The passage presents both advantages and limitations and recommends balanced evaluation.
193,Education,High,Critical Reading,"A science teacher evaluated whether to use short daily quizzes. Supporters argued that it could explain ideas more clearly, and early evidence showed that students remembered more after one week. Critics pointed out that the method required regular practice. The passage suggests that the value of the change depends on context, implementation, and how results are measured.",What is the writer's main argument?,The change should always be rejected because it has limitations.,Early positive evidence proves the change will work in every situation.,The topic cannot be evaluated using evidence or measurable outcomes.,The change should be judged by considering both its benefits and its limitations.,D,The passage presents both advantages and limitations and recommends balanced evaluation.
194,Education,High,Critical Reading,"A study group evaluated whether to write example sentences. Supporters argued that it could connect theory with practice, and early evidence showed that knowledge gaps became easier to see. Critics pointed out that some students needed extra guidance. The passage suggests that the value of the change depends on context, implementation, and how results are measured.",What is the writer's main argument?,Early positive evidence proves the change will work in every situation.,The topic cannot be evaluated using evidence or measurable outcomes.,The change should be judged by considering both its benefits and its limitations.,The change should always be rejected because it has limitations.,C,The passage presents both advantages and limitations and recommends balanced evaluation.
195,Education,High,Critical Reading,"A university class evaluated whether to review mistakes after tests. Supporters argued that it could explain ideas more clearly, and early evidence showed that students gave more detailed answers. Critics pointed out that students still needed independent study. The passage suggests that the value of the change depends on context, implementation, and how results are measured.",What is the writer's main argument?,The topic cannot be evaluated using evidence or measurable outcomes.,The change should be judged by considering both its benefits and its limitations.,The change should always be rejected because it has limitations.,Early positive evidence proves the change will work in every situation.,B,The passage presents both advantages and limitations and recommends balanced evaluation.
196,Education,High,Critical Reading,"A school library evaluated whether to use short daily quizzes. Supporters argued that it could connect theory with practice, and early evidence showed that students remembered more after one week. Critics pointed out that not every topic improved equally. The passage suggests that the value of the change depends on context, implementation, and how results are measured.",What is the writer's main argument?,The change should be judged by considering both its benefits and its limitations.,The change should always be rejected because it has limitations.,Early positive evidence proves the change will work in every situation.,The topic cannot be evaluated using evidence or measurable outcomes.,A,The passage presents both advantages and limitations and recommends balanced evaluation.
197,Science & Technology,Low,Detail,"A school decided to test an AI assistant. The main purpose was to generate cleaner energy. After a short period, response time improved. The change was simple and easy to observe.",What was the main purpose of the action described in the passage?,Support faster information access.,Reduce waiting time.,Understand technical trade-offs.,Generate cleaner energy.,D,The passage directly says the purpose was to generate cleaner energy.
198,Science & Technology,Low,Detail,"A city decided to collect live traffic data. The main purpose was to understand technical trade-offs. After a short period, students understood the system better. The change was simple and easy to observe.",What was the main purpose of the action described in the passage?,Detect problems earlier.,Reduce wasted electricity.,Understand technical trade-offs.,Generate cleaner energy.,C,The passage directly says the purpose was to understand technical trade-offs.
199,Science & Technology,Low,Detail,"A research team decided to compare battery performance. The main purpose was to generate cleaner energy. After a short period, average waiting time decreased. The change was simple and easy to observe.",What was the main purpose of the action described in the passage?,Support faster information access.,Generate cleaner energy.,Reduce waiting time.,Understand technical trade-offs.,B,The passage directly says the purpose was to generate cleaner energy.
200,Science & Technology,Low,Detail,"A small company decided to test an AI assistant. The main purpose was to understand technical trade-offs. After a short period, response time improved. The change was simple and easy to observe.",What was the main purpose of the action described in the passage?,Understand technical trade-offs.,Detect problems earlier.,Reduce wasted electricity.,Generate cleaner energy.,A,The passage directly says the purpose was to understand technical trade-offs.
201,Science & Technology,Low,Detail,"An engineering class decided to collect live traffic data. The main purpose was to generate cleaner energy. After a short period, students understood the system better. The change was simple and easy to observe.",What was the main purpose of the action described in the passage?,Understand technical trade-offs.,Support faster information access.,Reduce waiting time.,Generate cleaner energy.,D,The passage directly says the purpose was to generate cleaner energy.
202,Science & Technology,Low,Detail,"A technology lab decided to compare battery performance. The main purpose was to understand technical trade-offs. After a short period, average waiting time decreased. The change was simple and easy to observe.",What was the main purpose of the action described in the passage?,Generate cleaner energy.,Detect problems earlier.,Understand technical trade-offs.,Reduce wasted electricity.,C,The passage directly says the purpose was to understand technical trade-offs.
203,Science & Technology,Low,Detail,"A school decided to test an AI assistant. The main purpose was to generate cleaner energy. After a short period, response time improved. The change was simple and easy to observe.",What was the main purpose of the action described in the passage?,Understand technical trade-offs.,Generate cleaner energy.,Support faster information access.,Reduce waiting time.,B,The passage directly says the purpose was to generate cleaner energy.
204,Science & Technology,Low,Detail,"A city decided to collect live traffic data. The main purpose was to understand technical trade-offs. After a short period, students understood the system better. The change was simple and easy to observe.",What was the main purpose of the action described in the passage?,Understand technical trade-offs.,Generate cleaner energy.,Detect problems earlier.,Reduce wasted electricity.,A,The passage directly says the purpose was to understand technical trade-offs.
205,Science & Technology,Low,Detail,"A research team decided to compare battery performance. The main purpose was to generate cleaner energy. After a short period, average waiting time decreased. The change was simple and easy to observe.",What was the main purpose of the action described in the passage?,Reduce waiting time.,Understand technical trade-offs.,Support faster information access.,Generate cleaner energy.,D,The passage directly says the purpose was to generate cleaner energy.
206,Science & Technology,Low,Detail,"A small company decided to test an AI assistant. The main purpose was to understand technical trade-offs. After a short period, response time improved. The change was simple and easy to observe.",What was the main purpose of the action described in the passage?,Reduce wasted electricity.,Generate cleaner energy.,Understand technical trade-offs.,Detect problems earlier.,C,The passage directly says the purpose was to understand technical trade-offs.
207,Science & Technology,Low,Detail,"An engineering class decided to collect live traffic data. The main purpose was to generate cleaner energy. After a short period, students understood the system better. The change was simple and easy to observe.",What was the main purpose of the action described in the passage?,Reduce waiting time.,Generate cleaner energy.,Understand technical trade-offs.,Support faster information access.,B,The passage directly says the purpose was to generate cleaner energy.
208,Science & Technology,Medium,Inference,"A school introduced a change: test an AI assistant. The goal was to generate cleaner energy. After several weeks, response time improved. However, cloudy weather reduced output. The evidence suggests that the approach helped, although it was not a complete solution.",Which conclusion is best supported by the passage?,"The change helped to generate cleaner energy, but it had limitations.",The change solved every problem immediately.,The change had no measurable effect.,The original problem became worse only because more people participated.,A,The passage gives a positive result but also notes that cloudy weather reduced output.
209,Science & Technology,Medium,Inference,"A city introduced a change: collect live traffic data. The goal was to understand technical trade-offs. After several weeks, students understood the system better. However, rare cases still caused errors. The evidence suggests that the approach helped, although it was not a complete solution.",Which conclusion is best supported by the passage?,The change solved every problem immediately.,The change had no measurable effect.,The original problem became worse only because more people participated.,"The change helped to understand technical trade-offs, but it had limitations.",D,The passage gives a positive result but also notes that rare cases still caused errors.
210,Science & Technology,Medium,Inference,"A research team introduced a change: compare battery performance. The goal was to generate cleaner energy. After several weeks, average waiting time decreased. However, performance depended on conditions. The evidence suggests that the approach helped, although it was not a complete solution.",Which conclusion is best supported by the passage?,The change had no measurable effect.,The original problem became worse only because more people participated.,"The change helped to generate cleaner energy, but it had limitations.",The change solved every problem immediately.,C,The passage gives a positive result but also notes that performance depended on conditions.
211,Science & Technology,Medium,Inference,"A small company introduced a change: test an AI assistant. The goal was to understand technical trade-offs. After several weeks, response time improved. However, one improvement did not solve every issue. The evidence suggests that the approach helped, although it was not a complete solution.",Which conclusion is best supported by the passage?,The original problem became worse only because more people participated.,"The change helped to understand technical trade-offs, but it had limitations.",The change solved every problem immediately.,The change had no measurable effect.,B,The passage gives a positive result but also notes that one improvement did not solve every issue.
212,Science & Technology,Medium,Inference,"An engineering class introduced a change: collect live traffic data. The goal was to generate cleaner energy. After several weeks, students understood the system better. However, the system required maintenance. The evidence suggests that the approach helped, although it was not a complete solution.",Which conclusion is best supported by the passage?,"The change helped to generate cleaner energy, but it had limitations.",The change solved every problem immediately.,The change had no measurable effect.,The original problem became worse only because more people participated.,A,The passage gives a positive result but also notes that the system required maintenance.
213,Science & Technology,Medium,Inference,"A technology lab introduced a change: compare battery performance. The goal was to understand technical trade-offs. After several weeks, average waiting time decreased. However, the effect was smaller at night. The evidence suggests that the approach helped, although it was not a complete solution.",Which conclusion is best supported by the passage?,The change solved every problem immediately.,The change had no measurable effect.,The original problem became worse only because more people participated.,"The change helped to understand technical trade-offs, but it had limitations.",D,The passage gives a positive result but also notes that the effect was smaller at night.
214,Science & Technology,Medium,Inference,"A school introduced a change: test an AI assistant. The goal was to generate cleaner energy. After several weeks, response time improved. However, cloudy weather reduced output. The evidence suggests that the approach helped, although it was not a complete solution.",Which conclusion is best supported by the passage?,The change had no measurable effect.,The original problem became worse only because more people participated.,"The change helped to generate cleaner energy, but it had limitations.",The change solved every problem immediately.,C,The passage gives a positive result but also notes that cloudy weather reduced output.
215,Science & Technology,Medium,Inference,"A city introduced a change: collect live traffic data. The goal was to understand technical trade-offs. After several weeks, students understood the system better. However, rare cases still caused errors. The evidence suggests that the approach helped, although it was not a complete solution.",Which conclusion is best supported by the passage?,The original problem became worse only because more people participated.,"The change helped to understand technical trade-offs, but it had limitations.",The change solved every problem immediately.,The change had no measurable effect.,B,The passage gives a positive result but also notes that rare cases still caused errors.
216,Science & Technology,Medium,Inference,"A research team introduced a change: compare battery performance. The goal was to generate cleaner energy. After several weeks, average waiting time decreased. However, performance depended on conditions. The evidence suggests that the approach helped, although it was not a complete solution.",Which conclusion is best supported by the passage?,"The change helped to generate cleaner energy, but it had limitations.",The change solved every problem immediately.,The change had no measurable effect.,The original problem became worse only because more people participated.,A,The passage gives a positive result but also notes that performance depended on conditions.
217,Science & Technology,Medium,Inference,"A small company introduced a change: test an AI assistant. The goal was to understand technical trade-offs. After several weeks, response time improved. However, one improvement did not solve every issue. The evidence suggests that the approach helped, although it was not a complete solution.",Which conclusion is best supported by the passage?,The change solved every problem immediately.,The change had no measurable effect.,The original problem became worse only because more people participated.,"The change helped to understand technical trade-offs, but it had limitations.",D,The passage gives a positive result but also notes that one improvement did not solve every issue.
218,Science & Technology,Medium,Inference,"An engineering class introduced a change: collect live traffic data. The goal was to generate cleaner energy. After several weeks, students understood the system better. However, the system required maintenance. The evidence suggests that the approach helped, although it was not a complete solution.",Which conclusion is best supported by the passage?,The change had no measurable effect.,The original problem became worse only because more people participated.,"The change helped to generate cleaner energy, but it had limitations.",The change solved every problem immediately.,C,The passage gives a positive result but also notes that the system required maintenance.
219,Science & Technology,Medium,Inference,"A technology lab introduced a change: compare battery performance. The goal was to understand technical trade-offs. After several weeks, average waiting time decreased. However, the effect was smaller at night. The evidence suggests that the approach helped, although it was not a complete solution.",Which conclusion is best supported by the passage?,The original problem became worse only because more people participated.,"The change helped to understand technical trade-offs, but it had limitations.",The change solved every problem immediately.,The change had no measurable effect.,B,The passage gives a positive result but also notes that the effect was smaller at night.
220,Science & Technology,Medium,Inference,"A school introduced a change: test an AI assistant. The goal was to generate cleaner energy. After several weeks, response time improved. However, cloudy weather reduced output. The evidence suggests that the approach helped, although it was not a complete solution.",Which conclusion is best supported by the passage?,"The change helped to generate cleaner energy, but it had limitations.",The change solved every problem immediately.,The change had no measurable effect.,The original problem became worse only because more people participated.,A,The passage gives a positive result but also notes that cloudy weather reduced output.
221,Science & Technology,Medium,Inference,"A city introduced a change: collect live traffic data. The goal was to understand technical trade-offs. After several weeks, students understood the system better. However, rare cases still caused errors. The evidence suggests that the approach helped, although it was not a complete solution.",Which conclusion is best supported by the passage?,The change solved every problem immediately.,The change had no measurable effect.,The original problem became worse only because more people participated.,"The change helped to understand technical trade-offs, but it had limitations.",D,The passage gives a positive result but also notes that rare cases still caused errors.
222,Science & Technology,Medium,Inference,"A research team introduced a change: compare battery performance. The goal was to generate cleaner energy. After several weeks, average waiting time decreased. However, performance depended on conditions. The evidence suggests that the approach helped, although it was not a complete solution.",Which conclusion is best supported by the passage?,The change had no measurable effect.,The original problem became worse only because more people participated.,"The change helped to generate cleaner energy, but it had limitations.",The change solved every problem immediately.,C,The passage gives a positive result but also notes that performance depended on conditions.
223,Science & Technology,Medium,Inference,"A small company introduced a change: test an AI assistant. The goal was to understand technical trade-offs. After several weeks, response time improved. However, one improvement did not solve every issue. The evidence suggests that the approach helped, although it was not a complete solution.",Which conclusion is best supported by the passage?,The original problem became worse only because more people participated.,"The change helped to understand technical trade-offs, but it had limitations.",The change solved every problem immediately.,The change had no measurable effect.,B,The passage gives a positive result but also notes that one improvement did not solve every issue.
224,Science & Technology,High,Critical Reading,"A school evaluated whether to test an AI assistant. Supporters argued that it could generate cleaner energy, and early evidence showed that response time improved. Critics pointed out that cloudy weather reduced output. The passage suggests that the value of the change depends on context, implementation, and how results are measured.",What is the writer's main argument?,The change should be judged by considering both its benefits and its limitations.,The change should always be rejected because it has limitations.,Early positive evidence proves the change will work in every situation.,The topic cannot be evaluated using evidence or measurable outcomes.,A,The passage presents both advantages and limitations and recommends balanced evaluation.
225,Science & Technology,High,Critical Reading,"A city evaluated whether to collect live traffic data. Supporters argued that it could understand technical trade-offs, and early evidence showed that students understood the system better. Critics pointed out that rare cases still caused errors. The passage suggests that the value of the change depends on context, implementation, and how results are measured.",What is the writer's main argument?,The change should always be rejected because it has limitations.,Early positive evidence proves the change will work in every situation.,The topic cannot be evaluated using evidence or measurable outcomes.,The change should be judged by considering both its benefits and its limitations.,D,The passage presents both advantages and limitations and recommends balanced evaluation.
226,Science & Technology,High,Critical Reading,"A research team evaluated whether to compare battery performance. Supporters argued that it could generate cleaner energy, and early evidence showed that average waiting time decreased. Critics pointed out that performance depended on conditions. The passage suggests that the value of the change depends on context, implementation, and how results are measured.",What is the writer's main argument?,Early positive evidence proves the change will work in every situation.,The topic cannot be evaluated using evidence or measurable outcomes.,The change should be judged by considering both its benefits and its limitations.,The change should always be rejected because it has limitations.,C,The passage presents both advantages and limitations and recommends balanced evaluation.
227,Science & Technology,High,Critical Reading,"A small company evaluated whether to test an AI assistant. Supporters argued that it could understand technical trade-offs, and early evidence showed that response time improved. Critics pointed out that one improvement did not solve every issue. The passage suggests that the value of the change depends on context, implementation, and how results are measured.",What is the writer's main argument?,The topic cannot be evaluated using evidence or measurable outcomes.,The change should be judged by considering both its benefits and its limitations.,The change should always be rejected because it has limitations.,Early positive evidence proves the change will work in every situation.,B,The passage presents both advantages and limitations and recommends balanced evaluation.
228,Science & Technology,High,Critical Reading,"An engineering class evaluated whether to collect live traffic data. Supporters argued that it could generate cleaner energy, and early evidence showed that students understood the system better. Critics pointed out that the system required maintenance. The passage suggests that the value of the change depends on context, implementation, and how results are measured.",What is the writer's main argument?,The change should be judged by considering both its benefits and its limitations.,The change should always be rejected because it has limitations.,Early positive evidence proves the change will work in every situation.,The topic cannot be evaluated using evidence or measurable outcomes.,A,The passage presents both advantages and limitations and recommends balanced evaluation.
229,Science & Technology,High,Critical Reading,"A technology lab evaluated whether to compare battery performance. Supporters argued that it could understand technical trade-offs, and early evidence showed that average waiting time decreased. Critics pointed out that the effect was smaller at night. The passage suggests that the value of the change depends on context, implementation, and how results are measured.",What is the writer's main argument?,The change should always be rejected because it has limitations.,Early positive evidence proves the change will work in every situation.,The topic cannot be evaluated using evidence or measurable outcomes.,The change should be judged by considering both its benefits and its limitations.,D,The passage presents both advantages and limitations and recommends balanced evaluation.
230,Science & Technology,High,Critical Reading,"A school evaluated whether to test an AI assistant. Supporters argued that it could generate cleaner energy, and early evidence showed that response time improved. Critics pointed out that cloudy weather reduced output. The passage suggests that the value of the change depends on context, implementation, and how results are measured.",What is the writer's main argument?,Early positive evidence proves the change will work in every situation.,The topic cannot be evaluated using evidence or measurable outcomes.,The change should be judged by considering both its benefits and its limitations.,The change should always be rejected because it has limitations.,C,The passage presents both advantages and limitations and recommends balanced evaluation.
231,Science & Technology,High,Critical Reading,"A city evaluated whether to collect live traffic data. Supporters argued that it could understand technical trade-offs, and early evidence showed that students understood the system better. Critics pointed out that rare cases still caused errors. The passage suggests that the value of the change depends on context, implementation, and how results are measured.",What is the writer's main argument?,The topic cannot be evaluated using evidence or measurable outcomes.,The change should be judged by considering both its benefits and its limitations.,The change should always be rejected because it has limitations.,Early positive evidence proves the change will work in every situation.,B,The passage presents both advantages and limitations and recommends balanced evaluation.
232,Science & Technology,High,Critical Reading,"A research team evaluated whether to compare battery performance. Supporters argued that it could generate cleaner energy, and early evidence showed that average waiting time decreased. Critics pointed out that performance depended on conditions. The passage suggests that the value of the change depends on context, implementation, and how results are measured.",What is the writer's main argument?,The change should be judged by considering both its benefits and its limitations.,The change should always be rejected because it has limitations.,Early positive evidence proves the change will work in every situation.,The topic cannot be evaluated using evidence or measurable outcomes.,A,The passage presents both advantages and limitations and recommends balanced evaluation.
233,Science & Technology,High,Critical Reading,"A small company evaluated whether to test an AI assistant. Supporters argued that it could understand technical trade-offs, and early evidence showed that response time improved. Critics pointed out that one improvement did not solve every issue. The passage suggests that the value of the change depends on context, implementation, and how results are measured.",What is the writer's main argument?,The change should always be rejected because it has limitations.,Early positive evidence proves the change will work in every situation.,The topic cannot be evaluated using evidence or measurable outcomes.,The change should be judged by considering both its benefits and its limitations.,D,The passage presents both advantages and limitations and recommends balanced evaluation.
234,Science & Technology,High,Critical Reading,"An engineering class evaluated whether to collect live traffic data. Supporters argued that it could generate cleaner energy, and early evidence showed that students understood the system better. Critics pointed out that the system required maintenance. The passage suggests that the value of the change depends on context, implementation, and how results are measured.",What is the writer's main argument?,Early positive evidence proves the change will work in every situation.,The topic cannot be evaluated using evidence or measurable outcomes.,The change should be judged by considering both its benefits and its limitations.,The change should always be rejected because it has limitations.,C,The passage presents both advantages and limitations and recommends balanced evaluation.
235,Environment,Low,Detail,"A city council decided to collect rainwater. The main purpose was to cool public areas. After a short period, more water was available in dry periods. The change was simple and easy to observe.",What was the main purpose of the action described in the passage?,Reduce erosion.,Cool public areas.,Save water.,Cut energy use.,B,The passage directly says the purpose was to cool public areas.
236,Environment,Low,Detail,"A supermarket decided to replace old lighting. The main purpose was to reduce erosion. After a short period, less sand was blown away. The change was simple and easy to observe.",What was the main purpose of the action described in the passage?,Reduce erosion.,Cool public areas.,Improve recycling.,Reduce waste.,A,The passage directly says the purpose was to reduce erosion.
237,Environment,Low,Detail,"A farming community decided to protect sand dunes with vegetation. The main purpose was to cool public areas. After a short period, lighting energy use decreased. The change was simple and easy to observe.",What was the main purpose of the action described in the passage?,Cut energy use.,Reduce erosion.,Save water.,Cool public areas.,D,The passage directly says the purpose was to cool public areas.
238,Environment,Low,Detail,"A school decided to collect rainwater. The main purpose was to reduce erosion. After a short period, more water was available in dry periods. The change was simple and easy to observe.",What was the main purpose of the action described in the passage?,Reduce waste.,Cool public areas.,Reduce erosion.,Improve recycling.,C,The passage directly says the purpose was to reduce erosion.
239,Environment,Low,Detail,"A coastal town decided to replace old lighting. The main purpose was to cool public areas. After a short period, less sand was blown away. The change was simple and easy to observe.",What was the main purpose of the action described in the passage?,Cut energy use.,Cool public areas.,Reduce erosion.,Save water.,B,The passage directly says the purpose was to cool public areas.
240,Environment,Low,Detail,"An office building decided to protect sand dunes with vegetation. The main purpose was to reduce erosion. After a short period, lighting energy use decreased. The change was simple and easy to observe.",What was the main purpose of the action described in the passage?,Reduce erosion.,Reduce waste.,Cool public areas.,Improve recycling.,A,The passage directly says the purpose was to reduce erosion.
241,Environment,Low,Detail,"A city council decided to collect rainwater. The main purpose was to cool public areas. After a short period, more water was available in dry periods. The change was simple and easy to observe.",What was the main purpose of the action described in the passage?,Save water.,Cut energy use.,Reduce erosion.,Cool public areas.,D,The passage directly says the purpose was to cool public areas.
242,Environment,Low,Detail,"A supermarket decided to replace old lighting. The main purpose was to reduce erosion. After a short period, less sand was blown away. The change was simple and easy to observe.",What was the main purpose of the action described in the passage?,Improve recycling.,Reduce waste.,Reduce erosion.,Cool public areas.,C,The passage directly says the purpose was to reduce erosion.
243,Environment,Low,Detail,"A farming community decided to protect sand dunes with vegetation. The main purpose was to cool public areas. After a short period, lighting energy use decreased. The change was simple and easy to observe.",What was the main purpose of the action described in the passage?,Save water.,Cool public areas.,Cut energy use.,Reduce erosion.,B,The passage directly says the purpose was to cool public areas.
244,Environment,Low,Detail,"A school decided to collect rainwater. The main purpose was to reduce erosion. After a short period, more water was available in dry periods. The change was simple and easy to observe.",What was the main purpose of the action described in the passage?,Reduce erosion.,Improve recycling.,Reduce waste.,Cool public areas.,A,The passage directly says the purpose was to reduce erosion.
245,Environment,Low,Detail,"A coastal town decided to replace old lighting. The main purpose was to cool public areas. After a short period, less sand was blown away. The change was simple and easy to observe.",What was the main purpose of the action described in the passage?,Reduce erosion.,Save water.,Cut energy use.,Cool public areas.,D,The passage directly says the purpose was to cool public areas.
246,Environment,Medium,Inference,"A city council introduced a change: collect rainwater. The goal was to cool public areas. After several weeks, more water was available in dry periods. However, trees needed time to grow. The evidence suggests that the approach helped, although it was not a complete solution.",Which conclusion is best supported by the passage?,The change had no measurable effect.,The original problem became worse only because more people participated.,"The change helped to cool public areas, but it had limitations.",The change solved every problem immediately.,C,The passage gives a positive result but also notes that trees needed time to grow.
247,Environment,Medium,Inference,"A supermarket introduced a change: replace old lighting. The goal was to reduce erosion. After several weeks, less sand was blown away. However, storage capacity was limited. The evidence suggests that the approach helped, although it was not a complete solution.",Which conclusion is best supported by the passage?,The original problem became worse only because more people participated.,"The change helped to reduce erosion, but it had limitations.",The change solved every problem immediately.,The change had no measurable effect.,B,The passage gives a positive result but also notes that storage capacity was limited.
248,Environment,Medium,Inference,"A farming community introduced a change: protect sand dunes with vegetation. The goal was to cool public areas. After several weeks, lighting energy use decreased. However, other sources of waste remained. The evidence suggests that the approach helped, although it was not a complete solution.",Which conclusion is best supported by the passage?,"The change helped to cool public areas, but it had limitations.",The change solved every problem immediately.,The change had no measurable effect.,The original problem became worse only because more people participated.,A,The passage gives a positive result but also notes that other sources of waste remained.
249,Environment,Medium,Inference,"A school introduced a change: collect rainwater. The goal was to reduce erosion. After several weeks, more water was available in dry periods. However, strong storms could still cause damage. The evidence suggests that the approach helped, although it was not a complete solution.",Which conclusion is best supported by the passage?,The change solved every problem immediately.,The change had no measurable effect.,The original problem became worse only because more people participated.,"The change helped to reduce erosion, but it had limitations.",D,The passage gives a positive result but also notes that strong storms could still cause damage.
250,Environment,Medium,Inference,"A coastal town introduced a change: replace old lighting. The goal was to cool public areas. After several weeks, less sand was blown away. However, sorting mistakes continued. The evidence suggests that the approach helped, although it was not a complete solution.",Which conclusion is best supported by the passage?,The change had no measurable effect.,The original problem became worse only because more people participated.,"The change helped to cool public areas, but it had limitations.",The change solved every problem immediately.,C,The passage gives a positive result but also notes that sorting mistakes continued.
251,Environment,Medium,Inference,"An office building introduced a change: protect sand dunes with vegetation. The goal was to reduce erosion. After several weeks, lighting energy use decreased. However, other equipment still consumed power. The evidence suggests that the approach helped, although it was not a complete solution.",Which conclusion is best supported by the passage?,The original problem became worse only because more people participated.,"The change helped to reduce erosion, but it had limitations.",The change solved every problem immediately.,The change had no measurable effect.,B,The passage gives a positive result but also notes that other equipment still consumed power.
252,Environment,Medium,Inference,"A city council introduced a change: collect rainwater. The goal was to cool public areas. After several weeks, more water was available in dry periods. However, trees needed time to grow. The evidence suggests that the approach helped, although it was not a complete solution.",Which conclusion is best supported by the passage?,"The change helped to cool public areas, but it had limitations.",The change solved every problem immediately.,The change had no measurable effect.,The original problem became worse only because more people participated.,A,The passage gives a positive result but also notes that trees needed time to grow.
253,Environment,Medium,Inference,"A supermarket introduced a change: replace old lighting. The goal was to reduce erosion. After several weeks, less sand was blown away. However, storage capacity was limited. The evidence suggests that the approach helped, although it was not a complete solution.",Which conclusion is best supported by the passage?,The change solved every problem immediately.,The change had no measurable effect.,The original problem became worse only because more people participated.,"The change helped to reduce erosion, but it had limitations.",D,The passage gives a positive result but also notes that storage capacity was limited.
254,Environment,Medium,Inference,"A farming community introduced a change: protect sand dunes with vegetation. The goal was to cool public areas. After several weeks, lighting energy use decreased. However, other sources of waste remained. The evidence suggests that the approach helped, although it was not a complete solution.",Which conclusion is best supported by the passage?,The change had no measurable effect.,The original problem became worse only because more people participated.,"The change helped to cool public areas, but it had limitations.",The change solved every problem immediately.,C,The passage gives a positive result but also notes that other sources of waste remained.
255,Environment,Medium,Inference,"A school introduced a change: collect rainwater. The goal was to reduce erosion. After several weeks, more water was available in dry periods. However, strong storms could still cause damage. The evidence suggests that the approach helped, although it was not a complete solution.",Which conclusion is best supported by the passage?,The original problem became worse only because more people participated.,"The change helped to reduce erosion, but it had limitations.",The change solved every problem immediately.,The change had no measurable effect.,B,The passage gives a positive result but also notes that strong storms could still cause damage.
256,Environment,Medium,Inference,"A coastal town introduced a change: replace old lighting. The goal was to cool public areas. After several weeks, less sand was blown away. However, sorting mistakes continued. The evidence suggests that the approach helped, although it was not a complete solution.",Which conclusion is best supported by the passage?,"The change helped to cool public areas, but it had limitations.",The change solved every problem immediately.,The change had no measurable effect.,The original problem became worse only because more people participated.,A,The passage gives a positive result but also notes that sorting mistakes continued.
257,Environment,Medium,Inference,"An office building introduced a change: protect sand dunes with vegetation. The goal was to reduce erosion. After several weeks, lighting energy use decreased. However, other equipment still consumed power. The evidence suggests that the approach helped, although it was not a complete solution.",Which conclusion is best supported by the passage?,The change solved every problem immediately.,The change had no measurable effect.,The original problem became worse only because more people participated.,"The change helped to reduce erosion, but it had limitations.",D,The passage gives a positive result but also notes that other equipment still consumed power.
258,Environment,Medium,Inference,"A city council introduced a change: collect rainwater. The goal was to cool public areas. After several weeks, more water was available in dry periods. However, trees needed time to grow. The evidence suggests that the approach helped, although it was not a complete solution.",Which conclusion is best supported by the passage?,The change had no measurable effect.,The original problem became worse only because more people participated.,"The change helped to cool public areas, but it had limitations.",The change solved every problem immediately.,C,The passage gives a positive result but also notes that trees needed time to grow.
259,Environment,Medium,Inference,"A supermarket introduced a change: replace old lighting. The goal was to reduce erosion. After several weeks, less sand was blown away. However, storage capacity was limited. The evidence suggests that the approach helped, although it was not a complete solution.",Which conclusion is best supported by the passage?,The original problem became worse only because more people participated.,"The change helped to reduce erosion, but it had limitations.",The change solved every problem immediately.,The change had no measurable effect.,B,The passage gives a positive result but also notes that storage capacity was limited.
260,Environment,Medium,Inference,"A farming community introduced a change: protect sand dunes with vegetation. The goal was to cool public areas. After several weeks, lighting energy use decreased. However, other sources of waste remained. The evidence suggests that the approach helped, although it was not a complete solution.",Which conclusion is best supported by the passage?,"The change helped to cool public areas, but it had limitations.",The change solved every problem immediately.,The change had no measurable effect.,The original problem became worse only because more people participated.,A,The passage gives a positive result but also notes that other sources of waste remained.
261,Environment,Medium,Inference,"A school introduced a change: collect rainwater. The goal was to reduce erosion. After several weeks, more water was available in dry periods. However, strong storms could still cause damage. The evidence suggests that the approach helped, although it was not a complete solution.",Which conclusion is best supported by the passage?,The change solved every problem immediately.,The change had no measurable effect.,The original problem became worse only because more people participated.,"The change helped to reduce erosion, but it had limitations.",D,The passage gives a positive result but also notes that strong storms could still cause damage.
262,Environment,High,Critical Reading,"A city council evaluated whether to collect rainwater. Supporters argued that it could cool public areas, and early evidence showed that more water was available in dry periods. Critics pointed out that trees needed time to grow. The passage suggests that the value of the change depends on context, implementation, and how results are measured.",What is the writer's main argument?,Early positive evidence proves the change will work in every situation.,The topic cannot be evaluated using evidence or measurable outcomes.,The change should be judged by considering both its benefits and its limitations.,The change should always be rejected because it has limitations.,C,The passage presents both advantages and limitations and recommends balanced evaluation.
263,Environment,High,Critical Reading,"A supermarket evaluated whether to replace old lighting. Supporters argued that it could reduce erosion, and early evidence showed that less sand was blown away. Critics pointed out that storage capacity was limited. The passage suggests that the value of the change depends on context, implementation, and how results are measured.",What is the writer's main argument?,The topic cannot be evaluated using evidence or measurable outcomes.,The change should be judged by considering both its benefits and its limitations.,The change should always be rejected because it has limitations.,Early positive evidence proves the change will work in every situation.,B,The passage presents both advantages and limitations and recommends balanced evaluation.
264,Environment,High,Critical Reading,"A farming community evaluated whether to protect sand dunes with vegetation. Supporters argued that it could cool public areas, and early evidence showed that lighting energy use decreased. Critics pointed out that other sources of waste remained. The passage suggests that the value of the change depends on context, implementation, and how results are measured.",What is the writer's main argument?,The change should be judged by considering both its benefits and its limitations.,The change should always be rejected because it has limitations.,Early positive evidence proves the change will work in every situation.,The topic cannot be evaluated using evidence or measurable outcomes.,A,The passage presents both advantages and limitations and recommends balanced evaluation.
265,Environment,High,Critical Reading,"A school evaluated whether to collect rainwater. Supporters argued that it could reduce erosion, and early evidence showed that more water was available in dry periods. Critics pointed out that strong storms could still cause damage. The passage suggests that the value of the change depends on context, implementation, and how results are measured.",What is the writer's main argument?,The change should always be rejected because it has limitations.,Early positive evidence proves the change will work in every situation.,The topic cannot be evaluated using evidence or measurable outcomes.,The change should be judged by considering both its benefits and its limitations.,D,The passage presents both advantages and limitations and recommends balanced evaluation.
266,Environment,High,Critical Reading,"A coastal town evaluated whether to replace old lighting. Supporters argued that it could cool public areas, and early evidence showed that less sand was blown away. Critics pointed out that sorting mistakes continued. The passage suggests that the value of the change depends on context, implementation, and how results are measured.",What is the writer's main argument?,Early positive evidence proves the change will work in every situation.,The topic cannot be evaluated using evidence or measurable outcomes.,The change should be judged by considering both its benefits and its limitations.,The change should always be rejected because it has limitations.,C,The passage presents both advantages and limitations and recommends balanced evaluation.
267,Environment,High,Critical Reading,"An office building evaluated whether to protect sand dunes with vegetation. Supporters argued that it could reduce erosion, and early evidence showed that lighting energy use decreased. Critics pointed out that other equipment still consumed power. The passage suggests that the value of the change depends on context, implementation, and how results are measured.",What is the writer's main argument?,The topic cannot be evaluated using evidence or measurable outcomes.,The change should be judged by considering both its benefits and its limitations.,The change should always be rejected because it has limitations.,Early positive evidence proves the change will work in every situation.,B,The passage presents both advantages and limitations and recommends balanced evaluation.
268,Environment,High,Critical Reading,"A city council evaluated whether to collect rainwater. Supporters argued that it could cool public areas, and early evidence showed that more water was available in dry periods. Critics pointed out that trees needed time to grow. The passage suggests that the value of the change depends on context, implementation, and how results are measured.",What is the writer's main argument?,The change should be judged by considering both its benefits and its limitations.,The change should always be rejected because it has limitations.,Early positive evidence proves the change will work in every situation.,The topic cannot be evaluated using evidence or measurable outcomes.,A,The passage presents both advantages and limitations and recommends balanced evaluation.
269,Environment,High,Critical Reading,"A supermarket evaluated whether to replace old lighting. Supporters argued that it could reduce erosion, and early evidence showed that less sand was blown away. Critics pointed out that storage capacity was limited. The passage suggests that the value of the change depends on context, implementation, and how results are measured.",What is the writer's main argument?,The change should always be rejected because it has limitations.,Early positive evidence proves the change will work in every situation.,The topic cannot be evaluated using evidence or measurable outcomes.,The change should be judged by considering both its benefits and its limitations.,D,The passage presents both advantages and limitations and recommends balanced evaluation.
270,Environment,High,Critical Reading,"A farming community evaluated whether to protect sand dunes with vegetation. Supporters argued that it could cool public areas, and early evidence showed that lighting energy use decreased. Critics pointed out that other sources of waste remained. The passage suggests that the value of the change depends on context, implementation, and how results are measured.",What is the writer's main argument?,Early positive evidence proves the change will work in every situation.,The topic cannot be evaluated using evidence or measurable outcomes.,The change should be judged by considering both its benefits and its limitations.,The change should always be rejected because it has limitations.,C,The passage presents both advantages and limitations and recommends balanced evaluation.
271,Environment,High,Critical Reading,"A school evaluated whether to collect rainwater. Supporters argued that it could reduce erosion, and early evidence showed that more water was available in dry periods. Critics pointed out that strong storms could still cause damage. The passage suggests that the value of the change depends on context, implementation, and how results are measured.",What is the writer's main argument?,The topic cannot be evaluated using evidence or measurable outcomes.,The change should be judged by considering both its benefits and its limitations.,The change should always be rejected because it has limitations.,Early positive evidence proves the change will work in every situation.,B,The passage presents both advantages and limitations and recommends balanced evaluation.
272,Environment,High,Critical Reading,"A coastal town evaluated whether to replace old lighting. Supporters argued that it could cool public areas, and early evidence showed that less sand was blown away. Critics pointed out that sorting mistakes continued. The passage suggests that the value of the change depends on context, implementation, and how results are measured.",What is the writer's main argument?,The change should be judged by considering both its benefits and its limitations.,The change should always be rejected because it has limitations.,Early positive evidence proves the change will work in every situation.,The topic cannot be evaluated using evidence or measurable outcomes.,A,The passage presents both advantages and limitations and recommends balanced evaluation.
273,Health & Lifestyle,Low,Detail,"A student decided to walk after dinner. The main purpose was to feel more rested. After a short period, daily movement increased. The change was simple and easy to observe.",What was the main purpose of the action described in the passage?,Add regular movement.,Avoid dehydration.,Understand activity patterns.,Feel more rested.,D,The passage directly says the purpose was to feel more rested.
274,Health & Lifestyle,Low,Detail,"An office worker decided to drink more water. The main purpose was to understand activity patterns. After a short period, users became more aware of inactivity. The change was simple and easy to observe.",What was the main purpose of the action described in the passage?,Build a sustainable habit.,Reduce stiffness.,Understand activity patterns.,Feel more rested.,C,The passage directly says the purpose was to understand activity patterns.
275,Health & Lifestyle,Low,Detail,"A sports club decided to track daily movement. The main purpose was to feel more rested. After a short period, the person felt less thirsty during exercise. The change was simple and easy to observe.",What was the main purpose of the action described in the passage?,Add regular movement.,Feel more rested.,Avoid dehydration.,Understand activity patterns.,B,The passage directly says the purpose was to feel more rested.
276,Health & Lifestyle,Low,Detail,"A family decided to walk after dinner. The main purpose was to understand activity patterns. After a short period, daily movement increased. The change was simple and easy to observe.",What was the main purpose of the action described in the passage?,Understand activity patterns.,Build a sustainable habit.,Reduce stiffness.,Feel more rested.,A,The passage directly says the purpose was to understand activity patterns.
277,Health & Lifestyle,Low,Detail,"A school health program decided to drink more water. The main purpose was to feel more rested. After a short period, users became more aware of inactivity. The change was simple and easy to observe.",What was the main purpose of the action described in the passage?,Understand activity patterns.,Add regular movement.,Avoid dehydration.,Feel more rested.,D,The passage directly says the purpose was to feel more rested.
278,Health & Lifestyle,Low,Detail,"A fitness app user decided to track daily movement. The main purpose was to understand activity patterns. After a short period, the person felt less thirsty during exercise. The change was simple and easy to observe.",What was the main purpose of the action described in the passage?,Feel more rested.,Build a sustainable habit.,Understand activity patterns.,Reduce stiffness.,C,The passage directly says the purpose was to understand activity patterns.
279,Health & Lifestyle,Low,Detail,"A student decided to walk after dinner. The main purpose was to feel more rested. After a short period, daily movement increased. The change was simple and easy to observe.",What was the main purpose of the action described in the passage?,Understand activity patterns.,Feel more rested.,Add regular movement.,Avoid dehydration.,B,The passage directly says the purpose was to feel more rested.
280,Health & Lifestyle,Low,Detail,"An office worker decided to drink more water. The main purpose was to understand activity patterns. After a short period, users became more aware of inactivity. The change was simple and easy to observe.",What was the main purpose of the action described in the passage?,Understand activity patterns.,Feel more rested.,Build a sustainable habit.,Reduce stiffness.,A,The passage directly says the purpose was to understand activity patterns.
281,Health & Lifestyle,Low,Detail,"A sports club decided to track daily movement. The main purpose was to feel more rested. After a short period, the person felt less thirsty during exercise. The change was simple and easy to observe.",What was the main purpose of the action described in the passage?,Avoid dehydration.,Understand activity patterns.,Add regular movement.,Feel more rested.,D,The passage directly says the purpose was to feel more rested.
282,Health & Lifestyle,Low,Detail,"A family decided to walk after dinner. The main purpose was to understand activity patterns. After a short period, daily movement increased. The change was simple and easy to observe.",What was the main purpose of the action described in the passage?,Reduce stiffness.,Feel more rested.,Understand activity patterns.,Build a sustainable habit.,C,The passage directly says the purpose was to understand activity patterns.
283,Health & Lifestyle,Low,Detail,"A school health program decided to drink more water. The main purpose was to feel more rested. After a short period, users became more aware of inactivity. The change was simple and easy to observe.",What was the main purpose of the action described in the passage?,Avoid dehydration.,Feel more rested.,Understand activity patterns.,Add regular movement.,B,The passage directly says the purpose was to feel more rested.
284,Health & Lifestyle,Medium,Inference,"A student introduced a change: walk after dinner. The goal was to feel more rested. After several weeks, daily movement increased. However, sleep still depended on other habits. The evidence suggests that the approach helped, although it was not a complete solution.",Which conclusion is best supported by the passage?,"The change helped to feel more rested, but it had limitations.",The change solved every problem immediately.,The change had no measurable effect.,The original problem became worse only because more people participated.,A,The passage gives a positive result but also notes that sleep still depended on other habits.
285,Health & Lifestyle,Medium,Inference,"An office worker introduced a change: drink more water. The goal was to understand activity patterns. After several weeks, users became more aware of inactivity. However, busy days interrupted the routine. The evidence suggests that the approach helped, although it was not a complete solution.",Which conclusion is best supported by the passage?,The change solved every problem immediately.,The change had no measurable effect.,The original problem became worse only because more people participated.,"The change helped to understand activity patterns, but it had limitations.",D,The passage gives a positive result but also notes that busy days interrupted the routine.
286,Health & Lifestyle,Medium,Inference,"A sports club introduced a change: track daily movement. The goal was to feel more rested. After several weeks, the person felt less thirsty during exercise. However, results differed by person. The evidence suggests that the approach helped, although it was not a complete solution.",Which conclusion is best supported by the passage?,The change had no measurable effect.,The original problem became worse only because more people participated.,"The change helped to feel more rested, but it had limitations.",The change solved every problem immediately.,C,The passage gives a positive result but also notes that results differed by person.
287,Health & Lifestyle,Medium,Inference,"A family introduced a change: walk after dinner. The goal was to understand activity patterns. After several weeks, daily movement increased. However, tracking alone did not guarantee behavior change. The evidence suggests that the approach helped, although it was not a complete solution.",Which conclusion is best supported by the passage?,The original problem became worse only because more people participated.,"The change helped to understand activity patterns, but it had limitations.",The change solved every problem immediately.,The change had no measurable effect.,B,The passage gives a positive result but also notes that tracking alone did not guarantee behavior change.
288,Health & Lifestyle,Medium,Inference,"A school health program introduced a change: drink more water. The goal was to feel more rested. After several weeks, users became more aware of inactivity. However, progress was gradual. The evidence suggests that the approach helped, although it was not a complete solution.",Which conclusion is best supported by the passage?,"The change helped to feel more rested, but it had limitations.",The change solved every problem immediately.,The change had no measurable effect.,The original problem became worse only because more people participated.,A,The passage gives a positive result but also notes that progress was gradual.
289,Health & Lifestyle,Medium,Inference,"A fitness app user introduced a change: track daily movement. The goal was to understand activity patterns. After several weeks, the person felt less thirsty during exercise. However, water needs varied. The evidence suggests that the approach helped, although it was not a complete solution.",Which conclusion is best supported by the passage?,The change solved every problem immediately.,The change had no measurable effect.,The original problem became worse only because more people participated.,"The change helped to understand activity patterns, but it had limitations.",D,The passage gives a positive result but also notes that water needs varied.
290,Health & Lifestyle,Medium,Inference,"A student introduced a change: walk after dinner. The goal was to feel more rested. After several weeks, daily movement increased. However, sleep still depended on other habits. The evidence suggests that the approach helped, although it was not a complete solution.",Which conclusion is best supported by the passage?,The change had no measurable effect.,The original problem became worse only because more people participated.,"The change helped to feel more rested, but it had limitations.",The change solved every problem immediately.,C,The passage gives a positive result but also notes that sleep still depended on other habits.
291,Health & Lifestyle,Medium,Inference,"An office worker introduced a change: drink more water. The goal was to understand activity patterns. After several weeks, users became more aware of inactivity. However, busy days interrupted the routine. The evidence suggests that the approach helped, although it was not a complete solution.",Which conclusion is best supported by the passage?,The original problem became worse only because more people participated.,"The change helped to understand activity patterns, but it had limitations.",The change solved every problem immediately.,The change had no measurable effect.,B,The passage gives a positive result but also notes that busy days interrupted the routine.
292,Health & Lifestyle,Medium,Inference,"A sports club introduced a change: track daily movement. The goal was to feel more rested. After several weeks, the person felt less thirsty during exercise. However, results differed by person. The evidence suggests that the approach helped, although it was not a complete solution.",Which conclusion is best supported by the passage?,"The change helped to feel more rested, but it had limitations.",The change solved every problem immediately.,The change had no measurable effect.,The original problem became worse only because more people participated.,A,The passage gives a positive result but also notes that results differed by person.
293,Health & Lifestyle,Medium,Inference,"A family introduced a change: walk after dinner. The goal was to understand activity patterns. After several weeks, daily movement increased. However, tracking alone did not guarantee behavior change. The evidence suggests that the approach helped, although it was not a complete solution.",Which conclusion is best supported by the passage?,The change solved every problem immediately.,The change had no measurable effect.,The original problem became worse only because more people participated.,"The change helped to understand activity patterns, but it had limitations.",D,The passage gives a positive result but also notes that tracking alone did not guarantee behavior change.
294,Health & Lifestyle,Medium,Inference,"A school health program introduced a change: drink more water. The goal was to feel more rested. After several weeks, users became more aware of inactivity. However, progress was gradual. The evidence suggests that the approach helped, although it was not a complete solution.",Which conclusion is best supported by the passage?,The change had no measurable effect.,The original problem became worse only because more people participated.,"The change helped to feel more rested, but it had limitations.",The change solved every problem immediately.,C,The passage gives a positive result but also notes that progress was gradual.
295,Health & Lifestyle,Medium,Inference,"A fitness app user introduced a change: track daily movement. The goal was to understand activity patterns. After several weeks, the person felt less thirsty during exercise. However, water needs varied. The evidence suggests that the approach helped, although it was not a complete solution.",Which conclusion is best supported by the passage?,The original problem became worse only because more people participated.,"The change helped to understand activity patterns, but it had limitations.",The change solved every problem immediately.,The change had no measurable effect.,B,The passage gives a positive result but also notes that water needs varied.
296,Health & Lifestyle,Medium,Inference,"A student introduced a change: walk after dinner. The goal was to feel more rested. After several weeks, daily movement increased. However, sleep still depended on other habits. The evidence suggests that the approach helped, although it was not a complete solution.",Which conclusion is best supported by the passage?,"The change helped to feel more rested, but it had limitations.",The change solved every problem immediately.,The change had no measurable effect.,The original problem became worse only because more people participated.,A,The passage gives a positive result but also notes that sleep still depended on other habits.
297,Health & Lifestyle,Medium,Inference,"An office worker introduced a change: drink more water. The goal was to understand activity patterns. After several weeks, users became more aware of inactivity. However, busy days interrupted the routine. The evidence suggests that the approach helped, although it was not a complete solution.",Which conclusion is best supported by the passage?,The change solved every problem immediately.,The change had no measurable effect.,The original problem became worse only because more people participated.,"The change helped to understand activity patterns, but it had limitations.",D,The passage gives a positive result but also notes that busy days interrupted the routine.
298,Health & Lifestyle,Medium,Inference,"A sports club introduced a change: track daily movement. The goal was to feel more rested. After several weeks, the person felt less thirsty during exercise. However, results differed by person. The evidence suggests that the approach helped, although it was not a complete solution.",Which conclusion is best supported by the passage?,The change had no measurable effect.,The original problem became worse only because more people participated.,"The change helped to feel more rested, but it had limitations.",The change solved every problem immediately.,C,The passage gives a positive result but also notes that results differed by person.
299,Health & Lifestyle,Medium,Inference,"A family introduced a change: walk after dinner. The goal was to understand activity patterns. After several weeks, daily movement increased. However, tracking alone did not guarantee behavior change. The evidence suggests that the approach helped, although it was not a complete solution.",Which conclusion is best supported by the passage?,The original problem became worse only because more people participated.,"The change helped to understand activity patterns, but it had limitations.",The change solved every problem immediately.,The change had no measurable effect.,B,The passage gives a positive result but also notes that tracking alone did not guarantee behavior change.
300,Health & Lifestyle,High,Critical Reading,"A student evaluated whether to walk after dinner. Supporters argued that it could feel more rested, and early evidence showed that daily movement increased. Critics pointed out that sleep still depended on other habits. The passage suggests that the value of the change depends on context, implementation, and how results are measured.",What is the writer's main argument?,The change should be judged by considering both its benefits and its limitations.,The change should always be rejected because it has limitations.,Early positive evidence proves the change will work in every situation.,The topic cannot be evaluated using evidence or measurable outcomes.,A,The passage presents both advantages and limitations and recommends balanced evaluation.
301,Health & Lifestyle,High,Critical Reading,"An office worker evaluated whether to drink more water. Supporters argued that it could understand activity patterns, and early evidence showed that users became more aware of inactivity. Critics pointed out that busy days interrupted the routine. The passage suggests that the value of the change depends on context, implementation, and how results are measured.",What is the writer's main argument?,The change should always be rejected because it has limitations.,Early positive evidence proves the change will work in every situation.,The topic cannot be evaluated using evidence or measurable outcomes.,The change should be judged by considering both its benefits and its limitations.,D,The passage presents both advantages and limitations and recommends balanced evaluation.
302,Health & Lifestyle,High,Critical Reading,"A sports club evaluated whether to track daily movement. Supporters argued that it could feel more rested, and early evidence showed that the person felt less thirsty during exercise. Critics pointed out that results differed by person. The passage suggests that the value of the change depends on context, implementation, and how results are measured.",What is the writer's main argument?,Early positive evidence proves the change will work in every situation.,The topic cannot be evaluated using evidence or measurable outcomes.,The change should be judged by considering both its benefits and its limitations.,The change should always be rejected because it has limitations.,C,The passage presents both advantages and limitations and recommends balanced evaluation.
303,Health & Lifestyle,High,Critical Reading,"A family evaluated whether to walk after dinner. Supporters argued that it could understand activity patterns, and early evidence showed that daily movement increased. Critics pointed out that tracking alone did not guarantee behavior change. The passage suggests that the value of the change depends on context, implementation, and how results are measured.",What is the writer's main argument?,The topic cannot be evaluated using evidence or measurable outcomes.,The change should be judged by considering both its benefits and its limitations.,The change should always be rejected because it has limitations.,Early positive evidence proves the change will work in every situation.,B,The passage presents both advantages and limitations and recommends balanced evaluation.
304,Health & Lifestyle,High,Critical Reading,"A school health program evaluated whether to drink more water. Supporters argued that it could feel more rested, and early evidence showed that users became more aware of inactivity. Critics pointed out that progress was gradual. The passage suggests that the value of the change depends on context, implementation, and how results are measured.",What is the writer's main argument?,The change should be judged by considering both its benefits and its limitations.,The change should always be rejected because it has limitations.,Early positive evidence proves the change will work in every situation.,The topic cannot be evaluated using evidence or measurable outcomes.,A,The passage presents both advantages and limitations and recommends balanced evaluation.
305,Health & Lifestyle,High,Critical Reading,"A fitness app user evaluated whether to track daily movement. Supporters argued that it could understand activity patterns, and early evidence showed that the person felt less thirsty during exercise. Critics pointed out that water needs varied. The passage suggests that the value of the change depends on context, implementation, and how results are measured.",What is the writer's main argument?,The change should always be rejected because it has limitations.,Early positive evidence proves the change will work in every situation.,The topic cannot be evaluated using evidence or measurable outcomes.,The change should be judged by considering both its benefits and its limitations.,D,The passage presents both advantages and limitations and recommends balanced evaluation.
306,Health & Lifestyle,High,Critical Reading,"A student evaluated whether to walk after dinner. Supporters argued that it could feel more rested, and early evidence showed that daily movement increased. Critics pointed out that sleep still depended on other habits. The passage suggests that the value of the change depends on context, implementation, and how results are measured.",What is the writer's main argument?,Early positive evidence proves the change will work in every situation.,The topic cannot be evaluated using evidence or measurable outcomes.,The change should be judged by considering both its benefits and its limitations.,The change should always be rejected because it has limitations.,C,The passage presents both advantages and limitations and recommends balanced evaluation.
307,Health & Lifestyle,High,Critical Reading,"An office worker evaluated whether to drink more water. Supporters argued that it could understand activity patterns, and early evidence showed that users became more aware of inactivity. Critics pointed out that busy days interrupted the routine. The passage suggests that the value of the change depends on context, implementation, and how results are measured.",What is the writer's main argument?,The topic cannot be evaluated using evidence or measurable outcomes.,The change should be judged by considering both its benefits and its limitations.,The change should always be rejected because it has limitations.,Early positive evidence proves the change will work in every situation.,B,The passage presents both advantages and limitations and recommends balanced evaluation.
308,Health & Lifestyle,High,Critical Reading,"A sports club evaluated whether to track daily movement. Supporters argued that it could feel more rested, and early evidence showed that the person felt less thirsty during exercise. Critics pointed out that results differed by person. The passage suggests that the value of the change depends on context, implementation, and how results are measured.",What is the writer's main argument?,The change should be judged by considering both its benefits and its limitations.,The change should always be rejected because it has limitations.,Early positive evidence proves the change will work in every situation.,The topic cannot be evaluated using evidence or measurable outcomes.,A,The passage presents both advantages and limitations and recommends balanced evaluation.
309,Health & Lifestyle,High,Critical Reading,"A family evaluated whether to walk after dinner. Supporters argued that it could understand activity patterns, and early evidence showed that daily movement increased. Critics pointed out that tracking alone did not guarantee behavior change. The passage suggests that the value of the change depends on context, implementation, and how results are measured.",What is the writer's main argument?,The change should always be rejected because it has limitations.,Early positive evidence proves the change will work in every situation.,The topic cannot be evaluated using evidence or measurable outcomes.,The change should be judged by considering both its benefits and its limitations.,D,The passage presents both advantages and limitations and recommends balanced evaluation.
310,Health & Lifestyle,High,Critical Reading,"A school health program evaluated whether to drink more water. Supporters argued that it could feel more rested, and early evidence showed that users became more aware of inactivity. Critics pointed out that progress was gradual. The passage suggests that the value of the change depends on context, implementation, and how results are measured.",What is the writer's main argument?,Early positive evidence proves the change will work in every situation.,The topic cannot be evaluated using evidence or measurable outcomes.,The change should be judged by considering both its benefits and its limitations.,The change should always be rejected because it has limitations.,C,The passage presents both advantages and limitations and recommends balanced evaluation.
311,Culture & Society,Low,Detail,"A local museum decided to preserve traditional design. The main purpose was to increase cultural understanding. After a short period, visitors recognized traditional features. The change was simple and easy to observe.",What was the main purpose of the action described in the passage?,Encourage participation.,Increase cultural understanding.,Protect historical identity.,Reduce neighborhood conflict.,B,The passage directly says the purpose was to increase cultural understanding.
312,Culture & Society,Low,Detail,"A city library decided to create quiet-hour rules. The main purpose was to encourage participation. After a short period, attendance increased. The change was simple and easy to observe.",What was the main purpose of the action described in the passage?,Encourage participation.,Increase cultural understanding.,Preserve community memory.,Serve more residents.,A,The passage directly says the purpose was to encourage participation.
313,Culture & Society,Low,Detail,"A neighborhood decided to invite community performances. The main purpose was to increase cultural understanding. After a short period, complaints decreased. The change was simple and easy to observe.",What was the main purpose of the action described in the passage?,Reduce neighborhood conflict.,Encourage participation.,Protect historical identity.,Increase cultural understanding.,D,The passage directly says the purpose was to increase cultural understanding.
314,Culture & Society,Low,Detail,"A cultural center decided to preserve traditional design. The main purpose was to encourage participation. After a short period, visitors recognized traditional features. The change was simple and easy to observe.",What was the main purpose of the action described in the passage?,Serve more residents.,Increase cultural understanding.,Encourage participation.,Preserve community memory.,C,The passage directly says the purpose was to encourage participation.
315,Culture & Society,Low,Detail,"A school festival decided to create quiet-hour rules. The main purpose was to increase cultural understanding. After a short period, attendance increased. The change was simple and easy to observe.",What was the main purpose of the action described in the passage?,Reduce neighborhood conflict.,Increase cultural understanding.,Encourage participation.,Protect historical identity.,B,The passage directly says the purpose was to increase cultural understanding.
316,Culture & Society,Low,Detail,"A historic market decided to invite community performances. The main purpose was to encourage participation. After a short period, complaints decreased. The change was simple and easy to observe.",What was the main purpose of the action described in the passage?,Encourage participation.,Serve more residents.,Increase cultural understanding.,Preserve community memory.,A,The passage directly says the purpose was to encourage participation.
317,Culture & Society,Low,Detail,"A local museum decided to preserve traditional design. The main purpose was to increase cultural understanding. After a short period, visitors recognized traditional features. The change was simple and easy to observe.",What was the main purpose of the action described in the passage?,Protect historical identity.,Reduce neighborhood conflict.,Encourage participation.,Increase cultural understanding.,D,The passage directly says the purpose was to increase cultural understanding.
318,Culture & Society,Low,Detail,"A city library decided to create quiet-hour rules. The main purpose was to encourage participation. After a short period, attendance increased. The change was simple and easy to observe.",What was the main purpose of the action described in the passage?,Preserve community memory.,Serve more residents.,Encourage participation.,Increase cultural understanding.,C,The passage directly says the purpose was to encourage participation.
319,Culture & Society,Low,Detail,"A neighborhood decided to invite community performances. The main purpose was to increase cultural understanding. After a short period, complaints decreased. The change was simple and easy to observe.",What was the main purpose of the action described in the passage?,Protect historical identity.,Increase cultural understanding.,Reduce neighborhood conflict.,Encourage participation.,B,The passage directly says the purpose was to increase cultural understanding.
320,Culture & Society,Low,Detail,"A cultural center decided to preserve traditional design. The main purpose was to encourage participation. After a short period, visitors recognized traditional features. The change was simple and easy to observe.",What was the main purpose of the action described in the passage?,Encourage participation.,Preserve community memory.,Serve more residents.,Increase cultural understanding.,A,The passage directly says the purpose was to encourage participation.
321,Culture & Society,Low,Detail,"A school festival decided to create quiet-hour rules. The main purpose was to increase cultural understanding. After a short period, attendance increased. The change was simple and easy to observe.",What was the main purpose of the action described in the passage?,Encourage participation.,Protect historical identity.,Reduce neighborhood conflict.,Increase cultural understanding.,D,The passage directly says the purpose was to increase cultural understanding.
322,Culture & Society,Medium,Inference,"A local museum introduced a change: preserve traditional design. The goal was to increase cultural understanding. After several weeks, visitors recognized traditional features. However, events required careful planning. The evidence suggests that the approach helped, although it was not a complete solution.",Which conclusion is best supported by the passage?,The change had no measurable effect.,The original problem became worse only because more people participated.,"The change helped to increase cultural understanding, but it had limitations.",The change solved every problem immediately.,C,The passage gives a positive result but also notes that events required careful planning.
323,Culture & Society,Medium,Inference,"A city library introduced a change: create quiet-hour rules. The goal was to encourage participation. After several weeks, attendance increased. However, modern safety standards were still necessary. The evidence suggests that the approach helped, although it was not a complete solution.",Which conclusion is best supported by the passage?,The original problem became worse only because more people participated.,"The change helped to encourage participation, but it had limitations.",The change solved every problem immediately.,The change had no measurable effect.,B,The passage gives a positive result but also notes that modern safety standards were still necessary.
324,Culture & Society,Medium,Inference,"A neighborhood introduced a change: invite community performances. The goal was to increase cultural understanding. After several weeks, complaints decreased. However, not everyone agreed with the change. The evidence suggests that the approach helped, although it was not a complete solution.",Which conclusion is best supported by the passage?,"The change helped to increase cultural understanding, but it had limitations.",The change solved every problem immediately.,The change had no measurable effect.,The original problem became worse only because more people participated.,A,The passage gives a positive result but also notes that not everyone agreed with the change.
325,Culture & Society,Medium,Inference,"A cultural center introduced a change: preserve traditional design. The goal was to encourage participation. After several weeks, visitors recognized traditional features. However, participation varied between groups. The evidence suggests that the approach helped, although it was not a complete solution.",Which conclusion is best supported by the passage?,The change solved every problem immediately.,The change had no measurable effect.,The original problem became worse only because more people participated.,"The change helped to encourage participation, but it had limitations.",D,The passage gives a positive result but also notes that participation varied between groups.
326,Culture & Society,Medium,Inference,"A school festival introduced a change: create quiet-hour rules. The goal was to increase cultural understanding. After several weeks, attendance increased. However, some materials were expensive to maintain. The evidence suggests that the approach helped, although it was not a complete solution.",Which conclusion is best supported by the passage?,The change had no measurable effect.,The original problem became worse only because more people participated.,"The change helped to increase cultural understanding, but it had limitations.",The change solved every problem immediately.,C,The passage gives a positive result but also notes that some materials were expensive to maintain.
327,Culture & Society,Medium,Inference,"A historic market introduced a change: invite community performances. The goal was to encourage participation. After several weeks, complaints decreased. However, businesses wanted more flexibility. The evidence suggests that the approach helped, although it was not a complete solution.",Which conclusion is best supported by the passage?,The original problem became worse only because more people participated.,"The change helped to encourage participation, but it had limitations.",The change solved every problem immediately.,The change had no measurable effect.,B,The passage gives a positive result but also notes that businesses wanted more flexibility.
328,Culture & Society,Medium,Inference,"A local museum introduced a change: preserve traditional design. The goal was to increase cultural understanding. After several weeks, visitors recognized traditional features. However, events required careful planning. The evidence suggests that the approach helped, although it was not a complete solution.",Which conclusion is best supported by the passage?,"The change helped to increase cultural understanding, but it had limitations.",The change solved every problem immediately.,The change had no measurable effect.,The original problem became worse only because more people participated.,A,The passage gives a positive result but also notes that events required careful planning.
329,Culture & Society,Medium,Inference,"A city library introduced a change: create quiet-hour rules. The goal was to encourage participation. After several weeks, attendance increased. However, modern safety standards were still necessary. The evidence suggests that the approach helped, although it was not a complete solution.",Which conclusion is best supported by the passage?,The change solved every problem immediately.,The change had no measurable effect.,The original problem became worse only because more people participated.,"The change helped to encourage participation, but it had limitations.",D,The passage gives a positive result but also notes that modern safety standards were still necessary.
330,Culture & Society,Medium,Inference,"A neighborhood introduced a change: invite community performances. The goal was to increase cultural understanding. After several weeks, complaints decreased. However, not everyone agreed with the change. The evidence suggests that the approach helped, although it was not a complete solution.",Which conclusion is best supported by the passage?,The change had no measurable effect.,The original problem became worse only because more people participated.,"The change helped to increase cultural understanding, but it had limitations.",The change solved every problem immediately.,C,The passage gives a positive result but also notes that not everyone agreed with the change.
331,Culture & Society,Medium,Inference,"A cultural center introduced a change: preserve traditional design. The goal was to encourage participation. After several weeks, visitors recognized traditional features. However, participation varied between groups. The evidence suggests that the approach helped, although it was not a complete solution.",Which conclusion is best supported by the passage?,The original problem became worse only because more people participated.,"The change helped to encourage participation, but it had limitations.",The change solved every problem immediately.,The change had no measurable effect.,B,The passage gives a positive result but also notes that participation varied between groups.
332,Culture & Society,Medium,Inference,"A school festival introduced a change: create quiet-hour rules. The goal was to increase cultural understanding. After several weeks, attendance increased. However, some materials were expensive to maintain. The evidence suggests that the approach helped, although it was not a complete solution.",Which conclusion is best supported by the passage?,"The change helped to increase cultural understanding, but it had limitations.",The change solved every problem immediately.,The change had no measurable effect.,The original problem became worse only because more people participated.,A,The passage gives a positive result but also notes that some materials were expensive to maintain.
333,Culture & Society,Medium,Inference,"A historic market introduced a change: invite community performances. The goal was to encourage participation. After several weeks, complaints decreased. However, businesses wanted more flexibility. The evidence suggests that the approach helped, although it was not a complete solution.",Which conclusion is best supported by the passage?,The change solved every problem immediately.,The change had no measurable effect.,The original problem became worse only because more people participated.,"The change helped to encourage participation, but it had limitations.",D,The passage gives a positive result but also notes that businesses wanted more flexibility.
334,Culture & Society,Medium,Inference,"A local museum introduced a change: preserve traditional design. The goal was to increase cultural understanding. After several weeks, visitors recognized traditional features. However, events required careful planning. The evidence suggests that the approach helped, although it was not a complete solution.",Which conclusion is best supported by the passage?,The change had no measurable effect.,The original problem became worse only because more people participated.,"The change helped to increase cultural understanding, but it had limitations.",The change solved every problem immediately.,C,The passage gives a positive result but also notes that events required careful planning.
335,Culture & Society,Medium,Inference,"A city library introduced a change: create quiet-hour rules. The goal was to encourage participation. After several weeks, attendance increased. However, modern safety standards were still necessary. The evidence suggests that the approach helped, although it was not a complete solution.",Which conclusion is best supported by the passage?,The original problem became worse only because more people participated.,"The change helped to encourage participation, but it had limitations.",The change solved every problem immediately.,The change had no measurable effect.,B,The passage gives a positive result but also notes that modern safety standards were still necessary.
336,Culture & Society,Medium,Inference,"A neighborhood introduced a change: invite community performances. The goal was to increase cultural understanding. After several weeks, complaints decreased. However, not everyone agreed with the change. The evidence suggests that the approach helped, although it was not a complete solution.",Which conclusion is best supported by the passage?,"The change helped to increase cultural understanding, but it had limitations.",The change solved every problem immediately.,The change had no measurable effect.,The original problem became worse only because more people participated.,A,The passage gives a positive result but also notes that not everyone agreed with the change.
337,Culture & Society,Medium,Inference,"A cultural center introduced a change: preserve traditional design. The goal was to encourage participation. After several weeks, visitors recognized traditional features. However, participation varied between groups. The evidence suggests that the approach helped, although it was not a complete solution.",Which conclusion is best supported by the passage?,The change solved every problem immediately.,The change had no measurable effect.,The original problem became worse only because more people participated.,"The change helped to encourage participation, but it had limitations.",D,The passage gives a positive result but also notes that participation varied between groups.
338,Culture & Society,High,Critical Reading,"A local museum evaluated whether to preserve traditional design. Supporters argued that it could increase cultural understanding, and early evidence showed that visitors recognized traditional features. Critics pointed out that events required careful planning. The passage suggests that the value of the change depends on context, implementation, and how results are measured.",What is the writer's main argument?,Early positive evidence proves the change will work in every situation.,The topic cannot be evaluated using evidence or measurable outcomes.,The change should be judged by considering both its benefits and its limitations.,The change should always be rejected because it has limitations.,C,The passage presents both advantages and limitations and recommends balanced evaluation.
339,Culture & Society,High,Critical Reading,"A city library evaluated whether to create quiet-hour rules. Supporters argued that it could encourage participation, and early evidence showed that attendance increased. Critics pointed out that modern safety standards were still necessary. The passage suggests that the value of the change depends on context, implementation, and how results are measured.",What is the writer's main argument?,The topic cannot be evaluated using evidence or measurable outcomes.,The change should be judged by considering both its benefits and its limitations.,The change should always be rejected because it has limitations.,Early positive evidence proves the change will work in every situation.,B,The passage presents both advantages and limitations and recommends balanced evaluation.
340,Culture & Society,High,Critical Reading,"A neighborhood evaluated whether to invite community performances. Supporters argued that it could increase cultural understanding, and early evidence showed that complaints decreased. Critics pointed out that not everyone agreed with the change. The passage suggests that the value of the change depends on context, implementation, and how results are measured.",What is the writer's main argument?,The change should be judged by considering both its benefits and its limitations.,The change should always be rejected because it has limitations.,Early positive evidence proves the change will work in every situation.,The topic cannot be evaluated using evidence or measurable outcomes.,A,The passage presents both advantages and limitations and recommends balanced evaluation.
341,Culture & Society,High,Critical Reading,"A cultural center evaluated whether to preserve traditional design. Supporters argued that it could encourage participation, and early evidence showed that visitors recognized traditional features. Critics pointed out that participation varied between groups. The passage suggests that the value of the change depends on context, implementation, and how results are measured.",What is the writer's main argument?,The change should always be rejected because it has limitations.,Early positive evidence proves the change will work in every situation.,The topic cannot be evaluated using evidence or measurable outcomes.,The change should be judged by considering both its benefits and its limitations.,D,The passage presents both advantages and limitations and recommends balanced evaluation.
342,Culture & Society,High,Critical Reading,"A school festival evaluated whether to create quiet-hour rules. Supporters argued that it could increase cultural understanding, and early evidence showed that attendance increased. Critics pointed out that some materials were expensive to maintain. The passage suggests that the value of the change depends on context, implementation, and how results are measured.",What is the writer's main argument?,Early positive evidence proves the change will work in every situation.,The topic cannot be evaluated using evidence or measurable outcomes.,The change should be judged by considering both its benefits and its limitations.,The change should always be rejected because it has limitations.,C,The passage presents both advantages and limitations and recommends balanced evaluation.
343,Culture & Society,High,Critical Reading,"A historic market evaluated whether to invite community performances. Supporters argued that it could encourage participation, and early evidence showed that complaints decreased. Critics pointed out that businesses wanted more flexibility. The passage suggests that the value of the change depends on context, implementation, and how results are measured.",What is the writer's main argument?,The topic cannot be evaluated using evidence or measurable outcomes.,The change should be judged by considering both its benefits and its limitations.,The change should always be rejected because it has limitations.,Early positive evidence proves the change will work in every situation.,B,The passage presents both advantages and limitations and recommends balanced evaluation.
344,Culture & Society,High,Critical Reading,"A local museum evaluated whether to preserve traditional design. Supporters argued that it could increase cultural understanding, and early evidence showed that visitors recognized traditional features. Critics pointed out that events required careful planning. The passage suggests that the value of the change depends on context, implementation, and how results are measured.",What is the writer's main argument?,The change should be judged by considering both its benefits and its limitations.,The change should always be rejected because it has limitations.,Early positive evidence proves the change will work in every situation.,The topic cannot be evaluated using evidence or measurable outcomes.,A,The passage presents both advantages and limitations and recommends balanced evaluation.
345,Culture & Society,High,Critical Reading,"A city library evaluated whether to create quiet-hour rules. Supporters argued that it could encourage participation, and early evidence showed that attendance increased. Critics pointed out that modern safety standards were still necessary. The passage suggests that the value of the change depends on context, implementation, and how results are measured.",What is the writer's main argument?,The change should always be rejected because it has limitations.,Early positive evidence proves the change will work in every situation.,The topic cannot be evaluated using evidence or measurable outcomes.,The change should be judged by considering both its benefits and its limitations.,D,The passage presents both advantages and limitations and recommends balanced evaluation.
346,Culture & Society,High,Critical Reading,"A neighborhood evaluated whether to invite community performances. Supporters argued that it could increase cultural understanding, and early evidence showed that complaints decreased. Critics pointed out that not everyone agreed with the change. The passage suggests that the value of the change depends on context, implementation, and how results are measured.",What is the writer's main argument?,Early positive evidence proves the change will work in every situation.,The topic cannot be evaluated using evidence or measurable outcomes.,The change should be judged by considering both its benefits and its limitations.,The change should always be rejected because it has limitations.,C,The passage presents both advantages and limitations and recommends balanced evaluation.
347,Culture & Society,High,Critical Reading,"A cultural center evaluated whether to preserve traditional design. Supporters argued that it could encourage participation, and early evidence showed that visitors recognized traditional features. Critics pointed out that participation varied between groups. The passage suggests that the value of the change depends on context, implementation, and how results are measured.",What is the writer's main argument?,The topic cannot be evaluated using evidence or measurable outcomes.,The change should be judged by considering both its benefits and its limitations.,The change should always be rejected because it has limitations.,Early positive evidence proves the change will work in every situation.,B,The passage presents both advantages and limitations and recommends balanced evaluation.
348,Culture & Society,High,Critical Reading,"A school festival evaluated whether to create quiet-hour rules. Supporters argued that it could increase cultural understanding, and early evidence showed that attendance increased. Critics pointed out that some materials were expensive to maintain. The passage suggests that the value of the change depends on context, implementation, and how results are measured.",What is the writer's main argument?,The change should be judged by considering both its benefits and its limitations.,The change should always be rejected because it has limitations.,Early positive evidence proves the change will work in every situation.,The topic cannot be evaluated using evidence or measurable outcomes.,A,The passage presents both advantages and limitations and recommends balanced evaluation.
349,Travel & Geography,Low,Detail,"A traveler decided to use timed entry tickets. The main purpose was to prepare for changing weather. After a short period, crowding became easier to manage. The change was simple and easy to observe.",What was the main purpose of the action described in the passage?,Control crowding.,Arrive before an important meeting.,Help visitors plan routes.,Prepare for changing weather.,D,The passage directly says the purpose was to prepare for changing weather.
350,Travel & Geography,Low,Detail,"A tour group decided to compare two flight routes. The main purpose was to help visitors plan routes. After a short period, visitors made faster decisions. The change was simple and easy to observe.",What was the main purpose of the action described in the passage?,Reduce confusion.,Reach attractions efficiently.,Help visitors plan routes.,Prepare for changing weather.,C,The passage directly says the purpose was to help visitors plan routes.
351,Travel & Geography,Low,Detail,"A railway company decided to provide clearer travel information. The main purpose was to prepare for changing weather. After a short period, the traveler arrived on time. The change was simple and easy to observe.",What was the main purpose of the action described in the passage?,Control crowding.,Prepare for changing weather.,Arrive before an important meeting.,Help visitors plan routes.,B,The passage directly says the purpose was to prepare for changing weather.
352,Travel & Geography,Low,Detail,"A hiking guide decided to use timed entry tickets. The main purpose was to help visitors plan routes. After a short period, crowding became easier to manage. The change was simple and easy to observe.",What was the main purpose of the action described in the passage?,Help visitors plan routes.,Reduce confusion.,Reach attractions efficiently.,Prepare for changing weather.,A,The passage directly says the purpose was to help visitors plan routes.
353,Travel & Geography,Low,Detail,"A tourist city decided to compare two flight routes. The main purpose was to prepare for changing weather. After a short period, visitors made faster decisions. The change was simple and easy to observe.",What was the main purpose of the action described in the passage?,Help visitors plan routes.,Control crowding.,Arrive before an important meeting.,Prepare for changing weather.,D,The passage directly says the purpose was to prepare for changing weather.
354,Travel & Geography,Low,Detail,"A transport planner decided to provide clearer travel information. The main purpose was to help visitors plan routes. After a short period, the traveler arrived on time. The change was simple and easy to observe.",What was the main purpose of the action described in the passage?,Prepare for changing weather.,Reduce confusion.,Help visitors plan routes.,Reach attractions efficiently.,C,The passage directly says the purpose was to help visitors plan routes.
355,Travel & Geography,Low,Detail,"A traveler decided to use timed entry tickets. The main purpose was to prepare for changing weather. After a short period, crowding became easier to manage. The change was simple and easy to observe.",What was the main purpose of the action described in the passage?,Help visitors plan routes.,Prepare for changing weather.,Control crowding.,Arrive before an important meeting.,B,The passage directly says the purpose was to prepare for changing weather.
356,Travel & Geography,Low,Detail,"A tour group decided to compare two flight routes. The main purpose was to help visitors plan routes. After a short period, visitors made faster decisions. The change was simple and easy to observe.",What was the main purpose of the action described in the passage?,Help visitors plan routes.,Prepare for changing weather.,Reduce confusion.,Reach attractions efficiently.,A,The passage directly says the purpose was to help visitors plan routes.
357,Travel & Geography,Low,Detail,"A railway company decided to provide clearer travel information. The main purpose was to prepare for changing weather. After a short period, the traveler arrived on time. The change was simple and easy to observe.",What was the main purpose of the action described in the passage?,Arrive before an important meeting.,Help visitors plan routes.,Control crowding.,Prepare for changing weather.,D,The passage directly says the purpose was to prepare for changing weather.
358,Travel & Geography,Low,Detail,"A hiking guide decided to use timed entry tickets. The main purpose was to help visitors plan routes. After a short period, crowding became easier to manage. The change was simple and easy to observe.",What was the main purpose of the action described in the passage?,Reach attractions efficiently.,Prepare for changing weather.,Help visitors plan routes.,Reduce confusion.,C,The passage directly says the purpose was to help visitors plan routes.
359,Travel & Geography,Low,Detail,"A tourist city decided to compare two flight routes. The main purpose was to prepare for changing weather. After a short period, visitors made faster decisions. The change was simple and easy to observe.",What was the main purpose of the action described in the passage?,Arrive before an important meeting.,Prepare for changing weather.,Help visitors plan routes.,Control crowding.,B,The passage directly says the purpose was to prepare for changing weather.
360,Travel & Geography,Medium,Inference,"A traveler introduced a change: use timed entry tickets. The goal was to prepare for changing weather. After several weeks, crowding became easier to manage. However, weather could still change suddenly. The evidence suggests that the approach helped, although it was not a complete solution.",Which conclusion is best supported by the passage?,"The change helped to prepare for changing weather, but it had limitations.",The change solved every problem immediately.,The change had no measurable effect.,The original problem became worse only because more people participated.,A,The passage gives a positive result but also notes that weather could still change suddenly.
361,Travel & Geography,Medium,Inference,"A tour group introduced a change: compare two flight routes. The goal was to help visitors plan routes. After several weeks, visitors made faster decisions. However, peak periods were still busy. The evidence suggests that the approach helped, although it was not a complete solution.",Which conclusion is best supported by the passage?,The change solved every problem immediately.,The change had no measurable effect.,The original problem became worse only because more people participated.,"The change helped to help visitors plan routes, but it had limitations.",D,The passage gives a positive result but also notes that peak periods were still busy.
362,Travel & Geography,Medium,Inference,"A railway company introduced a change: provide clearer travel information. The goal was to prepare for changing weather. After several weeks, the traveler arrived on time. However, the hotel was farther from the center. The evidence suggests that the approach helped, although it was not a complete solution.",Which conclusion is best supported by the passage?,The change had no measurable effect.,The original problem became worse only because more people participated.,"The change helped to prepare for changing weather, but it had limitations.",The change solved every problem immediately.,C,The passage gives a positive result but also notes that the hotel was farther from the center.
363,Travel & Geography,Medium,Inference,"A hiking guide introduced a change: use timed entry tickets. The goal was to help visitors plan routes. After several weeks, crowding became easier to manage. However, some visitors needed additional help. The evidence suggests that the approach helped, although it was not a complete solution.",Which conclusion is best supported by the passage?,The original problem became worse only because more people participated.,"The change helped to help visitors plan routes, but it had limitations.",The change solved every problem immediately.,The change had no measurable effect.,B,The passage gives a positive result but also notes that some visitors needed additional help.
364,Travel & Geography,Medium,Inference,"A tourist city introduced a change: compare two flight routes. The goal was to prepare for changing weather. After several weeks, visitors made faster decisions. However, delays could still occur. The evidence suggests that the approach helped, although it was not a complete solution.",Which conclusion is best supported by the passage?,"The change helped to prepare for changing weather, but it had limitations.",The change solved every problem immediately.,The change had no measurable effect.,The original problem became worse only because more people participated.,A,The passage gives a positive result but also notes that delays could still occur.
365,Travel & Geography,Medium,Inference,"A transport planner introduced a change: provide clearer travel information. The goal was to help visitors plan routes. After several weeks, the traveler arrived on time. However, the faster route cost more. The evidence suggests that the approach helped, although it was not a complete solution.",Which conclusion is best supported by the passage?,The change solved every problem immediately.,The change had no measurable effect.,The original problem became worse only because more people participated.,"The change helped to help visitors plan routes, but it had limitations.",D,The passage gives a positive result but also notes that the faster route cost more.
366,Travel & Geography,Medium,Inference,"A traveler introduced a change: use timed entry tickets. The goal was to prepare for changing weather. After several weeks, crowding became easier to manage. However, weather could still change suddenly. The evidence suggests that the approach helped, although it was not a complete solution.",Which conclusion is best supported by the passage?,The change had no measurable effect.,The original problem became worse only because more people participated.,"The change helped to prepare for changing weather, but it had limitations.",The change solved every problem immediately.,C,The passage gives a positive result but also notes that weather could still change suddenly.
367,Travel & Geography,Medium,Inference,"A tour group introduced a change: compare two flight routes. The goal was to help visitors plan routes. After several weeks, visitors made faster decisions. However, peak periods were still busy. The evidence suggests that the approach helped, although it was not a complete solution.",Which conclusion is best supported by the passage?,The original problem became worse only because more people participated.,"The change helped to help visitors plan routes, but it had limitations.",The change solved every problem immediately.,The change had no measurable effect.,B,The passage gives a positive result but also notes that peak periods were still busy.
368,Travel & Geography,Medium,Inference,"A railway company introduced a change: provide clearer travel information. The goal was to prepare for changing weather. After several weeks, the traveler arrived on time. However, the hotel was farther from the center. The evidence suggests that the approach helped, although it was not a complete solution.",Which conclusion is best supported by the passage?,"The change helped to prepare for changing weather, but it had limitations.",The change solved every problem immediately.,The change had no measurable effect.,The original problem became worse only because more people participated.,A,The passage gives a positive result but also notes that the hotel was farther from the center.
369,Travel & Geography,Medium,Inference,"A hiking guide introduced a change: use timed entry tickets. The goal was to help visitors plan routes. After several weeks, crowding became easier to manage. However, some visitors needed additional help. The evidence suggests that the approach helped, although it was not a complete solution.",Which conclusion is best supported by the passage?,The change solved every problem immediately.,The change had no measurable effect.,The original problem became worse only because more people participated.,"The change helped to help visitors plan routes, but it had limitations.",D,The passage gives a positive result but also notes that some visitors needed additional help.
370,Travel & Geography,Medium,Inference,"A tourist city introduced a change: compare two flight routes. The goal was to prepare for changing weather. After several weeks, visitors made faster decisions. However, delays could still occur. The evidence suggests that the approach helped, although it was not a complete solution.",Which conclusion is best supported by the passage?,The change had no measurable effect.,The original problem became worse only because more people participated.,"The change helped to prepare for changing weather, but it had limitations.",The change solved every problem immediately.,C,The passage gives a positive result but also notes that delays could still occur.
371,Travel & Geography,Medium,Inference,"A transport planner introduced a change: provide clearer travel information. The goal was to help visitors plan routes. After several weeks, the traveler arrived on time. However, the faster route cost more. The evidence suggests that the approach helped, although it was not a complete solution.",Which conclusion is best supported by the passage?,The original problem became worse only because more people participated.,"The change helped to help visitors plan routes, but it had limitations.",The change solved every problem immediately.,The change had no measurable effect.,B,The passage gives a positive result but also notes that the faster route cost more.
372,Travel & Geography,Medium,Inference,"A traveler introduced a change: use timed entry tickets. The goal was to prepare for changing weather. After several weeks, crowding became easier to manage. However, weather could still change suddenly. The evidence suggests that the approach helped, although it was not a complete solution.",Which conclusion is best supported by the passage?,"The change helped to prepare for changing weather, but it had limitations.",The change solved every problem immediately.,The change had no measurable effect.,The original problem became worse only because more people participated.,A,The passage gives a positive result but also notes that weather could still change suddenly.
373,Travel & Geography,Medium,Inference,"A tour group introduced a change: compare two flight routes. The goal was to help visitors plan routes. After several weeks, visitors made faster decisions. However, peak periods were still busy. The evidence suggests that the approach helped, although it was not a complete solution.",Which conclusion is best supported by the passage?,The change solved every problem immediately.,The change had no measurable effect.,The original problem became worse only because more people participated.,"The change helped to help visitors plan routes, but it had limitations.",D,The passage gives a positive result but also notes that peak periods were still busy.
374,Travel & Geography,Medium,Inference,"A railway company introduced a change: provide clearer travel information. The goal was to prepare for changing weather. After several weeks, the traveler arrived on time. However, the hotel was farther from the center. The evidence suggests that the approach helped, although it was not a complete solution.",Which conclusion is best supported by the passage?,The change had no measurable effect.,The original problem became worse only because more people participated.,"The change helped to prepare for changing weather, but it had limitations.",The change solved every problem immediately.,C,The passage gives a positive result but also notes that the hotel was farther from the center.
375,Travel & Geography,Medium,Inference,"A hiking guide introduced a change: use timed entry tickets. The goal was to help visitors plan routes. After several weeks, crowding became easier to manage. However, some visitors needed additional help. The evidence suggests that the approach helped, although it was not a complete solution.",Which conclusion is best supported by the passage?,The original problem became worse only because more people participated.,"The change helped to help visitors plan routes, but it had limitations.",The change solved every problem immediately.,The change had no measurable effect.,B,The passage gives a positive result but also notes that some visitors needed additional help.
376,Travel & Geography,High,Critical Reading,"A traveler evaluated whether to use timed entry tickets. Supporters argued that it could prepare for changing weather, and early evidence showed that crowding became easier to manage. Critics pointed out that weather could still change suddenly. The passage suggests that the value of the change depends on context, implementation, and how results are measured.",What is the writer's main argument?,The change should be judged by considering both its benefits and its limitations.,The change should always be rejected because it has limitations.,Early positive evidence proves the change will work in every situation.,The topic cannot be evaluated using evidence or measurable outcomes.,A,The passage presents both advantages and limitations and recommends balanced evaluation.
377,Travel & Geography,High,Critical Reading,"A tour group evaluated whether to compare two flight routes. Supporters argued that it could help visitors plan routes, and early evidence showed that visitors made faster decisions. Critics pointed out that peak periods were still busy. The passage suggests that the value of the change depends on context, implementation, and how results are measured.",What is the writer's main argument?,The change should always be rejected because it has limitations.,Early positive evidence proves the change will work in every situation.,The topic cannot be evaluated using evidence or measurable outcomes.,The change should be judged by considering both its benefits and its limitations.,D,The passage presents both advantages and limitations and recommends balanced evaluation.
378,Travel & Geography,High,Critical Reading,"A railway company evaluated whether to provide clearer travel information. Supporters argued that it could prepare for changing weather, and early evidence showed that the traveler arrived on time. Critics pointed out that the hotel was farther from the center. The passage suggests that the value of the change depends on context, implementation, and how results are measured.",What is the writer's main argument?,Early positive evidence proves the change will work in every situation.,The topic cannot be evaluated using evidence or measurable outcomes.,The change should be judged by considering both its benefits and its limitations.,The change should always be rejected because it has limitations.,C,The passage presents both advantages and limitations and recommends balanced evaluation.
379,Travel & Geography,High,Critical Reading,"A hiking guide evaluated whether to use timed entry tickets. Supporters argued that it could help visitors plan routes, and early evidence showed that crowding became easier to manage. Critics pointed out that some visitors needed additional help. The passage suggests that the value of the change depends on context, implementation, and how results are measured.",What is the writer's main argument?,The topic cannot be evaluated using evidence or measurable outcomes.,The change should be judged by considering both its benefits and its limitations.,The change should always be rejected because it has limitations.,Early positive evidence proves the change will work in every situation.,B,The passage presents both advantages and limitations and recommends balanced evaluation.
380,Travel & Geography,High,Critical Reading,"A tourist city evaluated whether to compare two flight routes. Supporters argued that it could prepare for changing weather, and early evidence showed that visitors made faster decisions. Critics pointed out that delays could still occur. The passage suggests that the value of the change depends on context, implementation, and how results are measured.",What is the writer's main argument?,The change should be judged by considering both its benefits and its limitations.,The change should always be rejected because it has limitations.,Early positive evidence proves the change will work in every situation.,The topic cannot be evaluated using evidence or measurable outcomes.,A,The passage presents both advantages and limitations and recommends balanced evaluation.
381,Travel & Geography,High,Critical Reading,"A transport planner evaluated whether to provide clearer travel information. Supporters argued that it could help visitors plan routes, and early evidence showed that the traveler arrived on time. Critics pointed out that the faster route cost more. The passage suggests that the value of the change depends on context, implementation, and how results are measured.",What is the writer's main argument?,The change should always be rejected because it has limitations.,Early positive evidence proves the change will work in every situation.,The topic cannot be evaluated using evidence or measurable outcomes.,The change should be judged by considering both its benefits and its limitations.,D,The passage presents both advantages and limitations and recommends balanced evaluation.
382,Travel & Geography,High,Critical Reading,"A traveler evaluated whether to use timed entry tickets. Supporters argued that it could prepare for changing weather, and early evidence showed that crowding became easier to manage. Critics pointed out that weather could still change suddenly. The passage suggests that the value of the change depends on context, implementation, and how results are measured.",What is the writer's main argument?,Early positive evidence proves the change will work in every situation.,The topic cannot be evaluated using evidence or measurable outcomes.,The change should be judged by considering both its benefits and its limitations.,The change should always be rejected because it has limitations.,C,The passage presents both advantages and limitations and recommends balanced evaluation.
383,Travel & Geography,High,Critical Reading,"A tour group evaluated whether to compare two flight routes. Supporters argued that it could help visitors plan routes, and early evidence showed that visitors made faster decisions. Critics pointed out that peak periods were still busy. The passage suggests that the value of the change depends on context, implementation, and how results are measured.",What is the writer's main argument?,The topic cannot be evaluated using evidence or measurable outcomes.,The change should be judged by considering both its benefits and its limitations.,The change should always be rejected because it has limitations.,Early positive evidence proves the change will work in every situation.,B,The passage presents both advantages and limitations and recommends balanced evaluation.
384,Travel & Geography,High,Critical Reading,"A railway company evaluated whether to provide clearer travel information. Supporters argued that it could prepare for changing weather, and early evidence showed that the traveler arrived on time. Critics pointed out that the hotel was farther from the center. The passage suggests that the value of the change depends on context, implementation, and how results are measured.",What is the writer's main argument?,The change should be judged by considering both its benefits and its limitations.,The change should always be rejected because it has limitations.,Early positive evidence proves the change will work in every situation.,The topic cannot be evaluated using evidence or measurable outcomes.,A,The passage presents both advantages and limitations and recommends balanced evaluation.
385,Travel & Geography,High,Critical Reading,"A hiking guide evaluated whether to use timed entry tickets. Supporters argued that it could help visitors plan routes, and early evidence showed that crowding became easier to manage. Critics pointed out that some visitors needed additional help. The passage suggests that the value of the change depends on context, implementation, and how results are measured.",What is the writer's main argument?,The change should always be rejected because it has limitations.,Early positive evidence proves the change will work in every situation.,The topic cannot be evaluated using evidence or measurable outcomes.,The change should be judged by considering both its benefits and its limitations.,D,The passage presents both advantages and limitations and recommends balanced evaluation.
386,Travel & Geography,High,Critical Reading,"A tourist city evaluated whether to compare two flight routes. Supporters argued that it could prepare for changing weather, and early evidence showed that visitors made faster decisions. Critics pointed out that delays could still occur. The passage suggests that the value of the change depends on context, implementation, and how results are measured.",What is the writer's main argument?,Early positive evidence proves the change will work in every situation.,The topic cannot be evaluated using evidence or measurable outcomes.,The change should be judged by considering both its benefits and its limitations.,The change should always be rejected because it has limitations.,C,The passage presents both advantages and limitations and recommends balanced evaluation.
387,Business & Work,Low,Detail,"A startup decided to remove a low-demand product. The main purpose was to measure sales quality. After a short period, ingredient waste decreased. The change was simple and easy to observe.",What was the main purpose of the action described in the passage?,Support new employees.,Measure sales quality.,Reduce waste and cost.,Prevent recurring errors.,B,The passage directly says the purpose was to measure sales quality.
388,Business & Work,Low,Detail,"A restaurant decided to analyze the source of defects. The main purpose was to support new employees. After a short period, new staff made fewer mistakes. The change was simple and easy to observe.",What was the main purpose of the action described in the passage?,Support new employees.,Measure sales quality.,Improve service.,Turn more visitors into customers.,A,The passage directly says the purpose was to support new employees.
389,Business & Work,Low,Detail,"A sales team decided to improve written work instructions. The main purpose was to measure sales quality. After a short period, defects fell over time. The change was simple and easy to observe.",What was the main purpose of the action described in the passage?,Prevent recurring errors.,Support new employees.,Reduce waste and cost.,Measure sales quality.,D,The passage directly says the purpose was to measure sales quality.
390,Business & Work,Low,Detail,"A factory decided to remove a low-demand product. The main purpose was to support new employees. After a short period, ingredient waste decreased. The change was simple and easy to observe.",What was the main purpose of the action described in the passage?,Turn more visitors into customers.,Measure sales quality.,Support new employees.,Improve service.,C,The passage directly says the purpose was to support new employees.
391,Business & Work,Low,Detail,"A small retailer decided to analyze the source of defects. The main purpose was to measure sales quality. After a short period, new staff made fewer mistakes. The change was simple and easy to observe.",What was the main purpose of the action described in the passage?,Prevent recurring errors.,Measure sales quality.,Support new employees.,Reduce waste and cost.,B,The passage directly says the purpose was to measure sales quality.
392,Business & Work,Low,Detail,"A service company decided to improve written work instructions. The main purpose was to support new employees. After a short period, defects fell over time. The change was simple and easy to observe.",What was the main purpose of the action described in the passage?,Support new employees.,Turn more visitors into customers.,Measure sales quality.,Improve service.,A,The passage directly says the purpose was to support new employees.
393,Business & Work,Low,Detail,"A startup decided to remove a low-demand product. The main purpose was to measure sales quality. After a short period, ingredient waste decreased. The change was simple and easy to observe.",What was the main purpose of the action described in the passage?,Reduce waste and cost.,Prevent recurring errors.,Support new employees.,Measure sales quality.,D,The passage directly says the purpose was to measure sales quality.
394,Business & Work,Low,Detail,"A restaurant decided to analyze the source of defects. The main purpose was to support new employees. After a short period, new staff made fewer mistakes. The change was simple and easy to observe.",What was the main purpose of the action described in the passage?,Improve service.,Turn more visitors into customers.,Support new employees.,Measure sales quality.,C,The passage directly says the purpose was to support new employees.
395,Business & Work,Low,Detail,"A sales team decided to improve written work instructions. The main purpose was to measure sales quality. After a short period, defects fell over time. The change was simple and easy to observe.",What was the main purpose of the action described in the passage?,Reduce waste and cost.,Measure sales quality.,Prevent recurring errors.,Support new employees.,B,The passage directly says the purpose was to measure sales quality.
396,Business & Work,Low,Detail,"A factory decided to remove a low-demand product. The main purpose was to support new employees. After a short period, ingredient waste decreased. The change was simple and easy to observe.",What was the main purpose of the action described in the passage?,Support new employees.,Improve service.,Turn more visitors into customers.,Measure sales quality.,A,The passage directly says the purpose was to support new employees.
397,Business & Work,Low,Detail,"A small retailer decided to analyze the source of defects. The main purpose was to measure sales quality. After a short period, new staff made fewer mistakes. The change was simple and easy to observe.",What was the main purpose of the action described in the passage?,Support new employees.,Reduce waste and cost.,Prevent recurring errors.,Measure sales quality.,D,The passage directly says the purpose was to measure sales quality.
398,Business & Work,Medium,Inference,"A startup introduced a change: remove a low-demand product. The goal was to measure sales quality. After several weeks, ingredient waste decreased. However, call volume remained important. The evidence suggests that the approach helped, although it was not a complete solution.",Which conclusion is best supported by the passage?,The change had no measurable effect.,The original problem became worse only because more people participated.,"The change helped to measure sales quality, but it had limitations.",The change solved every problem immediately.,C,The passage gives a positive result but also notes that call volume remained important.
399,Business & Work,Medium,Inference,"A restaurant introduced a change: analyze the source of defects. The goal was to support new employees. After several weeks, new staff made fewer mistakes. However, some customers still wanted the old product. The evidence suggests that the approach helped, although it was not a complete solution.",Which conclusion is best supported by the passage?,The original problem became worse only because more people participated.,"The change helped to support new employees, but it had limitations.",The change solved every problem immediately.,The change had no measurable effect.,B,The passage gives a positive result but also notes that some customers still wanted the old product.
400,Business & Work,Medium,Inference,"A sales team introduced a change: improve written work instructions. The goal was to measure sales quality. After several weeks, defects fell over time. However, traffic alone did not guarantee sales. The evidence suggests that the approach helped, although it was not a complete solution.",Which conclusion is best supported by the passage?,"The change helped to measure sales quality, but it had limitations.",The change solved every problem immediately.,The change had no measurable effect.,The original problem became worse only because more people participated.,A,The passage gives a positive result but also notes that traffic alone did not guarantee sales.
401,Business & Work,Medium,Inference,"A factory introduced a change: remove a low-demand product. The goal was to support new employees. After several weeks, ingredient waste decreased. However, experienced staff needed less guidance. The evidence suggests that the approach helped, although it was not a complete solution.",Which conclusion is best supported by the passage?,The change solved every problem immediately.,The change had no measurable effect.,The original problem became worse only because more people participated.,"The change helped to support new employees, but it had limitations.",D,The passage gives a positive result but also notes that experienced staff needed less guidance.
402,Business & Work,Medium,Inference,"A small retailer introduced a change: analyze the source of defects. The goal was to measure sales quality. After several weeks, new staff made fewer mistakes. However, feedback did not represent every customer. The evidence suggests that the approach helped, although it was not a complete solution.",Which conclusion is best supported by the passage?,The change had no measurable effect.,The original problem became worse only because more people participated.,"The change helped to measure sales quality, but it had limitations.",The change solved every problem immediately.,C,The passage gives a positive result but also notes that feedback did not represent every customer.
403,Business & Work,Medium,Inference,"A service company introduced a change: improve written work instructions. The goal was to support new employees. After several weeks, defects fell over time. However, inspection was still necessary. The evidence suggests that the approach helped, although it was not a complete solution.",Which conclusion is best supported by the passage?,The original problem became worse only because more people participated.,"The change helped to support new employees, but it had limitations.",The change solved every problem immediately.,The change had no measurable effect.,B,The passage gives a positive result but also notes that inspection was still necessary.
404,Business & Work,Medium,Inference,"A startup introduced a change: remove a low-demand product. The goal was to measure sales quality. After several weeks, ingredient waste decreased. However, call volume remained important. The evidence suggests that the approach helped, although it was not a complete solution.",Which conclusion is best supported by the passage?,"The change helped to measure sales quality, but it had limitations.",The change solved every problem immediately.,The change had no measurable effect.,The original problem became worse only because more people participated.,A,The passage gives a positive result but also notes that call volume remained important.
405,Business & Work,Medium,Inference,"A restaurant introduced a change: analyze the source of defects. The goal was to support new employees. After several weeks, new staff made fewer mistakes. However, some customers still wanted the old product. The evidence suggests that the approach helped, although it was not a complete solution.",Which conclusion is best supported by the passage?,The change solved every problem immediately.,The change had no measurable effect.,The original problem became worse only because more people participated.,"The change helped to support new employees, but it had limitations.",D,The passage gives a positive result but also notes that some customers still wanted the old product.
406,Business & Work,Medium,Inference,"A sales team introduced a change: improve written work instructions. The goal was to measure sales quality. After several weeks, defects fell over time. However, traffic alone did not guarantee sales. The evidence suggests that the approach helped, although it was not a complete solution.",Which conclusion is best supported by the passage?,The change had no measurable effect.,The original problem became worse only because more people participated.,"The change helped to measure sales quality, but it had limitations.",The change solved every problem immediately.,C,The passage gives a positive result but also notes that traffic alone did not guarantee sales.
407,Business & Work,Medium,Inference,"A factory introduced a change: remove a low-demand product. The goal was to support new employees. After several weeks, ingredient waste decreased. However, experienced staff needed less guidance. The evidence suggests that the approach helped, although it was not a complete solution.",Which conclusion is best supported by the passage?,The original problem became worse only because more people participated.,"The change helped to support new employees, but it had limitations.",The change solved every problem immediately.,The change had no measurable effect.,B,The passage gives a positive result but also notes that experienced staff needed less guidance.
408,Business & Work,Medium,Inference,"A small retailer introduced a change: analyze the source of defects. The goal was to measure sales quality. After several weeks, new staff made fewer mistakes. However, feedback did not represent every customer. The evidence suggests that the approach helped, although it was not a complete solution.",Which conclusion is best supported by the passage?,"The change helped to measure sales quality, but it had limitations.",The change solved every problem immediately.,The change had no measurable effect.,The original problem became worse only because more people participated.,A,The passage gives a positive result but also notes that feedback did not represent every customer.
409,Business & Work,Medium,Inference,"A service company introduced a change: improve written work instructions. The goal was to support new employees. After several weeks, defects fell over time. However, inspection was still necessary. The evidence suggests that the approach helped, although it was not a complete solution.",Which conclusion is best supported by the passage?,The change solved every problem immediately.,The change had no measurable effect.,The original problem became worse only because more people participated.,"The change helped to support new employees, but it had limitations.",D,The passage gives a positive result but also notes that inspection was still necessary.
410,Business & Work,Medium,Inference,"A startup introduced a change: remove a low-demand product. The goal was to measure sales quality. After several weeks, ingredient waste decreased. However, call volume remained important. The evidence suggests that the approach helped, although it was not a complete solution.",Which conclusion is best supported by the passage?,The change had no measurable effect.,The original problem became worse only because more people participated.,"The change helped to measure sales quality, but it had limitations.",The change solved every problem immediately.,C,The passage gives a positive result but also notes that call volume remained important.
411,Business & Work,Medium,Inference,"A restaurant introduced a change: analyze the source of defects. The goal was to support new employees. After several weeks, new staff made fewer mistakes. However, some customers still wanted the old product. The evidence suggests that the approach helped, although it was not a complete solution.",Which conclusion is best supported by the passage?,The original problem became worse only because more people participated.,"The change helped to support new employees, but it had limitations.",The change solved every problem immediately.,The change had no measurable effect.,B,The passage gives a positive result but also notes that some customers still wanted the old product.
412,Business & Work,Medium,Inference,"A sales team introduced a change: improve written work instructions. The goal was to measure sales quality. After several weeks, defects fell over time. However, traffic alone did not guarantee sales. The evidence suggests that the approach helped, although it was not a complete solution.",Which conclusion is best supported by the passage?,"The change helped to measure sales quality, but it had limitations.",The change solved every problem immediately.,The change had no measurable effect.,The original problem became worse only because more people participated.,A,The passage gives a positive result but also notes that traffic alone did not guarantee sales.
413,Business & Work,Medium,Inference,"A factory introduced a change: remove a low-demand product. The goal was to support new employees. After several weeks, ingredient waste decreased. However, experienced staff needed less guidance. The evidence suggests that the approach helped, although it was not a complete solution.",Which conclusion is best supported by the passage?,The change solved every problem immediately.,The change had no measurable effect.,The original problem became worse only because more people participated.,"The change helped to support new employees, but it had limitations.",D,The passage gives a positive result but also notes that experienced staff needed less guidance.
414,Business & Work,High,Critical Reading,"A startup evaluated whether to remove a low-demand product. Supporters argued that it could measure sales quality, and early evidence showed that ingredient waste decreased. Critics pointed out that call volume remained important. The passage suggests that the value of the change depends on context, implementation, and how results are measured.",What is the writer's main argument?,Early positive evidence proves the change will work in every situation.,The topic cannot be evaluated using evidence or measurable outcomes.,The change should be judged by considering both its benefits and its limitations.,The change should always be rejected because it has limitations.,C,The passage presents both advantages and limitations and recommends balanced evaluation.
415,Business & Work,High,Critical Reading,"A restaurant evaluated whether to analyze the source of defects. Supporters argued that it could support new employees, and early evidence showed that new staff made fewer mistakes. Critics pointed out that some customers still wanted the old product. The passage suggests that the value of the change depends on context, implementation, and how results are measured.",What is the writer's main argument?,The topic cannot be evaluated using evidence or measurable outcomes.,The change should be judged by considering both its benefits and its limitations.,The change should always be rejected because it has limitations.,Early positive evidence proves the change will work in every situation.,B,The passage presents both advantages and limitations and recommends balanced evaluation.
416,Business & Work,High,Critical Reading,"A sales team evaluated whether to improve written work instructions. Supporters argued that it could measure sales quality, and early evidence showed that defects fell over time. Critics pointed out that traffic alone did not guarantee sales. The passage suggests that the value of the change depends on context, implementation, and how results are measured.",What is the writer's main argument?,The change should be judged by considering both its benefits and its limitations.,The change should always be rejected because it has limitations.,Early positive evidence proves the change will work in every situation.,The topic cannot be evaluated using evidence or measurable outcomes.,A,The passage presents both advantages and limitations and recommends balanced evaluation.
417,Business & Work,High,Critical Reading,"A factory evaluated whether to remove a low-demand product. Supporters argued that it could support new employees, and early evidence showed that ingredient waste decreased. Critics pointed out that experienced staff needed less guidance. The passage suggests that the value of the change depends on context, implementation, and how results are measured.",What is the writer's main argument?,The change should always be rejected because it has limitations.,Early positive evidence proves the change will work in every situation.,The topic cannot be evaluated using evidence or measurable outcomes.,The change should be judged by considering both its benefits and its limitations.,D,The passage presents both advantages and limitations and recommends balanced evaluation.
418,Business & Work,High,Critical Reading,"A small retailer evaluated whether to analyze the source of defects. Supporters argued that it could measure sales quality, and early evidence showed that new staff made fewer mistakes. Critics pointed out that feedback did not represent every customer. The passage suggests that the value of the change depends on context, implementation, and how results are measured.",What is the writer's main argument?,Early positive evidence proves the change will work in every situation.,The topic cannot be evaluated using evidence or measurable outcomes.,The change should be judged by considering both its benefits and its limitations.,The change should always be rejected because it has limitations.,C,The passage presents both advantages and limitations and recommends balanced evaluation.
419,Business & Work,High,Critical Reading,"A service company evaluated whether to improve written work instructions. Supporters argued that it could support new employees, and early evidence showed that defects fell over time. Critics pointed out that inspection was still necessary. The passage suggests that the value of the change depends on context, implementation, and how results are measured.",What is the writer's main argument?,The topic cannot be evaluated using evidence or measurable outcomes.,The change should be judged by considering both its benefits and its limitations.,The change should always be rejected because it has limitations.,Early positive evidence proves the change will work in every situation.,B,The passage presents both advantages and limitations and recommends balanced evaluation.
420,Business & Work,High,Critical Reading,"A startup evaluated whether to remove a low-demand product. Supporters argued that it could measure sales quality, and early evidence showed that ingredient waste decreased. Critics pointed out that call volume remained important. The passage suggests that the value of the change depends on context, implementation, and how results are measured.",What is the writer's main argument?,The change should be judged by considering both its benefits and its limitations.,The change should always be rejected because it has limitations.,Early positive evidence proves the change will work in every situation.,The topic cannot be evaluated using evidence or measurable outcomes.,A,The passage presents both advantages and limitations and recommends balanced evaluation.
421,Business & Work,High,Critical Reading,"A restaurant evaluated whether to analyze the source of defects. Supporters argued that it could support new employees, and early evidence showed that new staff made fewer mistakes. Critics pointed out that some customers still wanted the old product. The passage suggests that the value of the change depends on context, implementation, and how results are measured.",What is the writer's main argument?,The change should always be rejected because it has limitations.,Early positive evidence proves the change will work in every situation.,The topic cannot be evaluated using evidence or measurable outcomes.,The change should be judged by considering both its benefits and its limitations.,D,The passage presents both advantages and limitations and recommends balanced evaluation.
422,Business & Work,High,Critical Reading,"A sales team evaluated whether to improve written work instructions. Supporters argued that it could measure sales quality, and early evidence showed that defects fell over time. Critics pointed out that traffic alone did not guarantee sales. The passage suggests that the value of the change depends on context, implementation, and how results are measured.",What is the writer's main argument?,Early positive evidence proves the change will work in every situation.,The topic cannot be evaluated using evidence or measurable outcomes.,The change should be judged by considering both its benefits and its limitations.,The change should always be rejected because it has limitations.,C,The passage presents both advantages and limitations and recommends balanced evaluation.
423,Business & Work,High,Critical Reading,"A factory evaluated whether to remove a low-demand product. Supporters argued that it could support new employees, and early evidence showed that ingredient waste decreased. Critics pointed out that experienced staff needed less guidance. The passage suggests that the value of the change depends on context, implementation, and how results are measured.",What is the writer's main argument?,The topic cannot be evaluated using evidence or measurable outcomes.,The change should be judged by considering both its benefits and its limitations.,The change should always be rejected because it has limitations.,Early positive evidence proves the change will work in every situation.,B,The passage presents both advantages and limitations and recommends balanced evaluation.
424,Business & Work,High,Critical Reading,"A small retailer evaluated whether to analyze the source of defects. Supporters argued that it could measure sales quality, and early evidence showed that new staff made fewer mistakes. Critics pointed out that feedback did not represent every customer. The passage suggests that the value of the change depends on context, implementation, and how results are measured.",What is the writer's main argument?,The change should be judged by considering both its benefits and its limitations.,The change should always be rejected because it has limitations.,Early positive evidence proves the change will work in every situation.,The topic cannot be evaluated using evidence or measurable outcomes.,A,The passage presents both advantages and limitations and recommends balanced evaluation.
425,History & Innovation,Low,Detail,"A historian decided to examine railway timekeeping. The main purpose was to understand earlier daily life. After a short period, the link between schedules and standard time became clear. The change was simple and easy to observe.",What was the main purpose of the action described in the passage?,Explain standardized time.,Show changes in communication speed.,Separate technical success from market success.,Understand earlier daily life.,D,The passage directly says the purpose was to understand earlier daily life.
426,History & Innovation,Low,Detail,"A museum class decided to analyze the telegraph. The main purpose was to separate technical success from market success. After a short period, students recognized the role of cost and infrastructure. The change was simple and easy to observe.",What was the main purpose of the action described in the passage?,Connect technology with social change.,Understand how information spread.,Separate technical success from market success.,Understand earlier daily life.,C,The passage directly says the purpose was to separate technical success from market success.
427,History & Innovation,Low,Detail,"A technology researcher decided to evaluate why inventions fail commercially. The main purpose was to understand earlier daily life. After a short period, communication changes became easier to explain. The change was simple and easy to observe.",What was the main purpose of the action described in the passage?,Explain standardized time.,Understand earlier daily life.,Show changes in communication speed.,Separate technical success from market success.,B,The passage directly says the purpose was to understand earlier daily life.
428,History & Innovation,Low,Detail,"A transport historian decided to examine railway timekeeping. The main purpose was to separate technical success from market success. After a short period, the link between schedules and standard time became clear. The change was simple and easy to observe.",What was the main purpose of the action described in the passage?,Separate technical success from market success.,Connect technology with social change.,Understand how information spread.,Understand earlier daily life.,A,The passage directly says the purpose was to separate technical success from market success.
429,History & Innovation,Low,Detail,"An innovation team decided to analyze the telegraph. The main purpose was to understand earlier daily life. After a short period, students recognized the role of cost and infrastructure. The change was simple and easy to observe.",What was the main purpose of the action described in the passage?,Separate technical success from market success.,Explain standardized time.,Show changes in communication speed.,Understand earlier daily life.,D,The passage directly says the purpose was to understand earlier daily life.
430,History & Innovation,Low,Detail,"A university lecturer decided to evaluate why inventions fail commercially. The main purpose was to separate technical success from market success. After a short period, communication changes became easier to explain. The change was simple and easy to observe.",What was the main purpose of the action described in the passage?,Understand earlier daily life.,Connect technology with social change.,Separate technical success from market success.,Understand how information spread.,C,The passage directly says the purpose was to separate technical success from market success.
431,History & Innovation,Low,Detail,"A historian decided to examine railway timekeeping. The main purpose was to understand earlier daily life. After a short period, the link between schedules and standard time became clear. The change was simple and easy to observe.",What was the main purpose of the action described in the passage?,Separate technical success from market success.,Understand earlier daily life.,Explain standardized time.,Show changes in communication speed.,B,The passage directly says the purpose was to understand earlier daily life.
432,History & Innovation,Low,Detail,"A museum class decided to analyze the telegraph. The main purpose was to separate technical success from market success. After a short period, students recognized the role of cost and infrastructure. The change was simple and easy to observe.",What was the main purpose of the action described in the passage?,Separate technical success from market success.,Understand earlier daily life.,Connect technology with social change.,Understand how information spread.,A,The passage directly says the purpose was to separate technical success from market success.
433,History & Innovation,Low,Detail,"A technology researcher decided to evaluate why inventions fail commercially. The main purpose was to understand earlier daily life. After a short period, communication changes became easier to explain. The change was simple and easy to observe.",What was the main purpose of the action described in the passage?,Show changes in communication speed.,Separate technical success from market success.,Explain standardized time.,Understand earlier daily life.,D,The passage directly says the purpose was to understand earlier daily life.
434,History & Innovation,Low,Detail,"A transport historian decided to examine railway timekeeping. The main purpose was to separate technical success from market success. After a short period, the link between schedules and standard time became clear. The change was simple and easy to observe.",What was the main purpose of the action described in the passage?,Understand how information spread.,Understand earlier daily life.,Separate technical success from market success.,Connect technology with social change.,C,The passage directly says the purpose was to separate technical success from market success.
435,History & Innovation,Low,Detail,"An innovation team decided to analyze the telegraph. The main purpose was to understand earlier daily life. After a short period, students recognized the role of cost and infrastructure. The change was simple and easy to observe.",What was the main purpose of the action described in the passage?,Show changes in communication speed.,Understand earlier daily life.,Separate technical success from market success.,Explain standardized time.,B,The passage directly says the purpose was to understand earlier daily life.
436,History & Innovation,Medium,Inference,"A historian introduced a change: examine railway timekeeping. The goal was to understand earlier daily life. After several weeks, the link between schedules and standard time became clear. However, older methods varied by climate. The evidence suggests that the approach helped, although it was not a complete solution.",Which conclusion is best supported by the passage?,"The change helped to understand earlier daily life, but it had limitations.",The change solved every problem immediately.,The change had no measurable effect.,The original problem became worse only because more people participated.,A,The passage gives a positive result but also notes that older methods varied by climate.
437,History & Innovation,Medium,Inference,"A museum class introduced a change: analyze the telegraph. The goal was to separate technical success from market success. After several weeks, students recognized the role of cost and infrastructure. However, different regions adopted systems at different times. The evidence suggests that the approach helped, although it was not a complete solution.",Which conclusion is best supported by the passage?,The change solved every problem immediately.,The change had no measurable effect.,The original problem became worse only because more people participated.,"The change helped to separate technical success from market success, but it had limitations.",D,The passage gives a positive result but also notes that different regions adopted systems at different times.
438,History & Innovation,Medium,Inference,"A technology researcher introduced a change: evaluate why inventions fail commercially. The goal was to understand earlier daily life. After several weeks, communication changes became easier to explain. However, historical change was gradual. The evidence suggests that the approach helped, although it was not a complete solution.",Which conclusion is best supported by the passage?,The change had no measurable effect.,The original problem became worse only because more people participated.,"The change helped to understand earlier daily life, but it had limitations.",The change solved every problem immediately.,C,The passage gives a positive result but also notes that historical change was gradual.
439,History & Innovation,Medium,Inference,"A transport historian introduced a change: examine railway timekeeping. The goal was to separate technical success from market success. After several weeks, the link between schedules and standard time became clear. However, commercial outcomes depended on many factors. The evidence suggests that the approach helped, although it was not a complete solution.",Which conclusion is best supported by the passage?,The original problem became worse only because more people participated.,"The change helped to separate technical success from market success, but it had limitations.",The change solved every problem immediately.,The change had no measurable effect.,B,The passage gives a positive result but also notes that commercial outcomes depended on many factors.
440,History & Innovation,Medium,Inference,"An innovation team introduced a change: analyze the telegraph. The goal was to understand earlier daily life. After several weeks, students recognized the role of cost and infrastructure. However, social effects differed across groups. The evidence suggests that the approach helped, although it was not a complete solution.",Which conclusion is best supported by the passage?,"The change helped to understand earlier daily life, but it had limitations.",The change solved every problem immediately.,The change had no measurable effect.,The original problem became worse only because more people participated.,A,The passage gives a positive result but also notes that social effects differed across groups.
441,History & Innovation,Medium,Inference,"A university lecturer introduced a change: evaluate why inventions fail commercially. The goal was to separate technical success from market success. After several weeks, communication changes became easier to explain. However, technology was not equally available everywhere. The evidence suggests that the approach helped, although it was not a complete solution.",Which conclusion is best supported by the passage?,The change solved every problem immediately.,The change had no measurable effect.,The original problem became worse only because more people participated.,"The change helped to separate technical success from market success, but it had limitations.",D,The passage gives a positive result but also notes that technology was not equally available everywhere.
442,History & Innovation,Medium,Inference,"A historian introduced a change: examine railway timekeeping. The goal was to understand earlier daily life. After several weeks, the link between schedules and standard time became clear. However, older methods varied by climate. The evidence suggests that the approach helped, although it was not a complete solution.",Which conclusion is best supported by the passage?,The change had no measurable effect.,The original problem became worse only because more people participated.,"The change helped to understand earlier daily life, but it had limitations.",The change solved every problem immediately.,C,The passage gives a positive result but also notes that older methods varied by climate.
443,History & Innovation,Medium,Inference,"A museum class introduced a change: analyze the telegraph. The goal was to separate technical success from market success. After several weeks, students recognized the role of cost and infrastructure. However, different regions adopted systems at different times. The evidence suggests that the approach helped, although it was not a complete solution.",Which conclusion is best supported by the passage?,The original problem became worse only because more people participated.,"The change helped to separate technical success from market success, but it had limitations.",The change solved every problem immediately.,The change had no measurable effect.,B,The passage gives a positive result but also notes that different regions adopted systems at different times.
444,History & Innovation,Medium,Inference,"A technology researcher introduced a change: evaluate why inventions fail commercially. The goal was to understand earlier daily life. After several weeks, communication changes became easier to explain. However, historical change was gradual. The evidence suggests that the approach helped, although it was not a complete solution.",Which conclusion is best supported by the passage?,"The change helped to understand earlier daily life, but it had limitations.",The change solved every problem immediately.,The change had no measurable effect.,The original problem became worse only because more people participated.,A,The passage gives a positive result but also notes that historical change was gradual.
445,History & Innovation,Medium,Inference,"A transport historian introduced a change: examine railway timekeeping. The goal was to separate technical success from market success. After several weeks, the link between schedules and standard time became clear. However, commercial outcomes depended on many factors. The evidence suggests that the approach helped, although it was not a complete solution.",Which conclusion is best supported by the passage?,The change solved every problem immediately.,The change had no measurable effect.,The original problem became worse only because more people participated.,"The change helped to separate technical success from market success, but it had limitations.",D,The passage gives a positive result but also notes that commercial outcomes depended on many factors.
446,History & Innovation,Medium,Inference,"An innovation team introduced a change: analyze the telegraph. The goal was to understand earlier daily life. After several weeks, students recognized the role of cost and infrastructure. However, social effects differed across groups. The evidence suggests that the approach helped, although it was not a complete solution.",Which conclusion is best supported by the passage?,The change had no measurable effect.,The original problem became worse only because more people participated.,"The change helped to understand earlier daily life, but it had limitations.",The change solved every problem immediately.,C,The passage gives a positive result but also notes that social effects differed across groups.
447,History & Innovation,Medium,Inference,"A university lecturer introduced a change: evaluate why inventions fail commercially. The goal was to separate technical success from market success. After several weeks, communication changes became easier to explain. However, technology was not equally available everywhere. The evidence suggests that the approach helped, although it was not a complete solution.",Which conclusion is best supported by the passage?,The original problem became worse only because more people participated.,"The change helped to separate technical success from market success, but it had limitations.",The change solved every problem immediately.,The change had no measurable effect.,B,The passage gives a positive result but also notes that technology was not equally available everywhere.
448,History & Innovation,Medium,Inference,"A historian introduced a change: examine railway timekeeping. The goal was to understand earlier daily life. After several weeks, the link between schedules and standard time became clear. However, older methods varied by climate. The evidence suggests that the approach helped, although it was not a complete solution.",Which conclusion is best supported by the passage?,"The change helped to understand earlier daily life, but it had limitations.",The change solved every problem immediately.,The change had no measurable effect.,The original problem became worse only because more people participated.,A,The passage gives a positive result but also notes that older methods varied by climate.
449,History & Innovation,Medium,Inference,"A museum class introduced a change: analyze the telegraph. The goal was to separate technical success from market success. After several weeks, students recognized the role of cost and infrastructure. However, different regions adopted systems at different times. The evidence suggests that the approach helped, although it was not a complete solution.",Which conclusion is best supported by the passage?,The change solved every problem immediately.,The change had no measurable effect.,The original problem became worse only because more people participated.,"The change helped to separate technical success from market success, but it had limitations.",D,The passage gives a positive result but also notes that different regions adopted systems at different times.
450,History & Innovation,Medium,Inference,"A technology researcher introduced a change: evaluate why inventions fail commercially. The goal was to understand earlier daily life. After several weeks, communication changes became easier to explain. However, historical change was gradual. The evidence suggests that the approach helped, although it was not a complete solution.",Which conclusion is best supported by the passage?,The change had no measurable effect.,The original problem became worse only because more people participated.,"The change helped to understand earlier daily life, but it had limitations.",The change solved every problem immediately.,C,The passage gives a positive result but also notes that historical change was gradual.
451,History & Innovation,Medium,Inference,"A transport historian introduced a change: examine railway timekeeping. The goal was to separate technical success from market success. After several weeks, the link between schedules and standard time became clear. However, commercial outcomes depended on many factors. The evidence suggests that the approach helped, although it was not a complete solution.",Which conclusion is best supported by the passage?,The original problem became worse only because more people participated.,"The change helped to separate technical success from market success, but it had limitations.",The change solved every problem immediately.,The change had no measurable effect.,B,The passage gives a positive result but also notes that commercial outcomes depended on many factors.
452,History & Innovation,High,Critical Reading,"A historian evaluated whether to examine railway timekeeping. Supporters argued that it could understand earlier daily life, and early evidence showed that the link between schedules and standard time became clear. Critics pointed out that older methods varied by climate. The passage suggests that the value of the change depends on context, implementation, and how results are measured.",What is the writer's main argument?,The change should be judged by considering both its benefits and its limitations.,The change should always be rejected because it has limitations.,Early positive evidence proves the change will work in every situation.,The topic cannot be evaluated using evidence or measurable outcomes.,A,The passage presents both advantages and limitations and recommends balanced evaluation.
453,History & Innovation,High,Critical Reading,"A museum class evaluated whether to analyze the telegraph. Supporters argued that it could separate technical success from market success, and early evidence showed that students recognized the role of cost and infrastructure. Critics pointed out that different regions adopted systems at different times. The passage suggests that the value of the change depends on context, implementation, and how results are measured.",What is the writer's main argument?,The change should always be rejected because it has limitations.,Early positive evidence proves the change will work in every situation.,The topic cannot be evaluated using evidence or measurable outcomes.,The change should be judged by considering both its benefits and its limitations.,D,The passage presents both advantages and limitations and recommends balanced evaluation.
454,History & Innovation,High,Critical Reading,"A technology researcher evaluated whether to evaluate why inventions fail commercially. Supporters argued that it could understand earlier daily life, and early evidence showed that communication changes became easier to explain. Critics pointed out that historical change was gradual. The passage suggests that the value of the change depends on context, implementation, and how results are measured.",What is the writer's main argument?,Early positive evidence proves the change will work in every situation.,The topic cannot be evaluated using evidence or measurable outcomes.,The change should be judged by considering both its benefits and its limitations.,The change should always be rejected because it has limitations.,C,The passage presents both advantages and limitations and recommends balanced evaluation.
455,History & Innovation,High,Critical Reading,"A transport historian evaluated whether to examine railway timekeeping. Supporters argued that it could separate technical success from market success, and early evidence showed that the link between schedules and standard time became clear. Critics pointed out that commercial outcomes depended on many factors. The passage suggests that the value of the change depends on context, implementation, and how results are measured.",What is the writer's main argument?,The topic cannot be evaluated using evidence or measurable outcomes.,The change should be judged by considering both its benefits and its limitations.,The change should always be rejected because it has limitations.,Early positive evidence proves the change will work in every situation.,B,The passage presents both advantages and limitations and recommends balanced evaluation.
456,History & Innovation,High,Critical Reading,"An innovation team evaluated whether to analyze the telegraph. Supporters argued that it could understand earlier daily life, and early evidence showed that students recognized the role of cost and infrastructure. Critics pointed out that social effects differed across groups. The passage suggests that the value of the change depends on context, implementation, and how results are measured.",What is the writer's main argument?,The change should be judged by considering both its benefits and its limitations.,The change should always be rejected because it has limitations.,Early positive evidence proves the change will work in every situation.,The topic cannot be evaluated using evidence or measurable outcomes.,A,The passage presents both advantages and limitations and recommends balanced evaluation.
457,History & Innovation,High,Critical Reading,"A university lecturer evaluated whether to evaluate why inventions fail commercially. Supporters argued that it could separate technical success from market success, and early evidence showed that communication changes became easier to explain. Critics pointed out that technology was not equally available everywhere. The passage suggests that the value of the change depends on context, implementation, and how results are measured.",What is the writer's main argument?,The change should always be rejected because it has limitations.,Early positive evidence proves the change will work in every situation.,The topic cannot be evaluated using evidence or measurable outcomes.,The change should be judged by considering both its benefits and its limitations.,D,The passage presents both advantages and limitations and recommends balanced evaluation.
458,History & Innovation,High,Critical Reading,"A historian evaluated whether to examine railway timekeeping. Supporters argued that it could understand earlier daily life, and early evidence showed that the link between schedules and standard time became clear. Critics pointed out that older methods varied by climate. The passage suggests that the value of the change depends on context, implementation, and how results are measured.",What is the writer's main argument?,Early positive evidence proves the change will work in every situation.,The topic cannot be evaluated using evidence or measurable outcomes.,The change should be judged by considering both its benefits and its limitations.,The change should always be rejected because it has limitations.,C,The passage presents both advantages and limitations and recommends balanced evaluation.
459,History & Innovation,High,Critical Reading,"A museum class evaluated whether to analyze the telegraph. Supporters argued that it could separate technical success from market success, and early evidence showed that students recognized the role of cost and infrastructure. Critics pointed out that different regions adopted systems at different times. The passage suggests that the value of the change depends on context, implementation, and how results are measured.",What is the writer's main argument?,The topic cannot be evaluated using evidence or measurable outcomes.,The change should be judged by considering both its benefits and its limitations.,The change should always be rejected because it has limitations.,Early positive evidence proves the change will work in every situation.,B,The passage presents both advantages and limitations and recommends balanced evaluation.
460,History & Innovation,High,Critical Reading,"A technology researcher evaluated whether to evaluate why inventions fail commercially. Supporters argued that it could understand earlier daily life, and early evidence showed that communication changes became easier to explain. Critics pointed out that historical change was gradual. The passage suggests that the value of the change depends on context, implementation, and how results are measured.",What is the writer's main argument?,The change should be judged by considering both its benefits and its limitations.,The change should always be rejected because it has limitations.,Early positive evidence proves the change will work in every situation.,The topic cannot be evaluated using evidence or measurable outcomes.,A,The passage presents both advantages and limitations and recommends balanced evaluation.
461,History & Innovation,High,Critical Reading,"A transport historian evaluated whether to examine railway timekeeping. Supporters argued that it could separate technical success from market success, and early evidence showed that the link between schedules and standard time became clear. Critics pointed out that commercial outcomes depended on many factors. The passage suggests that the value of the change depends on context, implementation, and how results are measured.",What is the writer's main argument?,The change should always be rejected because it has limitations.,Early positive evidence proves the change will work in every situation.,The topic cannot be evaluated using evidence or measurable outcomes.,The change should be judged by considering both its benefits and its limitations.,D,The passage presents both advantages and limitations and recommends balanced evaluation.
462,History & Innovation,High,Critical Reading,"An innovation team evaluated whether to analyze the telegraph. Supporters argued that it could understand earlier daily life, and early evidence showed that students recognized the role of cost and infrastructure. Critics pointed out that social effects differed across groups. The passage suggests that the value of the change depends on context, implementation, and how results are measured.",What is the writer's main argument?,Early positive evidence proves the change will work in every situation.,The topic cannot be evaluated using evidence or measurable outcomes.,The change should be judged by considering both its benefits and its limitations.,The change should always be rejected because it has limitations.,C,The passage presents both advantages and limitations and recommends balanced evaluation.
463,Media & Communication,Low,Detail,"A student decided to change an email subject line. The main purpose was to identify independent evidence. After a short period, more people opened the email. The change was simple and easy to observe.",What was the main purpose of the action described in the passage?,Interpret a speaker fairly.,Identify independent evidence.,Increase message open rates.,Avoid misleading visual impressions.,B,The passage directly says the purpose was to identify independent evidence.
464,Media & Communication,Low,Detail,"A news reader decided to review a chart scale. The main purpose was to interpret a speaker fairly. After a short period, the quotation was interpreted more accurately. The change was simple and easy to observe.",What was the main purpose of the action described in the passage?,Interpret a speaker fairly.,Identify independent evidence.,Understand personalized content.,Verify a claim.,A,The passage directly says the purpose was to interpret a speaker fairly.
465,Media & Communication,Low,Detail,"A company decided to read a quotation in full context. The main purpose was to identify independent evidence. After a short period, students noticed exaggerated differences. The change was simple and easy to observe.",What was the main purpose of the action described in the passage?,Avoid misleading visual impressions.,Interpret a speaker fairly.,Increase message open rates.,Identify independent evidence.,D,The passage directly says the purpose was to identify independent evidence.
466,Media & Communication,Low,Detail,"An online platform decided to change an email subject line. The main purpose was to interpret a speaker fairly. After a short period, more people opened the email. The change was simple and easy to observe.",What was the main purpose of the action described in the passage?,Verify a claim.,Identify independent evidence.,Interpret a speaker fairly.,Understand personalized content.,C,The passage directly says the purpose was to interpret a speaker fairly.
467,Media & Communication,Low,Detail,"A research class decided to review a chart scale. The main purpose was to identify independent evidence. After a short period, the quotation was interpreted more accurately. The change was simple and easy to observe.",What was the main purpose of the action described in the passage?,Avoid misleading visual impressions.,Identify independent evidence.,Interpret a speaker fairly.,Increase message open rates.,B,The passage directly says the purpose was to identify independent evidence.
468,Media & Communication,Low,Detail,"A public organization decided to read a quotation in full context. The main purpose was to interpret a speaker fairly. After a short period, students noticed exaggerated differences. The change was simple and easy to observe.",What was the main purpose of the action described in the passage?,Interpret a speaker fairly.,Verify a claim.,Identify independent evidence.,Understand personalized content.,A,The passage directly says the purpose was to interpret a speaker fairly.
469,Media & Communication,Low,Detail,"A student decided to change an email subject line. The main purpose was to identify independent evidence. After a short period, more people opened the email. The change was simple and easy to observe.",What was the main purpose of the action described in the passage?,Increase message open rates.,Avoid misleading visual impressions.,Interpret a speaker fairly.,Identify independent evidence.,D,The passage directly says the purpose was to identify independent evidence.
470,Media & Communication,Low,Detail,"A news reader decided to review a chart scale. The main purpose was to interpret a speaker fairly. After a short period, the quotation was interpreted more accurately. The change was simple and easy to observe.",What was the main purpose of the action described in the passage?,Understand personalized content.,Verify a claim.,Interpret a speaker fairly.,Identify independent evidence.,C,The passage directly says the purpose was to interpret a speaker fairly.
471,Media & Communication,Low,Detail,"A company decided to read a quotation in full context. The main purpose was to identify independent evidence. After a short period, students noticed exaggerated differences. The change was simple and easy to observe.",What was the main purpose of the action described in the passage?,Increase message open rates.,Identify independent evidence.,Avoid misleading visual impressions.,Interpret a speaker fairly.,B,The passage directly says the purpose was to identify independent evidence.
472,Media & Communication,Low,Detail,"An online platform decided to change an email subject line. The main purpose was to interpret a speaker fairly. After a short period, more people opened the email. The change was simple and easy to observe.",What was the main purpose of the action described in the passage?,Interpret a speaker fairly.,Understand personalized content.,Verify a claim.,Identify independent evidence.,A,The passage directly says the purpose was to interpret a speaker fairly.
473,Media & Communication,Low,Detail,"A research class decided to review a chart scale. The main purpose was to identify independent evidence. After a short period, the quotation was interpreted more accurately. The change was simple and easy to observe.",What was the main purpose of the action described in the passage?,Interpret a speaker fairly.,Increase message open rates.,Avoid misleading visual impressions.,Identify independent evidence.,D,The passage directly says the purpose was to identify independent evidence.
474,Media & Communication,Medium,Inference,"A student introduced a change: change an email subject line. The goal was to identify independent evidence. After several weeks, more people opened the email. However, some reports used the same original source. The evidence suggests that the approach helped, although it was not a complete solution.",Which conclusion is best supported by the passage?,The change had no measurable effect.,The original problem became worse only because more people participated.,"The change helped to identify independent evidence, but it had limitations.",The change solved every problem immediately.,C,The passage gives a positive result but also notes that some reports used the same original source.
475,Media & Communication,Medium,Inference,"A news reader introduced a change: review a chart scale. The goal was to interpret a speaker fairly. After several weeks, the quotation was interpreted more accurately. However, open rates did not guarantee action. The evidence suggests that the approach helped, although it was not a complete solution.",Which conclusion is best supported by the passage?,The original problem became worse only because more people participated.,"The change helped to interpret a speaker fairly, but it had limitations.",The change solved every problem immediately.,The change had no measurable effect.,B,The passage gives a positive result but also notes that open rates did not guarantee action.
476,Media & Communication,Medium,Inference,"A company introduced a change: read a quotation in full context. The goal was to identify independent evidence. After several weeks, students noticed exaggerated differences. However, verification required extra time. The evidence suggests that the approach helped, although it was not a complete solution.",Which conclusion is best supported by the passage?,"The change helped to identify independent evidence, but it had limitations.",The change solved every problem immediately.,The change had no measurable effect.,The original problem became worse only because more people participated.,A,The passage gives a positive result but also notes that verification required extra time.
477,Media & Communication,Medium,Inference,"An online platform introduced a change: change an email subject line. The goal was to interpret a speaker fairly. After several weeks, more people opened the email. However, short quotations were still widely shared. The evidence suggests that the approach helped, although it was not a complete solution.",Which conclusion is best supported by the passage?,The change solved every problem immediately.,The change had no measurable effect.,The original problem became worse only because more people participated.,"The change helped to interpret a speaker fairly, but it had limitations.",D,The passage gives a positive result but also notes that short quotations were still widely shared.
478,Media & Communication,Medium,Inference,"A research class introduced a change: review a chart scale. The goal was to identify independent evidence. After several weeks, the quotation was interpreted more accurately. However, personalization could narrow viewpoints. The evidence suggests that the approach helped, although it was not a complete solution.",Which conclusion is best supported by the passage?,The change had no measurable effect.,The original problem became worse only because more people participated.,"The change helped to identify independent evidence, but it had limitations.",The change solved every problem immediately.,C,The passage gives a positive result but also notes that personalization could narrow viewpoints.
479,Media & Communication,Medium,Inference,"A public organization introduced a change: read a quotation in full context. The goal was to interpret a speaker fairly. After several weeks, students noticed exaggerated differences. However, accurate numbers could still mislead visually. The evidence suggests that the approach helped, although it was not a complete solution.",Which conclusion is best supported by the passage?,The original problem became worse only because more people participated.,"The change helped to interpret a speaker fairly, but it had limitations.",The change solved every problem immediately.,The change had no measurable effect.,B,The passage gives a positive result but also notes that accurate numbers could still mislead visually.
480,Media & Communication,Medium,Inference,"A student introduced a change: change an email subject line. The goal was to identify independent evidence. After several weeks, more people opened the email. However, some reports used the same original source. The evidence suggests that the approach helped, although it was not a complete solution.",Which conclusion is best supported by the passage?,"The change helped to identify independent evidence, but it had limitations.",The change solved every problem immediately.,The change had no measurable effect.,The original problem became worse only because more people participated.,A,The passage gives a positive result but also notes that some reports used the same original source.
481,Media & Communication,Medium,Inference,"A news reader introduced a change: review a chart scale. The goal was to interpret a speaker fairly. After several weeks, the quotation was interpreted more accurately. However, open rates did not guarantee action. The evidence suggests that the approach helped, although it was not a complete solution.",Which conclusion is best supported by the passage?,The change solved every problem immediately.,The change had no measurable effect.,The original problem became worse only because more people participated.,"The change helped to interpret a speaker fairly, but it had limitations.",D,The passage gives a positive result but also notes that open rates did not guarantee action.
482,Media & Communication,Medium,Inference,"A company introduced a change: read a quotation in full context. The goal was to identify independent evidence. After several weeks, students noticed exaggerated differences. However, verification required extra time. The evidence suggests that the approach helped, although it was not a complete solution.",Which conclusion is best supported by the passage?,The change had no measurable effect.,The original problem became worse only because more people participated.,"The change helped to identify independent evidence, but it had limitations.",The change solved every problem immediately.,C,The passage gives a positive result but also notes that verification required extra time.
483,Media & Communication,Medium,Inference,"An online platform introduced a change: change an email subject line. The goal was to interpret a speaker fairly. After several weeks, more people opened the email. However, short quotations were still widely shared. The evidence suggests that the approach helped, although it was not a complete solution.",Which conclusion is best supported by the passage?,The original problem became worse only because more people participated.,"The change helped to interpret a speaker fairly, but it had limitations.",The change solved every problem immediately.,The change had no measurable effect.,B,The passage gives a positive result but also notes that short quotations were still widely shared.
484,Media & Communication,Medium,Inference,"A research class introduced a change: review a chart scale. The goal was to identify independent evidence. After several weeks, the quotation was interpreted more accurately. However, personalization could narrow viewpoints. The evidence suggests that the approach helped, although it was not a complete solution.",Which conclusion is best supported by the passage?,"The change helped to identify independent evidence, but it had limitations.",The change solved every problem immediately.,The change had no measurable effect.,The original problem became worse only because more people participated.,A,The passage gives a positive result but also notes that personalization could narrow viewpoints.
485,Media & Communication,Medium,Inference,"A public organization introduced a change: read a quotation in full context. The goal was to interpret a speaker fairly. After several weeks, students noticed exaggerated differences. However, accurate numbers could still mislead visually. The evidence suggests that the approach helped, although it was not a complete solution.",Which conclusion is best supported by the passage?,The change solved every problem immediately.,The change had no measurable effect.,The original problem became worse only because more people participated.,"The change helped to interpret a speaker fairly, but it had limitations.",D,The passage gives a positive result but also notes that accurate numbers could still mislead visually.
486,Media & Communication,Medium,Inference,"A student introduced a change: change an email subject line. The goal was to identify independent evidence. After several weeks, more people opened the email. However, some reports used the same original source. The evidence suggests that the approach helped, although it was not a complete solution.",Which conclusion is best supported by the passage?,The change had no measurable effect.,The original problem became worse only because more people participated.,"The change helped to identify independent evidence, but it had limitations.",The change solved every problem immediately.,C,The passage gives a positive result but also notes that some reports used the same original source.
487,Media & Communication,Medium,Inference,"A news reader introduced a change: review a chart scale. The goal was to interpret a speaker fairly. After several weeks, the quotation was interpreted more accurately. However, open rates did not guarantee action. The evidence suggests that the approach helped, although it was not a complete solution.",Which conclusion is best supported by the passage?,The original problem became worse only because more people participated.,"The change helped to interpret a speaker fairly, but it had limitations.",The change solved every problem immediately.,The change had no measurable effect.,B,The passage gives a positive result but also notes that open rates did not guarantee action.
488,Media & Communication,Medium,Inference,"A company introduced a change: read a quotation in full context. The goal was to identify independent evidence. After several weeks, students noticed exaggerated differences. However, verification required extra time. The evidence suggests that the approach helped, although it was not a complete solution.",Which conclusion is best supported by the passage?,"The change helped to identify independent evidence, but it had limitations.",The change solved every problem immediately.,The change had no measurable effect.,The original problem became worse only because more people participated.,A,The passage gives a positive result but also notes that verification required extra time.
489,Media & Communication,Medium,Inference,"An online platform introduced a change: change an email subject line. The goal was to interpret a speaker fairly. After several weeks, more people opened the email. However, short quotations were still widely shared. The evidence suggests that the approach helped, although it was not a complete solution.",Which conclusion is best supported by the passage?,The change solved every problem immediately.,The change had no measurable effect.,The original problem became worse only because more people participated.,"The change helped to interpret a speaker fairly, but it had limitations.",D,The passage gives a positive result but also notes that short quotations were still widely shared.
490,Media & Communication,High,Critical Reading,"A student evaluated whether to change an email subject line. Supporters argued that it could identify independent evidence, and early evidence showed that more people opened the email. Critics pointed out that some reports used the same original source. The passage suggests that the value of the change depends on context, implementation, and how results are measured.",What is the writer's main argument?,Early positive evidence proves the change will work in every situation.,The topic cannot be evaluated using evidence or measurable outcomes.,The change should be judged by considering both its benefits and its limitations.,The change should always be rejected because it has limitations.,C,The passage presents both advantages and limitations and recommends balanced evaluation.
491,Media & Communication,High,Critical Reading,"A news reader evaluated whether to review a chart scale. Supporters argued that it could interpret a speaker fairly, and early evidence showed that the quotation was interpreted more accurately. Critics pointed out that open rates did not guarantee action. The passage suggests that the value of the change depends on context, implementation, and how results are measured.",What is the writer's main argument?,The topic cannot be evaluated using evidence or measurable outcomes.,The change should be judged by considering both its benefits and its limitations.,The change should always be rejected because it has limitations.,Early positive evidence proves the change will work in every situation.,B,The passage presents both advantages and limitations and recommends balanced evaluation.
492,Media & Communication,High,Critical Reading,"A company evaluated whether to read a quotation in full context. Supporters argued that it could identify independent evidence, and early evidence showed that students noticed exaggerated differences. Critics pointed out that verification required extra time. The passage suggests that the value of the change depends on context, implementation, and how results are measured.",What is the writer's main argument?,The change should be judged by considering both its benefits and its limitations.,The change should always be rejected because it has limitations.,Early positive evidence proves the change will work in every situation.,The topic cannot be evaluated using evidence or measurable outcomes.,A,The passage presents both advantages and limitations and recommends balanced evaluation.
493,Media & Communication,High,Critical Reading,"An online platform evaluated whether to change an email subject line. Supporters argued that it could interpret a speaker fairly, and early evidence showed that more people opened the email. Critics pointed out that short quotations were still widely shared. The passage suggests that the value of the change depends on context, implementation, and how results are measured.",What is the writer's main argument?,The change should always be rejected because it has limitations.,Early positive evidence proves the change will work in every situation.,The topic cannot be evaluated using evidence or measurable outcomes.,The change should be judged by considering both its benefits and its limitations.,D,The passage presents both advantages and limitations and recommends balanced evaluation.
494,Media & Communication,High,Critical Reading,"A research class evaluated whether to review a chart scale. Supporters argued that it could identify independent evidence, and early evidence showed that the quotation was interpreted more accurately. Critics pointed out that personalization could narrow viewpoints. The passage suggests that the value of the change depends on context, implementation, and how results are measured.",What is the writer's main argument?,Early positive evidence proves the change will work in every situation.,The topic cannot be evaluated using evidence or measurable outcomes.,The change should be judged by considering both its benefits and its limitations.,The change should always be rejected because it has limitations.,C,The passage presents both advantages and limitations and recommends balanced evaluation.
495,Media & Communication,High,Critical Reading,"A public organization evaluated whether to read a quotation in full context. Supporters argued that it could interpret a speaker fairly, and early evidence showed that students noticed exaggerated differences. Critics pointed out that accurate numbers could still mislead visually. The passage suggests that the value of the change depends on context, implementation, and how results are measured.",What is the writer's main argument?,The topic cannot be evaluated using evidence or measurable outcomes.,The change should be judged by considering both its benefits and its limitations.,The change should always be rejected because it has limitations.,Early positive evidence proves the change will work in every situation.,B,The passage presents both advantages and limitations and recommends balanced evaluation.
496,Media & Communication,High,Critical Reading,"A student evaluated whether to change an email subject line. Supporters argued that it could identify independent evidence, and early evidence showed that more people opened the email. Critics pointed out that some reports used the same original source. The passage suggests that the value of the change depends on context, implementation, and how results are measured.",What is the writer's main argument?,The change should be judged by considering both its benefits and its limitations.,The change should always be rejected because it has limitations.,Early positive evidence proves the change will work in every situation.,The topic cannot be evaluated using evidence or measurable outcomes.,A,The passage presents both advantages and limitations and recommends balanced evaluation.
497,Media & Communication,High,Critical Reading,"A news reader evaluated whether to review a chart scale. Supporters argued that it could interpret a speaker fairly, and early evidence showed that the quotation was interpreted more accurately. Critics pointed out that open rates did not guarantee action. The passage suggests that the value of the change depends on context, implementation, and how results are measured.",What is the writer's main argument?,The change should always be rejected because it has limitations.,Early positive evidence proves the change will work in every situation.,The topic cannot be evaluated using evidence or measurable outcomes.,The change should be judged by considering both its benefits and its limitations.,D,The passage presents both advantages and limitations and recommends balanced evaluation.
498,Media & Communication,High,Critical Reading,"A company evaluated whether to read a quotation in full context. Supporters argued that it could identify independent evidence, and early evidence showed that students noticed exaggerated differences. Critics pointed out that verification required extra time. The passage suggests that the value of the change depends on context, implementation, and how results are measured.",What is the writer's main argument?,Early positive evidence proves the change will work in every situation.,The topic cannot be evaluated using evidence or measurable outcomes.,The change should be judged by considering both its benefits and its limitations.,The change should always be rejected because it has limitations.,C,The passage presents both advantages and limitations and recommends balanced evaluation.
499,Media & Communication,High,Critical Reading,"An online platform evaluated whether to change an email subject line. Supporters argued that it could interpret a speaker fairly, and early evidence showed that more people opened the email. Critics pointed out that short quotations were still widely shared. The passage suggests that the value of the change depends on context, implementation, and how results are measured.",What is the writer's main argument?,The topic cannot be evaluated using evidence or measurable outcomes.,The change should be judged by considering both its benefits and its limitations.,The change should always be rejected because it has limitations.,Early positive evidence proves the change will work in every situation.,B,The passage presents both advantages and limitations and recommends balanced evaluation.
500,Media & Communication,High,Critical Reading,"A research class evaluated whether to review a chart scale. Supporters argued that it could identify independent evidence, and early evidence showed that the quotation was interpreted more accurately. Critics pointed out that personalization could narrow viewpoints. The passage suggests that the value of the change depends on context, implementation, and how results are measured.",What is the writer's main argument?,The change should be judged by considering both its benefits and its limitations.,The change should always be rejected because it has limitations.,Early positive evidence proves the change will work in every situation.,The topic cannot be evaluated using evidence or measurable outcomes.,A,The passage presents both advantages and limitations and recommends balanced evaluation.
