ID,Term,Uzbek Meaning,Difficulty,Category,Type,Question,Option A,Option B,Option C,Option D,Correct,Explanation
1,book,kitob,Low,School,EN→UZ,Choose the best Uzbek meaning of 'book'.,o‘quvchi qayd,kundalik vaqt,kechki faoliyat,kitob,D,'book' means 'kitob' in Uzbek. Remember it together with its context.
2,book,kitob,Low,School,UZ→EN,Choose the English word or phrase that matches the Uzbek meaning 'kitob'.,daily time,evening activity,book,student note,C,The English word or phrase for 'kitob' is 'book'.
3,book,kitob,Low,School,Context,I borrowed a _____ from the library.,evening activity,book,student note,daily time,B,The best answer in this context is 'book' (kitob).
4,teacher,o‘qituvchi,Low,School,EN→UZ,Choose the best Uzbek meaning of 'teacher'.,o‘qituvchi,o‘qituvchi test,ertalabki sayr,kechki mashq,A,'teacher' means 'o‘qituvchi' in Uzbek. Remember it together with its context.
5,teacher,o‘qituvchi,Low,School,UZ→EN,Choose the English word or phrase that matches the Uzbek meaning 'o‘qituvchi'.,teacher test,morning walk,evening exercise,teacher,D,The English word or phrase for 'o‘qituvchi' is 'teacher'.
6,teacher,o‘qituvchi,Low,School,Context,Our _____ explains the lesson clearly.,morning walk,evening exercise,teacher,teacher test,C,The best answer in this context is 'teacher' (o‘qituvchi).
7,student,o‘quvchi,Low,School,EN→UZ,Choose the best Uzbek meaning of 'student'.,oddiy sayr,o‘quvchi,uy reja,bo‘sh jadval,B,'student' means 'o‘quvchi' in Uzbek. Remember it together with its context.
8,student,o‘quvchi,Low,School,UZ→EN,Choose the English word or phrase that matches the Uzbek meaning 'o‘quvchi'.,student,home plan,free schedule,simple walk,A,The English word or phrase for 'o‘quvchi' is 'student'.
9,student,o‘quvchi,Low,School,Context,Every _____ must bring a notebook.,home plan,free schedule,simple walk,student,D,The best answer in this context is 'student' (o‘quvchi).
10,school,maktab,Low,School,EN→UZ,Choose the best Uzbek meaning of 'school'.,ingliz tili topshiriq,so‘z test,maktab,sinf xona,C,'school' means 'maktab' in Uzbek. Remember it together with its context.
11,school,maktab,Low,School,UZ→EN,Choose the English word or phrase that matches the Uzbek meaning 'maktab'.,word test,school,class room,English task,B,The English word or phrase for 'maktab' is 'school'.
12,school,maktab,Low,School,Context,My _____ starts at eight in the morning.,school,class room,English task,word test,A,The best answer in this context is 'school' (maktab).
13,class,sinf,Low,School,EN→UZ,Choose the best Uzbek meaning of 'class'.,muntazam vaqt,poyezd vaqt,shahar chipta,sinf,D,'class' means 'sinf' in Uzbek. Remember it together with its context.
14,class,sinf,Low,School,UZ→EN,Choose the English word or phrase that matches the Uzbek meaning 'sinf'.,train time,city ticket,class,regular time,C,The English word or phrase for 'sinf' is 'class'.
15,class,sinf,Low,School,Context,There are fifteen students in our _____.,city ticket,class,regular time,train time,B,The best answer in this context is 'class' (sinf).
16,homework,uy vazifasi,Low,School,EN→UZ,Choose the best Uzbek meaning of 'homework'.,uy vazifasi,shahar ma’lumot,sayyohlik bekat,oson,A,'homework' means 'uy vazifasi' in Uzbek. Remember it together with its context.
17,homework,uy vazifasi,Low,School,UZ→EN,Choose the English word or phrase that matches the Uzbek meaning 'uy vazifasi'.,city information,tourist stop,easy,homework,D,The English word or phrase for 'uy vazifasi' is 'homework'.
18,homework,uy vazifasi,Low,School,Context,I finished my _____ before dinner.,tourist stop,easy,homework,city information,C,The best answer in this context is 'homework' (uy vazifasi).
19,question,savol,Low,School,EN→UZ,Choose the best Uzbek meaning of 'question'.,poyezd,savol,sayyohlik xarita,yozmoq,B,'question' means 'savol' in Uzbek. Remember it together with its context.
20,question,savol,Low,School,UZ→EN,Choose the English word or phrase that matches the Uzbek meaning 'savol'.,question,tourist map,write,train,A,The English word or phrase for 'savol' is 'question'.
21,question,savol,Low,School,Context,Please read the _____ carefully.,tourist map,write,train,question,D,The best answer in this context is 'question' (savol).
22,answer,javob,Low,School,EN→UZ,Choose the best Uzbek meaning of 'answer'.,o‘qish mashq,o‘qish vaqt,javob,sinf qayd,C,'answer' means 'javob' in Uzbek. Remember it together with its context.
23,answer,javob,Low,School,UZ→EN,Choose the English word or phrase that matches the Uzbek meaning 'javob'.,study time,answer,class note,reading practice,B,The English word or phrase for 'javob' is 'answer'.
24,answer,javob,Low,School,Context,Write your _____ on the paper.,answer,class note,reading practice,study time,A,The best answer in this context is 'answer' (javob).
25,read,o‘qimoq,Low,Learning,EN→UZ,Choose the best Uzbek meaning of 'read'.,dars reja,o‘qituvchi xona,kundalik reja,o‘qimoq,D,'read' means 'o‘qimoq' in Uzbek. Remember it together with its context.
26,read,o‘qimoq,Low,Learning,UZ→EN,Choose the English word or phrase that matches the Uzbek meaning 'o‘qimoq'.,teacher room,daily plan,read,lesson plan,C,The English word or phrase for 'o‘qimoq' is 'read'.
27,read,o‘qimoq,Low,Learning,Context,I _____ English stories every evening.,daily plan,read,lesson plan,teacher room,B,The best answer in this context is 'read' (o‘qimoq).
28,write,yozmoq,Low,Learning,EN→UZ,Choose the best Uzbek meaning of 'write'.,yozmoq,poyezd qo‘llanma,shahar safar,sayyohlik xarita,A,'write' means 'yozmoq' in Uzbek. Remember it together with its context.
29,write,yozmoq,Low,Learning,UZ→EN,Choose the English word or phrase that matches the Uzbek meaning 'yozmoq'.,train guide,city trip,tourist map,write,D,The English word or phrase for 'yozmoq' is 'write'.
30,write,yozmoq,Low,Learning,Context,Please _____ your name here.,city trip,tourist map,write,train guide,C,The best answer in this context is 'write' (yozmoq).
31,listen,tinglamoq,Low,Learning,EN→UZ,Choose the best Uzbek meaning of 'listen'.,o‘qish ish,tinglamoq,sinf topshiriq,o‘qish test,B,'listen' means 'tinglamoq' in Uzbek. Remember it together with its context.
32,listen,tinglamoq,Low,Learning,UZ→EN,Choose the English word or phrase that matches the Uzbek meaning 'tinglamoq'.,listen,class task,reading test,study work,A,The English word or phrase for 'tinglamoq' is 'listen'.
33,listen,tinglamoq,Low,Learning,Context,We _____ to English audio in class.,class task,reading test,study work,listen,D,The best answer in this context is 'listen' (tinglamoq).
34,speak,gapirmoq,Low,Learning,EN→UZ,Choose the best Uzbek meaning of 'speak'.,poyezd xarita,sayohat reja,gapirmoq,muntazam odat,C,'speak' means 'gapirmoq' in Uzbek. Remember it together with its context.
35,speak,gapirmoq,Low,Learning,UZ→EN,Choose the English word or phrase that matches the Uzbek meaning 'gapirmoq'.,travel plan,speak,regular habit,train map,B,The English word or phrase for 'gapirmoq' is 'speak'.
36,speak,gapirmoq,Low,Learning,Context,Try to _____ English every day.,speak,regular habit,train map,travel plan,A,The best answer in this context is 'speak' (gapirmoq).
37,learn,o‘rganmoq,Low,Learning,EN→UZ,Choose the best Uzbek meaning of 'learn'.,muntazam sayr,avtobus ma’lumot,sayohat bekat,o‘rganmoq,D,'learn' means 'o‘rganmoq' in Uzbek. Remember it together with its context.
38,learn,o‘rganmoq,Low,Learning,UZ→EN,Choose the English word or phrase that matches the Uzbek meaning 'o‘rganmoq'.,bus information,travel stop,learn,regular walk,C,The English word or phrase for 'o‘rganmoq' is 'learn'.
39,learn,o‘rganmoq,Low,Learning,Context,Students _____ new words each week.,travel stop,learn,regular walk,bus information,B,The best answer in this context is 'learn' (o‘rganmoq).
40,remember,eslamoq,Low,Learning,EN→UZ,Choose the best Uzbek meaning of 'remember'.,eslamoq,poyezd chipta,sayohat qo‘llanma,mahalliy safar,A,'remember' means 'eslamoq' in Uzbek. Remember it together with its context.
41,remember,eslamoq,Low,Learning,UZ→EN,Choose the English word or phrase that matches the Uzbek meaning 'eslamoq'.,train ticket,travel guide,local trip,remember,D,The English word or phrase for 'eslamoq' is 'remember'.
42,remember,eslamoq,Low,Learning,Context,I use flashcards to _____ vocabulary.,travel guide,local trip,remember,train ticket,C,The best answer in this context is 'remember' (eslamoq).
43,easy,oson,Low,General,EN→UZ,Choose the best Uzbek meaning of 'easy'.,uy tartib,oson,o‘qituvchi mashq,ertalabki faoliyat,B,'easy' means 'oson' in Uzbek. Remember it together with its context.
44,easy,oson,Low,General,UZ→EN,Choose the English word or phrase that matches the Uzbek meaning 'oson'.,easy,teacher practice,morning activity,home routine,A,The English word or phrase for 'oson' is 'easy'.
45,easy,oson,Low,General,Context,This exercise is very _____.,teacher practice,morning activity,home routine,easy,D,The best answer in this context is 'easy' (oson).
46,difficult,qiyin,Low,General,EN→UZ,Choose the best Uzbek meaning of 'difficult'.,o‘qish test,o‘qish ish,qiyin,sinf topshiriq,C,'difficult' means 'qiyin' in Uzbek. Remember it together with its context.
47,difficult,qiyin,Low,General,UZ→EN,Choose the English word or phrase that matches the Uzbek meaning 'qiyin'.,study work,difficult,class task,reading test,B,The English word or phrase for 'qiyin' is 'difficult'.
48,difficult,qiyin,Low,General,Context,The last question was _____.,difficult,class task,reading test,study work,A,The best answer in this context is 'difficult' (qiyin).
49,important,muhim,Low,General,EN→UZ,Choose the best Uzbek meaning of 'important'.,o‘qish reja,dars xona,o‘quvchi topshiriq,muhim,D,'important' means 'muhim' in Uzbek. Remember it together with its context.
50,important,muhim,Low,General,UZ→EN,Choose the English word or phrase that matches the Uzbek meaning 'muhim'.,lesson room,student task,important,study plan,C,The English word or phrase for 'muhim' is 'important'.
51,important,muhim,Low,General,Context,Sleep is _____ for good health.,student task,important,study plan,lesson room,B,The best answer in this context is 'important' (muhim).
52,happy,xursand,Low,Feelings,EN→UZ,Choose the best Uzbek meaning of 'happy'.,xursand,avtobus reja,sayohat xizmat,mahalliy yo‘nalish,A,'happy' means 'xursand' in Uzbek. Remember it together with its context.
53,happy,xursand,Low,Feelings,UZ→EN,Choose the English word or phrase that matches the Uzbek meaning 'xursand'.,bus plan,travel service,local route,happy,D,The English word or phrase for 'xursand' is 'happy'.
54,happy,xursand,Low,Feelings,Context,She felt _____ after passing the test.,travel service,local route,happy,bus plan,C,The best answer in this context is 'happy' (xursand).
55,tired,charchagan,Low,Feelings,EN→UZ,Choose the best Uzbek meaning of 'tired'.,shahar yo‘nalish,charchagan,muntazam reja,poyezd xizmat,B,'tired' means 'charchagan' in Uzbek. Remember it together with its context.
56,tired,charchagan,Low,Feelings,UZ→EN,Choose the English word or phrase that matches the Uzbek meaning 'charchagan'.,tired,regular plan,train service,city route,A,The English word or phrase for 'charchagan' is 'tired'.
57,tired,charchagan,Low,Feelings,Context,He was _____ after a long day.,regular plan,train service,city route,tired,D,The best answer in this context is 'tired' (charchagan).
58,friend,do‘st,Low,People,EN→UZ,Choose the best Uzbek meaning of 'friend'.,sinf ish,ingliz tili qayd,do‘st,bugun,C,'friend' means 'do‘st' in Uzbek. Remember it together with its context.
59,friend,do‘st,Low,People,UZ→EN,Choose the English word or phrase that matches the Uzbek meaning 'do‘st'.,English note,friend,today,class work,B,The English word or phrase for 'do‘st' is 'friend'.
60,friend,do‘st,Low,People,Context,My best _____ studies with me.,friend,today,class work,English note,A,The best answer in this context is 'friend' (do‘st).
61,family,oila,Low,People,EN→UZ,Choose the best Uzbek meaning of 'family'.,maktab test,ingliz tili ish,o‘qish qayd,oila,D,'family' means 'oila' in Uzbek. Remember it together with its context.
62,family,oila,Low,People,UZ→EN,Choose the English word or phrase that matches the Uzbek meaning 'oila'.,English work,reading note,family,school test,C,The English word or phrase for 'oila' is 'family'.
63,family,oila,Low,People,Context,My _____ eats dinner together.,reading note,family,school test,English work,B,The best answer in this context is 'family' (oila).
64,city,shahar,Low,Places,EN→UZ,Choose the best Uzbek meaning of 'city'.,shahar,kundalik faoliyat,kechki tartib,uy tanaffus,A,'city' means 'shahar' in Uzbek. Remember it together with its context.
65,city,shahar,Low,Places,UZ→EN,Choose the English word or phrase that matches the Uzbek meaning 'shahar'.,daily activity,evening routine,home break,city,D,The English word or phrase for 'shahar' is 'city'.
66,city,shahar,Low,Places,Context,Tashkent is a large _____.,evening routine,home break,city,daily activity,C,The best answer in this context is 'city' (shahar).
67,country,mamlakat,Low,Places,EN→UZ,Choose the best Uzbek meaning of 'country'.,sog‘lom jadval,mamlakat,bo‘sh ovqat,dam olish kuni reja,B,'country' means 'mamlakat' in Uzbek. Remember it together with its context.
68,country,mamlakat,Low,Places,UZ→EN,Choose the English word or phrase that matches the Uzbek meaning 'mamlakat'.,country,free meal,weekend plan,healthy schedule,A,The English word or phrase for 'mamlakat' is 'country'.
69,country,mamlakat,Low,Places,Context,Uzbekistan is a beautiful _____.,free meal,weekend plan,healthy schedule,country,D,The best answer in this context is 'country' (mamlakat).
70,market,bozor,Low,Places,EN→UZ,Choose the best Uzbek meaning of 'market'.,ingliz tili reja,so‘z xona,bozor,maktab guruh,C,'market' means 'bozor' in Uzbek. Remember it together with its context.
71,market,bozor,Low,Places,UZ→EN,Choose the English word or phrase that matches the Uzbek meaning 'bozor'.,word room,market,school group,English plan,B,The English word or phrase for 'bozor' is 'market'.
72,market,bozor,Low,Places,Context,We bought fruit at the _____.,market,school group,English plan,word room,A,The best answer in this context is 'market' (bozor).
73,shop,do‘kon,Low,Places,EN→UZ,Choose the best Uzbek meaning of 'shop'.,kundalik odat,kechki ovqat,uy reja,do‘kon,D,'shop' means 'do‘kon' in Uzbek. Remember it together with its context.
74,shop,do‘kon,Low,Places,UZ→EN,Choose the English word or phrase that matches the Uzbek meaning 'do‘kon'.,evening meal,home plan,shop,daily habit,C,The English word or phrase for 'do‘kon' is 'shop'.
75,shop,do‘kon,Low,Places,Context,This _____ sells school supplies.,home plan,shop,daily habit,evening meal,B,The best answer in this context is 'shop' (do‘kon).
76,bus,avtobus,Low,Travel,EN→UZ,Choose the best Uzbek meaning of 'bus'.,avtobus,uxlamoq,maktab qayd,ingliz tili mashq,A,'bus' means 'avtobus' in Uzbek. Remember it together with its context.
77,bus,avtobus,Low,Travel,UZ→EN,Choose the English word or phrase that matches the Uzbek meaning 'avtobus'.,sleep,school note,English practice,bus,D,The English word or phrase for 'avtobus' is 'bus'.
78,bus,avtobus,Low,Travel,Context,I go to school by _____.,school note,English practice,bus,sleep,C,The best answer in this context is 'bus' (avtobus).
79,train,poyezd,Low,Travel,EN→UZ,Choose the best Uzbek meaning of 'train'.,shahar reja,poyezd,avtobus safar,sayohat xarita,B,'train' means 'poyezd' in Uzbek. Remember it together with its context.
80,train,poyezd,Low,Travel,UZ→EN,Choose the English word or phrase that matches the Uzbek meaning 'poyezd'.,train,bus trip,travel map,city plan,A,The English word or phrase for 'poyezd' is 'train'.
81,train,poyezd,Low,Travel,Context,The _____ leaves at nine o’clock.,bus trip,travel map,city plan,train,D,The best answer in this context is 'train' (poyezd).
82,ticket,chipta,Low,Travel,EN→UZ,Choose the best Uzbek meaning of 'ticket'.,ingliz tili reja,so‘z xona,chipta,maktab guruh,C,'ticket' means 'chipta' in Uzbek. Remember it together with its context.
83,ticket,chipta,Low,Travel,UZ→EN,Choose the English word or phrase that matches the Uzbek meaning 'chipta'.,word room,ticket,school group,English plan,B,The English word or phrase for 'chipta' is 'ticket'.
84,ticket,chipta,Low,Travel,Context,I bought a _____ for Samarkand.,ticket,school group,English plan,word room,A,The best answer in this context is 'ticket' (chipta).
85,travel,sayohat qilmoq,Low,Travel,EN→UZ,Choose the best Uzbek meaning of 'travel'.,sinf guruh,o‘qish reja,o‘qish xona,sayohat qilmoq,D,'travel' means 'sayohat qilmoq' in Uzbek. Remember it together with its context.
86,travel,sayohat qilmoq,Low,Travel,UZ→EN,Choose the English word or phrase that matches the Uzbek meaning 'sayohat qilmoq'.,reading plan,study room,travel,class group,C,The English word or phrase for 'sayohat qilmoq' is 'travel'.
87,travel,sayohat qilmoq,Low,Travel,Context,Many people like to _____ in summer.,study room,travel,class group,reading plan,B,The best answer in this context is 'travel' (sayohat qilmoq).
88,water,suv,Low,Health,EN→UZ,Choose the best Uzbek meaning of 'water'.,suv,avtobus ma’lumot,sayohat bekat,mahalliy vaqt,A,'water' means 'suv' in Uzbek. Remember it together with its context.
89,water,suv,Low,Health,UZ→EN,Choose the English word or phrase that matches the Uzbek meaning 'suv'.,bus information,travel stop,local time,water,D,The English word or phrase for 'suv' is 'water'.
90,water,suv,Low,Health,Context,Drink enough _____ every day.,travel stop,local time,water,bus information,C,The best answer in this context is 'water' (suv).
91,food,ovqat,Low,Health,EN→UZ,Choose the best Uzbek meaning of 'food'.,kechki tartib,ovqat,o‘quvchi mashq,kundalik faoliyat,B,'food' means 'ovqat' in Uzbek. Remember it together with its context.
92,food,ovqat,Low,Health,UZ→EN,Choose the English word or phrase that matches the Uzbek meaning 'ovqat'.,food,student practice,daily activity,evening routine,A,The English word or phrase for 'ovqat' is 'food'.
93,food,ovqat,Low,Health,Context,Healthy _____ gives us energy.,student practice,daily activity,evening routine,food,D,The best answer in this context is 'food' (ovqat).
94,walk,piyoda yurmoq,Low,Health,EN→UZ,Choose the best Uzbek meaning of 'walk'.,ertalabki tartib,kechki tanaffus,piyoda yurmoq,o‘qituvchi vaqt,C,'walk' means 'piyoda yurmoq' in Uzbek. Remember it together with its context.
95,walk,piyoda yurmoq,Low,Health,UZ→EN,Choose the English word or phrase that matches the Uzbek meaning 'piyoda yurmoq'.,evening break,walk,teacher time,morning routine,B,The English word or phrase for 'piyoda yurmoq' is 'walk'.
96,walk,piyoda yurmoq,Low,Health,Context,I _____ for twenty minutes after dinner.,walk,teacher time,morning routine,evening break,A,The best answer in this context is 'walk' (piyoda yurmoq).
97,sleep,uxlamoq,Low,Health,EN→UZ,Choose the best Uzbek meaning of 'sleep'.,muntazam mashq,poyezd bekat,shahar vaqt,uxlamoq,D,'sleep' means 'uxlamoq' in Uzbek. Remember it together with its context.
98,sleep,uxlamoq,Low,Health,UZ→EN,Choose the English word or phrase that matches the Uzbek meaning 'uxlamoq'.,train stop,city time,sleep,regular exercise,C,The English word or phrase for 'uxlamoq' is 'sleep'.
99,sleep,uxlamoq,Low,Health,Context,Teenagers need enough _____ each night.,city time,sleep,regular exercise,train stop,B,The best answer in this context is 'sleep' (uxlamoq).
100,morning,ertalab,Low,Time,EN→UZ,Choose the best Uzbek meaning of 'morning'.,ertalab,kechki jadval,oilaviy sayr,bo‘sh mashq,A,'morning' means 'ertalab' in Uzbek. Remember it together with its context.
101,morning,ertalab,Low,Time,UZ→EN,Choose the English word or phrase that matches the Uzbek meaning 'ertalab'.,evening schedule,family walk,free exercise,morning,D,The English word or phrase for 'ertalab' is 'morning'.
102,morning,ertalab,Low,Time,Context,I study vocabulary in the _____.,family walk,free exercise,morning,evening schedule,C,The best answer in this context is 'morning' (ertalab).
103,evening,kechqurun,Low,Time,EN→UZ,Choose the best Uzbek meaning of 'evening'.,oilaviy jadval,kechqurun,ertalabki ovqat,kechki reja,B,'evening' means 'kechqurun' in Uzbek. Remember it together with its context.
104,evening,kechqurun,Low,Time,UZ→EN,Choose the English word or phrase that matches the Uzbek meaning 'kechqurun'.,evening,morning meal,evening plan,family schedule,A,The English word or phrase for 'kechqurun' is 'evening'.
105,evening,kechqurun,Low,Time,Context,We review homework in the _____.,morning meal,evening plan,family schedule,evening,D,The best answer in this context is 'evening' (kechqurun).
106,today,bugun,Low,Time,EN→UZ,Choose the best Uzbek meaning of 'today'.,sayohat safar,mahalliy xarita,bugun,avtobus qo‘llanma,C,'today' means 'bugun' in Uzbek. Remember it together with its context.
107,today,bugun,Low,Time,UZ→EN,Choose the English word or phrase that matches the Uzbek meaning 'bugun'.,local map,today,bus guide,travel trip,B,The English word or phrase for 'bugun' is 'today'.
108,today,bugun,Low,Time,Context,We have an English test _____.,today,bus guide,travel trip,local map,A,The best answer in this context is 'today' (bugun).
109,tomorrow,ertaga,Low,Time,EN→UZ,Choose the best Uzbek meaning of 'tomorrow'.,o‘qimoq,avtobus,maktab vaqt,ertaga,D,'tomorrow' means 'ertaga' in Uzbek. Remember it together with its context.
110,tomorrow,ertaga,Low,Time,UZ→EN,Choose the English word or phrase that matches the Uzbek meaning 'ertaga'.,bus,school time,tomorrow,read,C,The English word or phrase for 'ertaga' is 'tomorrow'.
111,tomorrow,ertaga,Low,Time,Context,The class will continue _____.,school time,tomorrow,read,bus,B,The best answer in this context is 'tomorrow' (ertaga).
112,before,oldin,Low,Time,EN→UZ,Choose the best Uzbek meaning of 'before'.,oldin,suv,maktab guruh,ingliz tili reja,A,'before' means 'oldin' in Uzbek. Remember it together with its context.
113,before,oldin,Low,Time,UZ→EN,Choose the English word or phrase that matches the Uzbek meaning 'oldin'.,water,school group,English plan,before,D,The English word or phrase for 'oldin' is 'before'.
114,before,oldin,Low,Time,Context,Wash your hands _____ eating.,school group,English plan,before,water,C,The best answer in this context is 'before' (oldin).
115,after,keyin,Low,Time,EN→UZ,Choose the best Uzbek meaning of 'after'.,sayohat bekat,keyin,muntazam sayr,avtobus ma’lumot,B,'after' means 'keyin' in Uzbek. Remember it together with its context.
116,after,keyin,Low,Time,UZ→EN,Choose the English word or phrase that matches the Uzbek meaning 'keyin'.,after,regular walk,bus information,travel stop,A,The English word or phrase for 'keyin' is 'after'.
117,after,keyin,Low,Time,Context,We went home _____ class.,regular walk,bus information,travel stop,after,D,The best answer in this context is 'after' (keyin).
118,because,chunki,Low,Grammar,EN→UZ,Choose the best Uzbek meaning of 'because'.,kundalik reja,kechki jadval,chunki,o‘qituvchi xona,C,'because' means 'chunki' in Uzbek. Remember it together with its context.
119,because,chunki,Low,Grammar,UZ→EN,Choose the English word or phrase that matches the Uzbek meaning 'chunki'.,evening schedule,because,teacher room,daily plan,B,The English word or phrase for 'chunki' is 'because'.
120,because,chunki,Low,Grammar,Context,I study English _____ I want to travel.,because,teacher room,daily plan,evening schedule,A,The best answer in this context is 'because' (chunki).
121,improve,yaxshilamoq,Medium,Learning,EN→UZ,Choose the best Uzbek meaning of 'improve'.,madaniy qo‘llab-quvvatlash,milliy o‘zlik,to‘g‘ri,yaxshilamoq,D,'improve' means 'yaxshilamoq' in Uzbek. Remember it together with its context.
122,improve,yaxshilamoq,Medium,Learning,UZ→EN,Choose the English word or phrase that matches the Uzbek meaning 'yaxshilamoq'.,national identity,correct,improve,cultural support,C,The English word or phrase for 'yaxshilamoq' is 'improve'.
123,improve,yaxshilamoq,Medium,Learning,Context,Regular practice can _____ your reading speed.,correct,improve,cultural support,national identity,B,The best answer in this context is 'improve' (yaxshilamoq).
124,practice,mashq qilmoq,Medium,Learning,EN→UZ,Choose the best Uzbek meaning of 'practice'.,mashq qilmoq,akademik usul,amaliy strategiya,mustaqil ko‘nikma,A,'practice' means 'mashq qilmoq' in Uzbek. Remember it together with its context.
125,practice,mashq qilmoq,Medium,Learning,UZ→EN,Choose the English word or phrase that matches the Uzbek meaning 'mashq qilmoq'.,academic method,practical strategy,independent skill,practice,D,The English word or phrase for 'mashq qilmoq' is 'practice'.
126,practice,mashq qilmoq,Medium,Learning,Context,You need to _____ vocabulary regularly.,practical strategy,independent skill,practice,academic method,C,The best answer in this context is 'practice' (mashq qilmoq).
127,review,takrorlamoq,Medium,Learning,EN→UZ,Choose the best Uzbek meaning of 'review'.,mahalliy qaror,takrorlamoq,savdo talab,biznes fikr,B,'review' means 'takrorlamoq' in Uzbek. Remember it together with its context.
128,review,takrorlamoq,Medium,Learning,UZ→EN,Choose the English word or phrase that matches the Uzbek meaning 'takrorlamoq'.,review,sales demand,business feedback,local decision,A,The English word or phrase for 'takrorlamoq' is 'review'.
129,review,takrorlamoq,Medium,Learning,Context,Students should _____ mistakes after a test.,sales demand,business feedback,local decision,review,D,The best answer in this context is 'review' (takrorlamoq).
130,focus,diqqatni jamlamoq,Medium,Learning,EN→UZ,Choose the best Uzbek meaning of 'focus'.,onlayn tarmoq,xavfsiz qurilma,diqqatni jamlamoq,raqamli yechim,C,'focus' means 'diqqatni jamlamoq' in Uzbek. Remember it together with its context.
131,focus,diqqatni jamlamoq,Medium,Learning,UZ→EN,Choose the English word or phrase that matches the Uzbek meaning 'diqqatni jamlamoq'.,secure device,focus,digital solution,online network,B,The English word or phrase for 'diqqatni jamlamoq' is 'focus'.
132,focus,diqqatni jamlamoq,Medium,Learning,Context,Turn off notifications so you can _____.,focus,digital solution,online network,secure device,A,The best answer in this context is 'focus' (diqqatni jamlamoq).
133,progress,rivojlanish,Medium,Learning,EN→UZ,Choose the best Uzbek meaning of 'progress'.,mustaqil maqsad,til baholash,lug‘at rivojlanish,rivojlanish,D,'progress' means 'rivojlanish' in Uzbek. Remember it together with its context.
134,progress,rivojlanish,Medium,Learning,UZ→EN,Choose the English word or phrase that matches the Uzbek meaning 'rivojlanish'.,language assessment,vocabulary progress,progress,independent goal,C,The English word or phrase for 'rivojlanish' is 'progress'.
135,progress,rivojlanish,Medium,Learning,Context,The chart shows the student’s reading _____.,vocabulary progress,progress,independent goal,language assessment,B,The best answer in this context is 'progress' (rivojlanish).
136,result,natija,Medium,Assessment,EN→UZ,Choose the best Uzbek meaning of 'result'.,natija,biznes reja,mahalliy talab,xizmat o‘sish,A,'result' means 'natija' in Uzbek. Remember it together with its context.
137,result,natija,Medium,Assessment,UZ→EN,Choose the English word or phrase that matches the Uzbek meaning 'natija'.,business plan,local demand,service growth,result,D,The English word or phrase for 'natija' is 'result'.
138,result,natija,Medium,Assessment,Context,Your test _____ will appear after submission.,local demand,service growth,result,business plan,C,The best answer in this context is 'result' (natija).
139,score,ball,Medium,Assessment,EN→UZ,Choose the best Uzbek meaning of 'score'.,mobil yechim,ball,raqamli xizmat,onlayn vosita,B,'score' means 'ball' in Uzbek. Remember it together with its context.
140,score,ball,Medium,Assessment,UZ→EN,Choose the English word or phrase that matches the Uzbek meaning 'ball'.,score,digital service,online tool,mobile solution,A,The English word or phrase for 'ball' is 'score'.
141,score,ball,Medium,Assessment,Context,Her reading _____ increased from 60 to 75.,digital service,online tool,mobile solution,score,D,The best answer in this context is 'score' (ball).
142,correct,to‘g‘ri,Medium,Assessment,EN→UZ,Choose the best Uzbek meaning of 'correct'.,madaniy mas’uliyat,milliy masala,to‘g‘ri,ijtimoiy xizmat,C,'correct' means 'to‘g‘ri' in Uzbek. Remember it together with its context.
143,correct,to‘g‘ri,Medium,Assessment,UZ→EN,Choose the English word or phrase that matches the Uzbek meaning 'to‘g‘ri'.,national issue,correct,social service,cultural responsibility,B,The English word or phrase for 'to‘g‘ri' is 'correct'.
144,correct,to‘g‘ri,Medium,Assessment,Context,Choose the _____ answer.,correct,social service,cultural responsibility,national issue,A,The best answer in this context is 'correct' (to‘g‘ri).
145,incorrect,noto‘g‘ri,Medium,Assessment,EN→UZ,Choose the best Uzbek meaning of 'incorrect'.,mobil xizmat,avtomatlashtirilgan vosita,texnik yechim,noto‘g‘ri,D,'incorrect' means 'noto‘g‘ri' in Uzbek. Remember it together with its context.
146,incorrect,noto‘g‘ri,Medium,Assessment,UZ→EN,Choose the English word or phrase that matches the Uzbek meaning 'noto‘g‘ri'.,automated tool,technical solution,incorrect,mobile service,C,The English word or phrase for 'noto‘g‘ri' is 'incorrect'.
147,incorrect,noto‘g‘ri,Medium,Assessment,Context,The system explains why an answer is _____.,technical solution,incorrect,mobile service,automated tool,B,The best answer in this context is 'incorrect' (noto‘g‘ri).
148,explain,tushuntirmoq,Medium,Assessment,EN→UZ,Choose the best Uzbek meaning of 'explain'.,tushuntirmoq,jamoat loyiha,madaniy qo‘llab-quvvatlash,milliy o‘zlik,A,'explain' means 'tushuntirmoq' in Uzbek. Remember it together with its context.
149,explain,tushuntirmoq,Medium,Assessment,UZ→EN,Choose the English word or phrase that matches the Uzbek meaning 'tushuntirmoq'.,public project,cultural support,national identity,explain,D,The English word or phrase for 'tushuntirmoq' is 'explain'.
150,explain,tushuntirmoq,Medium,Assessment,Context,The teacher asked him to _____ his answer.,cultural support,national identity,explain,public project,C,The best answer in this context is 'explain' (tushuntirmoq).
151,meaning,ma’no,Medium,Vocabulary,EN→UZ,Choose the best Uzbek meaning of 'meaning'.,madaniy o‘zgarish,ma’no,mahalliy tadbir,jamoat qadriyat,B,'meaning' means 'ma’no' in Uzbek. Remember it together with its context.
152,meaning,ma’no,Medium,Vocabulary,UZ→EN,Choose the English word or phrase that matches the Uzbek meaning 'ma’no'.,meaning,local event,public value,cultural change,A,The English word or phrase for 'ma’no' is 'meaning'.
153,meaning,ma’no,Medium,Vocabulary,Context,Guess the _____ of the word from context.,local event,public value,cultural change,meaning,D,The best answer in this context is 'meaning' (ma’no).
154,context,kontekst,Medium,Vocabulary,EN→UZ,Choose the best Uzbek meaning of 'context'.,milliy qo‘llab-quvvatlash,tushuntirmoq,kontekst,madaniy loyiha,C,'context' means 'kontekst' in Uzbek. Remember it together with its context.
155,context,kontekst,Medium,Vocabulary,UZ→EN,Choose the English word or phrase that matches the Uzbek meaning 'kontekst'.,explain,context,cultural project,national support,B,The English word or phrase for 'kontekst' is 'context'.
156,context,kontekst,Medium,Vocabulary,Context,You can understand the word from its _____.,context,cultural project,national support,explain,A,The best answer in this context is 'context' (kontekst).
157,similar,o‘xshash,Medium,Vocabulary,EN→UZ,Choose the best Uzbek meaning of 'similar'.,jamoat loyiha,madaniy qo‘llab-quvvatlash,milliy o‘zlik,o‘xshash,D,'similar' means 'o‘xshash' in Uzbek. Remember it together with its context.
158,similar,o‘xshash,Medium,Vocabulary,UZ→EN,Choose the English word or phrase that matches the Uzbek meaning 'o‘xshash'.,cultural support,national identity,similar,public project,C,The English word or phrase for 'o‘xshash' is 'similar'.
159,similar,o‘xshash,Medium,Vocabulary,Context,These two words have a _____ meaning.,national identity,similar,public project,cultural support,B,The best answer in this context is 'similar' (o‘xshash).
160,different,farqli,Medium,Vocabulary,EN→UZ,Choose the best Uzbek meaning of 'different'.,farqli,aqlli ilova,mobil platforma,avtomatlashtirilgan tizim,A,'different' means 'farqli' in Uzbek. Remember it together with its context.
161,different,farqli,Medium,Vocabulary,UZ→EN,Choose the English word or phrase that matches the Uzbek meaning 'farqli'.,smart application,mobile platform,automated system,different,D,The English word or phrase for 'farqli' is 'different'.
162,different,farqli,Medium,Vocabulary,Context,The two passages discuss _____ ideas.,mobile platform,automated system,different,smart application,C,The best answer in this context is 'different' (farqli).
163,increase,oshmoq,Medium,Academic,EN→UZ,Choose the best Uzbek meaning of 'increase'.,muntazam fikr-mulohaza,oshmoq,akademik baholash,amaliy topshiriq,B,'increase' means 'oshmoq' in Uzbek. Remember it together with its context.
164,increase,oshmoq,Medium,Academic,UZ→EN,Choose the English word or phrase that matches the Uzbek meaning 'oshmoq'.,increase,academic assessment,practical task,regular feedback,A,The English word or phrase for 'oshmoq' is 'increase'.
165,increase,oshmoq,Medium,Academic,Context,Student participation may _____ with better feedback.,academic assessment,practical task,regular feedback,increase,D,The best answer in this context is 'increase' (oshmoq).
166,decrease,kamaymoq,Medium,Academic,EN→UZ,Choose the best Uzbek meaning of 'decrease'.,akademik maqsad,amaliy baholash,kamaymoq,ma’lumot,C,'decrease' means 'kamaymoq' in Uzbek. Remember it together with its context.
167,decrease,kamaymoq,Medium,Academic,UZ→EN,Choose the English word or phrase that matches the Uzbek meaning 'kamaymoq'.,practical assessment,decrease,information,academic goal,B,The English word or phrase for 'kamaymoq' is 'decrease'.
168,decrease,kamaymoq,Medium,Academic,Context,The number of errors began to _____.,decrease,information,academic goal,practical assessment,A,The best answer in this context is 'decrease' (kamaymoq).
169,change,o‘zgarish,Medium,Academic,EN→UZ,Choose the best Uzbek meaning of 'change'.,bulutli yechim,ma’lumot tarmoq,bozor talab,o‘zgarish,D,'change' means 'o‘zgarish' in Uzbek. Remember it together with its context.
170,change,o‘zgarish,Medium,Academic,UZ→EN,Choose the English word or phrase that matches the Uzbek meaning 'o‘zgarish'.,data network,market demand,change,cloud solution,C,The English word or phrase for 'o‘zgarish' is 'change'.
171,change,o‘zgarish,Medium,Academic,Context,The new policy created a major _____.,market demand,change,cloud solution,data network,B,The best answer in this context is 'change' (o‘zgarish).
172,reason,sabab,Medium,Academic,EN→UZ,Choose the best Uzbek meaning of 'reason'.,sabab,bozor talab,savdo fikr,moliyaviy model,A,'reason' means 'sabab' in Uzbek. Remember it together with its context.
173,reason,sabab,Medium,Academic,UZ→EN,Choose the English word or phrase that matches the Uzbek meaning 'sabab'.,market demand,sales feedback,financial model,reason,D,The English word or phrase for 'sabab' is 'reason'.
174,reason,sabab,Medium,Academic,Context,What is the main _____ for the decision?,sales feedback,financial model,reason,market demand,C,The best answer in this context is 'reason' (sabab).
175,effect,ta’sir,Medium,Academic,EN→UZ,Choose the best Uzbek meaning of 'effect'.,bozor fikr,ta’sir,virtual tarmoq,mijoz talab,B,'effect' means 'ta’sir' in Uzbek. Remember it together with its context.
176,effect,ta’sir,Medium,Academic,UZ→EN,Choose the English word or phrase that matches the Uzbek meaning 'ta’sir'.,effect,virtual network,customer demand,market feedback,A,The English word or phrase for 'ta’sir' is 'effect'.
177,effect,ta’sir,Medium,Academic,Context,The new system had a positive _____.,virtual network,customer demand,market feedback,effect,D,The best answer in this context is 'effect' (ta’sir).
178,evidence,dalil,Medium,Academic,EN→UZ,Choose the best Uzbek meaning of 'evidence'.,onlayn baholash,muntazam topshiriq,dalil,xizmat,C,'evidence' means 'dalil' in Uzbek. Remember it together with its context.
179,evidence,dalil,Medium,Academic,UZ→EN,Choose the English word or phrase that matches the Uzbek meaning 'dalil'.,regular task,evidence,service,online assessment,B,The English word or phrase for 'dalil' is 'evidence'.
180,evidence,dalil,Medium,Academic,Context,Find _____ in the passage for your answer.,evidence,service,online assessment,regular task,A,The best answer in this context is 'evidence' (dalil).
181,compare,taqqoslamoq,Medium,Academic,EN→UZ,Choose the best Uzbek meaning of 'compare'.,mahalliy loyiha,ijtimoiy qo‘llab-quvvatlash,hamjamiyat o‘zlik,taqqoslamoq,D,'compare' means 'taqqoslamoq' in Uzbek. Remember it together with its context.
182,compare,taqqoslamoq,Medium,Academic,UZ→EN,Choose the English word or phrase that matches the Uzbek meaning 'taqqoslamoq'.,social support,community identity,compare,local project,C,The English word or phrase for 'taqqoslamoq' is 'compare'.
183,compare,taqqoslamoq,Medium,Academic,Context,The task asks students to _____ two ideas.,community identity,compare,local project,social support,B,The best answer in this context is 'compare' (taqqoslamoq).
184,describe,tasvirlamoq,Medium,Academic,EN→UZ,Choose the best Uzbek meaning of 'describe'.,tasvirlamoq,biznes,onlayn strategiya,muntazam ko‘nikma,A,'describe' means 'tasvirlamoq' in Uzbek. Remember it together with its context.
185,describe,tasvirlamoq,Medium,Academic,UZ→EN,Choose the English word or phrase that matches the Uzbek meaning 'tasvirlamoq'.,business,online strategy,regular skill,describe,D,The English word or phrase for 'tasvirlamoq' is 'describe'.
186,describe,tasvirlamoq,Medium,Academic,Context,Please _____ the process in your own words.,online strategy,regular skill,describe,business,C,The best answer in this context is 'describe' (tasvirlamoq).
187,purpose,maqsad,Medium,Academic,EN→UZ,Choose the best Uzbek meaning of 'purpose'.,ta’sir,maqsad,hamjamiyat qadriyat,mashq qilmoq,B,'purpose' means 'maqsad' in Uzbek. Remember it together with its context.
188,purpose,maqsad,Medium,Academic,UZ→EN,Choose the English word or phrase that matches the Uzbek meaning 'maqsad'.,purpose,community value,practice,effect,A,The English word or phrase for 'maqsad' is 'purpose'.
189,purpose,maqsad,Medium,Academic,Context,What is the main _____ of this paragraph?,community value,practice,effect,purpose,D,The best answer in this context is 'purpose' (maqsad).
190,benefit,foyda,Medium,Academic,EN→UZ,Choose the best Uzbek meaning of 'benefit'.,jamoat qo‘llab-quvvatlash,madaniy o‘zlik,foyda,kompaniya imkoniyat,C,'benefit' means 'foyda' in Uzbek. Remember it together with its context.
191,benefit,foyda,Medium,Academic,UZ→EN,Choose the English word or phrase that matches the Uzbek meaning 'foyda'.,cultural identity,benefit,company opportunity,public support,B,The English word or phrase for 'foyda' is 'benefit'.
192,benefit,foyda,Medium,Academic,Context,One _____ of daily reading is better vocabulary.,benefit,company opportunity,public support,cultural identity,A,The best answer in this context is 'benefit' (foyda).
193,problem,muammo,Medium,Academic,EN→UZ,Choose the best Uzbek meaning of 'problem'.,jamoat loyiha,madaniy qo‘llab-quvvatlash,milliy o‘zlik,muammo,D,'problem' means 'muammo' in Uzbek. Remember it together with its context.
194,problem,muammo,Medium,Academic,UZ→EN,Choose the English word or phrase that matches the Uzbek meaning 'muammo'.,cultural support,national identity,problem,public project,C,The English word or phrase for 'muammo' is 'problem'.
195,problem,muammo,Medium,Academic,Context,The article explains a common learning _____.,national identity,problem,public project,cultural support,B,The best answer in this context is 'problem' (muammo).
196,solution,yechim,Medium,Academic,EN→UZ,Choose the best Uzbek meaning of 'solution'.,yechim,guruh usul,o‘qish baholash,o‘rganish topshiriq,A,'solution' means 'yechim' in Uzbek. Remember it together with its context.
197,solution,yechim,Medium,Academic,UZ→EN,Choose the English word or phrase that matches the Uzbek meaning 'yechim'.,group method,reading assessment,learning task,solution,D,The English word or phrase for 'yechim' is 'solution'.
198,solution,yechim,Medium,Academic,Context,The team proposed a simple _____ to the problem.,reading assessment,learning task,solution,group method,C,The best answer in this context is 'solution' (yechim).
199,environment,atrof-muhit,Medium,Environment,EN→UZ,Choose the best Uzbek meaning of 'environment'.,akademik strategiya,atrof-muhit,noto‘g‘ri,yechim,B,'environment' means 'atrof-muhit' in Uzbek. Remember it together with its context.
200,environment,atrof-muhit,Medium,Environment,UZ→EN,Choose the English word or phrase that matches the Uzbek meaning 'atrof-muhit'.,environment,incorrect,solution,academic strategy,A,The English word or phrase for 'atrof-muhit' is 'environment'.
201,environment,atrof-muhit,Medium,Environment,Context,Recycling can help protect the _____.,incorrect,solution,academic strategy,environment,D,The best answer in this context is 'environment' (atrof-muhit).
202,energy,energiya,Medium,Science,EN→UZ,Choose the best Uzbek meaning of 'energy'.,biznes strategiya,moliyaviy imkoniyat,energiya,bozor xarajat,C,'energy' means 'energiya' in Uzbek. Remember it together with its context.
203,energy,energiya,Medium,Science,UZ→EN,Choose the English word or phrase that matches the Uzbek meaning 'energiya'.,financial opportunity,energy,market cost,business strategy,B,The English word or phrase for 'energiya' is 'energy'.
204,energy,energiya,Medium,Science,Context,Solar panels produce electrical _____.,energy,market cost,business strategy,financial opportunity,A,The best answer in this context is 'energy' (energiya).
205,technology,texnologiya,Medium,Science,EN→UZ,Choose the best Uzbek meaning of 'technology'.,moliyaviy fikr,global qaror,mahsulot xarajat,texnologiya,D,'technology' means 'texnologiya' in Uzbek. Remember it together with its context.
206,technology,texnologiya,Medium,Science,UZ→EN,Choose the English word or phrase that matches the Uzbek meaning 'texnologiya'.,global decision,product cost,technology,financial feedback,C,The English word or phrase for 'texnologiya' is 'technology'.
207,technology,texnologiya,Medium,Science,Context,New _____ is changing education.,product cost,technology,financial feedback,global decision,B,The best answer in this context is 'technology' (texnologiya).
208,device,qurilma,Medium,Science,EN→UZ,Choose the best Uzbek meaning of 'device'.,qurilma,virtual yechim,mijoz reja,savdo talab,A,'device' means 'qurilma' in Uzbek. Remember it together with its context.
209,device,qurilma,Medium,Science,UZ→EN,Choose the English word or phrase that matches the Uzbek meaning 'qurilma'.,virtual solution,customer plan,sales demand,device,D,The English word or phrase for 'qurilma' is 'device'.
210,device,qurilma,Medium,Science,Context,A smartphone is a digital _____.,customer plan,sales demand,device,virtual solution,C,The best answer in this context is 'device' (qurilma).
211,system,tizim,Medium,Technology,EN→UZ,Choose the best Uzbek meaning of 'system'.,xizmat model,tizim,moliyaviy strategiya,mahalliy fikr,B,'system' means 'tizim' in Uzbek. Remember it together with its context.
212,system,tizim,Medium,Technology,UZ→EN,Choose the English word or phrase that matches the Uzbek meaning 'tizim'.,system,financial strategy,local feedback,service model,A,The English word or phrase for 'tizim' is 'system'.
213,system,tizim,Medium,Technology,Context,The school uses an online learning _____.,financial strategy,local feedback,service model,system,D,The best answer in this context is 'system' (tizim).
214,information,ma’lumot,Medium,Media,EN→UZ,Choose the best Uzbek meaning of 'information'.,ma’no,energiya,ma’lumot,milliy mas’uliyat,C,'information' means 'ma’lumot' in Uzbek. Remember it together with its context.
215,information,ma’lumot,Medium,Media,UZ→EN,Choose the English word or phrase that matches the Uzbek meaning 'ma’lumot'.,energy,information,national responsibility,meaning,B,The English word or phrase for 'ma’lumot' is 'information'.
216,information,ma’lumot,Medium,Media,Context,Check the source before sharing _____.,information,national responsibility,meaning,energy,A,The best answer in this context is 'information' (ma’lumot).
217,source,manba,Medium,Media,EN→UZ,Choose the best Uzbek meaning of 'source'.,savdo strategiya,biznes imkoniyat,mahalliy model,manba,D,'source' means 'manba' in Uzbek. Remember it together with its context.
218,source,manba,Medium,Media,UZ→EN,Choose the English word or phrase that matches the Uzbek meaning 'manba'.,business opportunity,local model,source,sales strategy,C,The English word or phrase for 'manba' is 'source'.
219,source,manba,Medium,Media,Context,A reliable _____ should provide evidence.,local model,source,sales strategy,business opportunity,B,The best answer in this context is 'source' (manba).
220,message,xabar,Medium,Media,EN→UZ,Choose the best Uzbek meaning of 'message'.,xabar,mahalliy mas’uliyat,ijtimoiy masala,hamjamiyat tadbir,A,'message' means 'xabar' in Uzbek. Remember it together with its context.
221,message,xabar,Medium,Media,UZ→EN,Choose the English word or phrase that matches the Uzbek meaning 'xabar'.,local responsibility,social issue,community event,message,D,The English word or phrase for 'xabar' is 'message'.
222,message,xabar,Medium,Media,Context,She received an important email _____.,social issue,community event,message,local responsibility,C,The best answer in this context is 'message' (xabar).
223,community,hamjamiyat,Medium,Society,EN→UZ,Choose the best Uzbek meaning of 'community'.,ma’lumot ilova,hamjamiyat,texnik qurilma,bulutli kirish,B,'community' means 'hamjamiyat' in Uzbek. Remember it together with its context.
224,community,hamjamiyat,Medium,Society,UZ→EN,Choose the English word or phrase that matches the Uzbek meaning 'hamjamiyat'.,community,technical device,cloud access,data application,A,The English word or phrase for 'hamjamiyat' is 'community'.
225,community,hamjamiyat,Medium,Society,Context,The local _____ organized a cultural event.,technical device,cloud access,data application,community,D,The best answer in this context is 'community' (hamjamiyat).
226,culture,madaniyat,Medium,Society,EN→UZ,Choose the best Uzbek meaning of 'culture'.,milliy o‘zgarish,noto‘g‘ri,madaniyat,madaniy qadriyat,C,'culture' means 'madaniyat' in Uzbek. Remember it together with its context.
227,culture,madaniyat,Medium,Society,UZ→EN,Choose the English word or phrase that matches the Uzbek meaning 'madaniyat'.,incorrect,culture,cultural value,national change,B,The English word or phrase for 'madaniyat' is 'culture'.
228,culture,madaniyat,Medium,Society,Context,Food is an important part of _____.,culture,cultural value,national change,incorrect,A,The best answer in this context is 'culture' (madaniyat).
229,business,biznes,Medium,Work,EN→UZ,Choose the best Uzbek meaning of 'business'.,muntazam fikr-mulohaza,guruh usul,o‘qish baholash,biznes,D,'business' means 'biznes' in Uzbek. Remember it together with its context.
230,business,biznes,Medium,Work,UZ→EN,Choose the English word or phrase that matches the Uzbek meaning 'biznes'.,group method,reading assessment,business,regular feedback,C,The English word or phrase for 'biznes' is 'business'.
231,business,biznes,Medium,Work,Context,The company wants to expand its _____.,reading assessment,business,regular feedback,group method,B,The best answer in this context is 'business' (biznes).
232,customer,mijoz,Medium,Work,EN→UZ,Choose the best Uzbek meaning of 'customer'.,mijoz,mustaqil baholash,til topshiriq,lug‘at mashq,A,'customer' means 'mijoz' in Uzbek. Remember it together with its context.
233,customer,mijoz,Medium,Work,UZ→EN,Choose the English word or phrase that matches the Uzbek meaning 'mijoz'.,independent assessment,language task,vocabulary practice,customer,D,The English word or phrase for 'mijoz' is 'customer'.
234,customer,mijoz,Medium,Work,Context,The company studies _____ behavior.,language task,vocabulary practice,customer,independent assessment,C,The best answer in this context is 'customer' (mijoz).
235,service,xizmat,Medium,Work,EN→UZ,Choose the best Uzbek meaning of 'service'.,milliy o‘zlik,xizmat,jamoat loyiha,madaniy qo‘llab-quvvatlash,B,'service' means 'xizmat' in Uzbek. Remember it together with its context.
236,service,xizmat,Medium,Work,UZ→EN,Choose the English word or phrase that matches the Uzbek meaning 'xizmat'.,service,public project,cultural support,national identity,A,The English word or phrase for 'xizmat' is 'service'.
237,service,xizmat,Medium,Work,Context,The hotel improved its customer _____.,public project,cultural support,national identity,service,D,The best answer in this context is 'service' (xizmat).
238,decision,qaror,Medium,Work,EN→UZ,Choose the best Uzbek meaning of 'decision'.,amaliy usul,mustaqil strategiya,qaror,akademik fikr-mulohaza,C,'decision' means 'qaror' in Uzbek. Remember it together with its context.
239,decision,qaror,Medium,Work,UZ→EN,Choose the English word or phrase that matches the Uzbek meaning 'qaror'.,independent strategy,decision,academic feedback,practical method,B,The English word or phrase for 'qaror' is 'decision'.
240,decision,qaror,Medium,Work,Context,Managers made a difficult _____.,decision,academic feedback,practical method,independent strategy,A,The best answer in this context is 'decision' (qaror).
241,significant,sezilarli,High,Academic,EN→UZ,Choose the best Uzbek meaning of 'significant'.,avtomatlashtirilgan tekshiruv,chalg‘ituvchi tarafkashlik,baholamoq,sezilarli,D,'significant' means 'sezilarli' in Uzbek. Remember it together with its context.
242,significant,sezilarli,High,Academic,UZ→EN,Choose the English word or phrase that matches the Uzbek meaning 'sezilarli'.,misleading bias,evaluate,significant,automated verification,C,The English word or phrase for 'sezilarli' is 'significant'.
243,significant,sezilarli,High,Academic,Context,The new method produced a _____ improvement in scores.,evaluate,significant,automated verification,misleading bias,B,The best answer in this context is 'significant' (sezilarli).
244,accurate,aniq,High,Academic,EN→UZ,Choose the best Uzbek meaning of 'accurate'.,aniq,sun’iy kontent,algoritmik maxfiylik,ishonchli tavsiya,A,'accurate' means 'aniq' in Uzbek. Remember it together with its context.
245,accurate,aniq,High,Academic,UZ→EN,Choose the English word or phrase that matches the Uzbek meaning 'aniq'.,artificial content,algorithmic privacy,reliable recommendation,accurate,D,The English word or phrase for 'aniq' is 'accurate'.
246,accurate,aniq,High,Academic,Context,Important claims should be based on _____ information.,algorithmic privacy,reliable recommendation,accurate,artificial content,C,The best answer in this context is 'accurate' (aniq).
247,reliable,ishonchli,High,Academic,EN→UZ,Choose the best Uzbek meaning of 'reliable'.,avtomatlashtirilgan tarafkashlik,ishonchli,iqlim texnologiya,raqamli tekshiruv,B,'reliable' means 'ishonchli' in Uzbek. Remember it together with its context.
248,reliable,ishonchli,High,Academic,UZ→EN,Choose the English word or phrase that matches the Uzbek meaning 'ishonchli'.,reliable,climate technology,digital verification,automated bias,A,The English word or phrase for 'ishonchli' is 'reliable'.
249,reliable,ishonchli,High,Academic,Context,Students should use _____ sources for research.,climate technology,digital verification,automated bias,reliable,D,The best answer in this context is 'reliable' (ishonchli).
250,analyze,tahlil qilmoq,High,Academic,EN→UZ,Choose the best Uzbek meaning of 'analyze'.,shahar rejalashtirish,energiya ta’sir,tahlil qilmoq,barqaror boshqaruv,C,'analyze' means 'tahlil qilmoq' in Uzbek. Remember it together with its context.
251,analyze,tahlil qilmoq,High,Academic,UZ→EN,Choose the English word or phrase that matches the Uzbek meaning 'tahlil qilmoq'.,energy impact,analyze,sustainable management,urban planning,B,The English word or phrase for 'tahlil qilmoq' is 'analyze'.
252,analyze,tahlil qilmoq,High,Academic,Context,Researchers _____ the results before drawing conclusions.,analyze,sustainable management,urban planning,energy impact,A,The best answer in this context is 'analyze' (tahlil qilmoq).
253,interpret,talqin qilmoq,High,Academic,EN→UZ,Choose the best Uzbek meaning of 'interpret'.,tizimli ta’sir,strategik yondashuv,o‘lchanadigan baholash,talqin qilmoq,D,'interpret' means 'talqin qilmoq' in Uzbek. Remember it together with its context.
254,interpret,talqin qilmoq,High,Academic,UZ→EN,Choose the English word or phrase that matches the Uzbek meaning 'talqin qilmoq'.,strategic approach,measurable evaluation,interpret,systematic impact,C,The English word or phrase for 'talqin qilmoq' is 'interpret'.
255,interpret,talqin qilmoq,High,Academic,Context,Readers must _____ the chart carefully.,measurable evaluation,interpret,systematic impact,strategic approach,B,The best answer in this context is 'interpret' (talqin qilmoq).
256,infer,xulosa chiqarmoq,High,Academic,EN→UZ,Choose the best Uzbek meaning of 'infer'.,xulosa chiqarmoq,iqlim strategiya,raqamli maxfiylik,avtomatlashtirilgan tavsiya,A,'infer' means 'xulosa chiqarmoq' in Uzbek. Remember it together with its context.
257,infer,xulosa chiqarmoq,High,Academic,UZ→EN,Choose the English word or phrase that matches the Uzbek meaning 'xulosa chiqarmoq'.,climate strategy,digital privacy,automated recommendation,infer,D,The English word or phrase for 'xulosa chiqarmoq' is 'infer'.
258,infer,xulosa chiqarmoq,High,Academic,Context,Students often need to _____ meaning from context.,digital privacy,automated recommendation,infer,climate strategy,C,The best answer in this context is 'infer' (xulosa chiqarmoq).
259,evaluate,baholamoq,High,Academic,EN→UZ,Choose the best Uzbek meaning of 'evaluate'.,chalg‘ituvchi manba,baholamoq,algoritmik tavsiya,avtomatlashtirilgan model,B,'evaluate' means 'baholamoq' in Uzbek. Remember it together with its context.
260,evaluate,baholamoq,High,Academic,UZ→EN,Choose the English word or phrase that matches the Uzbek meaning 'baholamoq'.,evaluate,algorithmic recommendation,automated model,misleading source,A,The English word or phrase for 'baholamoq' is 'evaluate'.
261,evaluate,baholamoq,High,Academic,Context,The task asks learners to _____ two solutions.,algorithmic recommendation,automated model,misleading source,evaluate,D,The best answer in this context is 'evaluate' (baholamoq).
262,identify,aniqlamoq,High,Academic,EN→UZ,Choose the best Uzbek meaning of 'identify'.,ishonchli tekshiruv,jamoat tavsiya,aniqlamoq,algoritmik manba,C,'identify' means 'aniqlamoq' in Uzbek. Remember it together with its context.
263,identify,aniqlamoq,High,Academic,UZ→EN,Choose the English word or phrase that matches the Uzbek meaning 'aniqlamoq'.,public recommendation,identify,algorithmic source,reliable verification,B,The English word or phrase for 'aniqlamoq' is 'identify'.
264,identify,aniqlamoq,High,Academic,Context,"First, _____ the writer’s main argument.",identify,algorithmic source,reliable verification,public recommendation,A,The best answer in this context is 'identify' (aniqlamoq).
265,maintain,saqlab turmoq,High,Academic,EN→UZ,Choose the best Uzbek meaning of 'maintain'.,raqamli tekshiruv,avtomatlashtirilgan tarafkashlik,chalg‘ituvchi intellekt,saqlab turmoq,D,'maintain' means 'saqlab turmoq' in Uzbek. Remember it together with its context.
266,maintain,saqlab turmoq,High,Academic,UZ→EN,Choose the English word or phrase that matches the Uzbek meaning 'saqlab turmoq'.,automated bias,misleading intelligence,maintain,digital verification,C,The English word or phrase for 'saqlab turmoq' is 'maintain'.
267,maintain,saqlab turmoq,High,Academic,Context,It is difficult to _____ motivation for a long period.,misleading intelligence,maintain,digital verification,automated bias,B,The best answer in this context is 'maintain' (saqlab turmoq).
268,achieve,erishmoq,High,Academic,EN→UZ,Choose the best Uzbek meaning of 'achieve'.,erishmoq,uzoq muddatli dalil,qayta tiklanuvchi texnologiya,barqaror infratuzilma,A,'achieve' means 'erishmoq' in Uzbek. Remember it together with its context.
269,achieve,erishmoq,High,Academic,UZ→EN,Choose the English word or phrase that matches the Uzbek meaning 'erishmoq'.,long-term evidence,renewable technology,sustainable infrastructure,achieve,D,The English word or phrase for 'erishmoq' is 'achieve'.
270,achieve,erishmoq,High,Academic,Context,Consistent practice can help students _____ their goals.,renewable technology,sustainable infrastructure,achieve,long-term evidence,C,The best answer in this context is 'achieve' (erishmoq).
271,require,talab qilmoq,High,Academic,EN→UZ,Choose the best Uzbek meaning of 'require'.,suv infratuzilma,talab qilmoq,shahar siyosat,jamoat texnologiya,B,'require' means 'talab qilmoq' in Uzbek. Remember it together with its context.
272,require,talab qilmoq,High,Academic,UZ→EN,Choose the English word or phrase that matches the Uzbek meaning 'talab qilmoq'.,require,urban policy,public technology,water infrastructure,A,The English word or phrase for 'talab qilmoq' is 'require'.
273,require,talab qilmoq,High,Academic,Context,Advanced reading tasks _____ careful attention.,urban policy,public technology,water infrastructure,require,D,The best answer in this context is 'require' (talab qilmoq).
274,provide,taqdim etmoq,High,Academic,EN→UZ,Choose the best Uzbek meaning of 'provide'.,jamoat samaradorlik,suv siyosat,taqdim etmoq,barqaror strategiya,C,'provide' means 'taqdim etmoq' in Uzbek. Remember it together with its context.
275,provide,taqdim etmoq,High,Academic,UZ→EN,Choose the English word or phrase that matches the Uzbek meaning 'taqdim etmoq'.,water policy,provide,sustainable strategy,public efficiency,B,The English word or phrase for 'taqdim etmoq' is 'provide'.
276,provide,taqdim etmoq,High,Academic,Context,The passage should _____ enough evidence.,provide,sustainable strategy,public efficiency,water policy,A,The best answer in this context is 'provide' (taqdim etmoq).
277,approach,yondashuv,High,Academic,EN→UZ,Choose the best Uzbek meaning of 'approach'.,raqamli tavsiya,algoritmik model,ishonchli platforma,yondashuv,D,'approach' means 'yondashuv' in Uzbek. Remember it together with its context.
278,approach,yondashuv,High,Academic,UZ→EN,Choose the English word or phrase that matches the Uzbek meaning 'yondashuv'.,algorithmic model,reliable platform,approach,digital recommendation,C,The English word or phrase for 'yondashuv' is 'approach'.
279,approach,yondashuv,High,Academic,Context,The teacher introduced a new learning _____.,reliable platform,approach,digital recommendation,algorithmic model,B,The best answer in this context is 'approach' (yondashuv).
280,method,usul,High,Academic,EN→UZ,Choose the best Uzbek meaning of 'method'.,usul,sezilarli ta’sir,akademik yondashuv,tahliliy dalil,A,'method' means 'usul' in Uzbek. Remember it together with its context.
281,method,usul,High,Academic,UZ→EN,Choose the English word or phrase that matches the Uzbek meaning 'usul'.,significant impact,academic approach,analytical evidence,method,D,The English word or phrase for 'usul' is 'method'.
282,method,usul,High,Academic,Context,Spaced repetition is an effective study _____.,academic approach,analytical evidence,method,significant impact,C,The best answer in this context is 'method' (usul).
283,factor,omil,High,Academic,EN→UZ,Choose the best Uzbek meaning of 'factor'.,tanqidiy talqin,omil,sezilarli natija,akademik dalil,B,'factor' means 'omil' in Uzbek. Remember it together with its context.
284,factor,omil,High,Academic,UZ→EN,Choose the English word or phrase that matches the Uzbek meaning 'omil'.,factor,significant outcome,academic evidence,critical interpretation,A,The English word or phrase for 'omil' is 'factor'.
285,factor,omil,High,Academic,Context,Cost is an important _____ in the decision.,significant outcome,academic evidence,critical interpretation,factor,D,The best answer in this context is 'factor' (omil).
286,impact,ta’sir,High,Academic,EN→UZ,Choose the best Uzbek meaning of 'impact'.,ishonchli baholash,tanqidiy taxmin,ta’sir,sezilarli yondashuv,C,'impact' means 'ta’sir' in Uzbek. Remember it together with its context.
287,impact,ta’sir,High,Academic,UZ→EN,Choose the English word or phrase that matches the Uzbek meaning 'ta’sir'.,critical assumption,impact,significant approach,reliable evaluation,B,The English word or phrase for 'ta’sir' is 'impact'.
288,impact,ta’sir,High,Academic,Context,The project may have a long-term _____ on education.,impact,significant approach,reliable evaluation,critical assumption,A,The best answer in this context is 'impact' (ta’sir).
289,challenge,qiyinchilik,High,Academic,EN→UZ,Choose the best Uzbek meaning of 'challenge'.,nuqtai nazar,ishonchli natija,tanqidiy tahlil,qiyinchilik,D,'challenge' means 'qiyinchilik' in Uzbek. Remember it together with its context.
290,challenge,qiyinchilik,High,Academic,UZ→EN,Choose the English word or phrase that matches the Uzbek meaning 'qiyinchilik'.,reliable outcome,critical analysis,challenge,perspective,C,The English word or phrase for 'qiyinchilik' is 'challenge'.
291,challenge,qiyinchilik,High,Academic,Context,Limited internet access can be a major _____.,critical analysis,challenge,perspective,reliable outcome,B,The best answer in this context is 'challenge' (qiyinchilik).
292,strategy,strategiya,High,Academic,EN→UZ,Choose the best Uzbek meaning of 'strategy'.,strategiya,chalg‘ituvchi intellekt,tahlil qilmoq,daromad,A,'strategy' means 'strategiya' in Uzbek. Remember it together with its context.
293,strategy,strategiya,High,Academic,UZ→EN,Choose the English word or phrase that matches the Uzbek meaning 'strategiya'.,misleading intelligence,analyze,revenue,strategy,D,The English word or phrase for 'strategiya' is 'strategy'.
294,strategy,strategiya,High,Academic,Context,The team developed a new marketing _____.,analyze,revenue,strategy,misleading intelligence,C,The best answer in this context is 'strategy' (strategiya).
295,efficient,samarali,High,Business,EN→UZ,Choose the best Uzbek meaning of 'efficient'.,tahliliy tahlil,samarali,sezilarli usul,akademik natija,B,'efficient' means 'samarali' in Uzbek. Remember it together with its context.
296,efficient,samarali,High,Business,UZ→EN,Choose the English word or phrase that matches the Uzbek meaning 'samarali'.,efficient,significant method,academic outcome,analytical analysis,A,The English word or phrase for 'samarali' is 'efficient'.
297,efficient,samarali,High,Business,Context,LED lighting is more energy-_____ than older lighting.,significant method,academic outcome,analytical analysis,efficient,D,The best answer in this context is 'efficient' (samarali).
298,effective,"samarali, ta’sirchan",High,Academic,EN→UZ,Choose the best Uzbek meaning of 'effective'.,akademik talqin,tahliliy ta’sir,"samarali, ta’sirchan",ishonchli dalil,C,"'effective' means 'samarali, ta’sirchan' in Uzbek. Remember it together with its context."
299,effective,"samarali, ta’sirchan",High,Academic,UZ→EN,"Choose the English word or phrase that matches the Uzbek meaning 'samarali, ta’sirchan'.",analytical impact,effective,reliable evidence,academic interpretation,B,"The English word or phrase for 'samarali, ta’sirchan' is 'effective'."
300,effective,"samarali, ta’sirchan",High,Academic,Context,The new teaching method was highly _____.,effective,reliable evidence,academic interpretation,analytical impact,A,"The best answer in this context is 'effective' (samarali, ta’sirchan)."
301,expand,kengaytirmoq,High,Business,EN→UZ,Choose the best Uzbek meaning of 'expand'.,sezilarli omil,akademik tahlil,tanqidiy baholash,kengaytirmoq,D,'expand' means 'kengaytirmoq' in Uzbek. Remember it together with its context.
302,expand,kengaytirmoq,High,Business,UZ→EN,Choose the English word or phrase that matches the Uzbek meaning 'kengaytirmoq'.,academic analysis,critical evaluation,expand,significant factor,C,The English word or phrase for 'kengaytirmoq' is 'expand'.
303,expand,kengaytirmoq,High,Business,Context,The company plans to _____ into Central Asia.,critical evaluation,expand,significant factor,academic analysis,B,The best answer in this context is 'expand' (kengaytirmoq).
304,revenue,daromad,High,Business,EN→UZ,Choose the best Uzbek meaning of 'revenue'.,daromad,barqaror texnologiya,jamoat infratuzilma,suv boshqaruv,A,'revenue' means 'daromad' in Uzbek. Remember it together with its context.
305,revenue,daromad,High,Business,UZ→EN,Choose the English word or phrase that matches the Uzbek meaning 'daromad'.,sustainable technology,public infrastructure,water management,revenue,D,The English word or phrase for 'daromad' is 'revenue'.
306,revenue,daromad,High,Business,Context,Higher sales increased company _____.,public infrastructure,water management,revenue,sustainable technology,C,The best answer in this context is 'revenue' (daromad).
307,profit,foyda,High,Business,EN→UZ,Choose the best Uzbek meaning of 'profit'.,tizimli baholash,foyda,akademik omil,tahliliy yondashuv,B,'profit' means 'foyda' in Uzbek. Remember it together with its context.
308,profit,foyda,High,Business,UZ→EN,Choose the English word or phrase that matches the Uzbek meaning 'foyda'.,profit,academic factor,analytical approach,systematic evaluation,A,The English word or phrase for 'foyda' is 'profit'.
309,profit,foyda,High,Business,Context,High costs can reduce _____.,academic factor,analytical approach,systematic evaluation,profit,D,The best answer in this context is 'profit' (foyda).
310,demand,talab,High,Business,EN→UZ,Choose the best Uzbek meaning of 'demand'.,oqibat,ishonchli ta’sir,talab,"samarali, ta’sirchan",C,'demand' means 'talab' in Uzbek. Remember it together with its context.
311,demand,talab,High,Business,UZ→EN,Choose the English word or phrase that matches the Uzbek meaning 'talab'.,reliable impact,demand,effective,consequence,B,The English word or phrase for 'talab' is 'demand'.
312,demand,talab,High,Business,Context,Prices can rise when _____ becomes stronger.,demand,effective,consequence,reliable impact,A,The best answer in this context is 'demand' (talab).
313,resource,resurs,High,Environment,EN→UZ,Choose the best Uzbek meaning of 'resource'.,avtomatlashtirilgan model,chalg‘ituvchi manba,erishmoq,resurs,D,'resource' means 'resurs' in Uzbek. Remember it together with its context.
314,resource,resurs,High,Environment,UZ→EN,Choose the English word or phrase that matches the Uzbek meaning 'resurs'.,misleading source,achieve,resource,automated model,C,The English word or phrase for 'resurs' is 'resource'.
315,resource,resurs,High,Environment,Context,Water is an essential natural _____.,achieve,resource,automated model,misleading source,B,The best answer in this context is 'resource' (resurs).
316,consumption,iste’mol,High,Environment,EN→UZ,Choose the best Uzbek meaning of 'consumption'.,iste’mol,"samarali, ta’sirchan",oqibat,ishonchli ta’sir,A,'consumption' means 'iste’mol' in Uzbek. Remember it together with its context.
317,consumption,iste’mol,High,Environment,UZ→EN,Choose the English word or phrase that matches the Uzbek meaning 'iste’mol'.,effective,consequence,reliable impact,consumption,D,The English word or phrase for 'iste’mol' is 'consumption'.
318,consumption,iste’mol,High,Environment,Context,The city wants to reduce electricity _____.,consequence,reliable impact,consumption,effective,C,The best answer in this context is 'consumption' (iste’mol).
319,sustainable,barqaror,High,Environment,EN→UZ,Choose the best Uzbek meaning of 'sustainable'.,strategiya,barqaror,ishonchli platforma,sezilarli,B,'sustainable' means 'barqaror' in Uzbek. Remember it together with its context.
320,sustainable,barqaror,High,Environment,UZ→EN,Choose the English word or phrase that matches the Uzbek meaning 'barqaror'.,sustainable,reliable platform,significant,strategy,A,The English word or phrase for 'barqaror' is 'sustainable'.
321,sustainable,barqaror,High,Environment,Context,The project needs a _____ long-term model.,reliable platform,significant,strategy,sustainable,D,The best answer in this context is 'sustainable' (barqaror).
322,pollution,ifloslanish,High,Environment,EN→UZ,Choose the best Uzbek meaning of 'pollution'.,o‘lchanadigan tahlil,uzoq muddatli talqin,ifloslanish,samarali omil,C,'pollution' means 'ifloslanish' in Uzbek. Remember it together with its context.
323,pollution,ifloslanish,High,Environment,UZ→EN,Choose the English word or phrase that matches the Uzbek meaning 'ifloslanish'.,long-term interpretation,pollution,effective factor,measurable analysis,B,The English word or phrase for 'ifloslanish' is 'pollution'.
324,pollution,ifloslanish,High,Environment,Context,Public transport may help reduce air _____.,pollution,effective factor,measurable analysis,long-term interpretation,A,The best answer in this context is 'pollution' (ifloslanish).
325,infrastructure,infratuzilma,High,Technology,EN→UZ,Choose the best Uzbek meaning of 'infrastructure'.,sezilarli omil,akademik tahlil,tanqidiy baholash,infratuzilma,D,'infrastructure' means 'infratuzilma' in Uzbek. Remember it together with its context.
326,infrastructure,infratuzilma,High,Technology,UZ→EN,Choose the English word or phrase that matches the Uzbek meaning 'infratuzilma'.,academic analysis,critical evaluation,infrastructure,significant factor,C,The English word or phrase for 'infratuzilma' is 'infrastructure'.
327,infrastructure,infratuzilma,High,Technology,Context,Digital services depend on reliable _____.,critical evaluation,infrastructure,significant factor,academic analysis,B,The best answer in this context is 'infrastructure' (infratuzilma).
328,algorithm,algoritm,High,Technology,EN→UZ,Choose the best Uzbek meaning of 'algorithm'.,algoritm,tanqidiy natija,tizimli dalil,samarali taxmin,A,'algorithm' means 'algoritm' in Uzbek. Remember it together with its context.
329,algorithm,algoritm,High,Technology,UZ→EN,Choose the English word or phrase that matches the Uzbek meaning 'algoritm'.,critical outcome,systematic evidence,effective assumption,algorithm,D,The English word or phrase for 'algoritm' is 'algorithm'.
330,algorithm,algoritm,High,Technology,Context,The recommendation _____ learns from user behavior.,systematic evidence,effective assumption,algorithm,critical outcome,C,The best answer in this context is 'algorithm' (algoritm).
331,data,ma’lumotlar,High,Technology,EN→UZ,Choose the best Uzbek meaning of 'data'.,qayta tiklanuvchi rejalashtirish,ma’lumotlar,strategik omil,uzoq muddatli tahlil,B,'data' means 'ma’lumotlar' in Uzbek. Remember it together with its context.
332,data,ma’lumotlar,High,Technology,UZ→EN,Choose the English word or phrase that matches the Uzbek meaning 'ma’lumotlar'.,data,strategic factor,long-term analysis,renewable planning,A,The English word or phrase for 'ma’lumotlar' is 'data'.
333,data,ma’lumotlar,High,Technology,Context,The system collects learning _____ after every test.,strategic factor,long-term analysis,renewable planning,data,D,The best answer in this context is 'data' (ma’lumotlar).
334,privacy,maxfiylik,High,Technology,EN→UZ,Choose the best Uzbek meaning of 'privacy'.,jamoat rejalashtirish,suv ta’sir,maxfiylik,shahar boshqaruv,C,'privacy' means 'maxfiylik' in Uzbek. Remember it together with its context.
335,privacy,maxfiylik,High,Technology,UZ→EN,Choose the English word or phrase that matches the Uzbek meaning 'maxfiylik'.,water impact,privacy,urban management,public planning,B,The English word or phrase for 'maxfiylik' is 'privacy'.
336,privacy,maxfiylik,High,Technology,Context,Schools must protect student _____.,privacy,urban management,public planning,water impact,A,The best answer in this context is 'privacy' (maxfiylik).
337,bias,tarafkashlik,High,Technology,EN→UZ,Choose the best Uzbek meaning of 'bias'.,strategik baholash,uzoq muddatli usul,ekologik samaradorlik,tarafkashlik,D,'bias' means 'tarafkashlik' in Uzbek. Remember it together with its context.
338,bias,tarafkashlik,High,Technology,UZ→EN,Choose the English word or phrase that matches the Uzbek meaning 'tarafkashlik'.,long-term method,environmental efficiency,bias,strategic evaluation,C,The English word or phrase for 'tarafkashlik' is 'bias'.
339,bias,tarafkashlik,High,Technology,Context,Poor training data can create model _____.,environmental efficiency,bias,strategic evaluation,long-term method,B,The best answer in this context is 'bias' (tarafkashlik).
340,verify,tekshirmoq,High,Media,EN→UZ,Choose the best Uzbek meaning of 'verify'.,tekshirmoq,akademik ta’sir,tahliliy natija,samarali dalil,A,'verify' means 'tekshirmoq' in Uzbek. Remember it together with its context.
341,verify,tekshirmoq,High,Media,UZ→EN,Choose the English word or phrase that matches the Uzbek meaning 'tekshirmoq'.,academic impact,analytical outcome,effective evidence,verify,D,The English word or phrase for 'tekshirmoq' is 'verify'.
342,verify,tekshirmoq,High,Media,Context,Always _____ important information before sharing it.,analytical outcome,effective evidence,verify,academic impact,C,The best answer in this context is 'verify' (tekshirmoq).
343,misleading,chalg‘ituvchi,High,Media,EN→UZ,Choose the best Uzbek meaning of 'misleading'.,energiya samaradorlik,chalg‘ituvchi,ekologik xavf,shahar strategiya,B,'misleading' means 'chalg‘ituvchi' in Uzbek. Remember it together with its context.
344,misleading,chalg‘ituvchi,High,Media,UZ→EN,Choose the English word or phrase that matches the Uzbek meaning 'chalg‘ituvchi'.,misleading,environmental risk,urban strategy,energy efficiency,A,The English word or phrase for 'chalg‘ituvchi' is 'misleading'.
345,misleading,chalg‘ituvchi,High,Media,Context,A chart can be technically correct but still _____.,environmental risk,urban strategy,energy efficiency,misleading,D,The best answer in this context is 'misleading' (chalg‘ituvchi).
346,perspective,nuqtai nazar,High,Media,EN→UZ,Choose the best Uzbek meaning of 'perspective'.,ta’sir,tarafkashlik,nuqtai nazar,jamoat tarafkashlik,C,'perspective' means 'nuqtai nazar' in Uzbek. Remember it together with its context.
347,perspective,nuqtai nazar,High,Media,UZ→EN,Choose the English word or phrase that matches the Uzbek meaning 'nuqtai nazar'.,bias,perspective,public bias,impact,B,The English word or phrase for 'nuqtai nazar' is 'perspective'.
348,perspective,nuqtai nazar,High,Media,Context,Good readers consider more than one _____.,perspective,public bias,impact,bias,A,The best answer in this context is 'perspective' (nuqtai nazar).
349,assumption,taxmin,High,Reasoning,EN→UZ,Choose the best Uzbek meaning of 'assumption'.,chiqindi samaradorlik,iqlim siyosat,sun’iy platforma,taxmin,D,'assumption' means 'taxmin' in Uzbek. Remember it together with its context.
350,assumption,taxmin,High,Reasoning,UZ→EN,Choose the English word or phrase that matches the Uzbek meaning 'taxmin'.,climate policy,artificial platform,assumption,waste efficiency,C,The English word or phrase for 'taxmin' is 'assumption'.
351,assumption,taxmin,High,Reasoning,Context,The conclusion depends on an unsupported _____.,artificial platform,assumption,waste efficiency,climate policy,B,The best answer in this context is 'assumption' (taxmin).
352,consequence,oqibat,High,Reasoning,EN→UZ,Choose the best Uzbek meaning of 'consequence'.,oqibat,ishonchli kontent,jamoat tarafkashlik,ta’sir,A,'consequence' means 'oqibat' in Uzbek. Remember it together with its context.
353,consequence,oqibat,High,Reasoning,UZ→EN,Choose the English word or phrase that matches the Uzbek meaning 'oqibat'.,reliable content,public bias,impact,consequence,D,The English word or phrase for 'oqibat' is 'consequence'.
354,consequence,oqibat,High,Reasoning,Context,Every major policy can have an unexpected _____.,public bias,impact,consequence,reliable content,C,The best answer in this context is 'consequence' (oqibat).
355,alternative,muqobil,High,Reasoning,EN→UZ,Choose the best Uzbek meaning of 'alternative'.,daromad,muqobil,chalg‘ituvchi tavsiya,talqin qilmoq,B,'alternative' means 'muqobil' in Uzbek. Remember it together with its context.
356,alternative,muqobil,High,Reasoning,UZ→EN,Choose the English word or phrase that matches the Uzbek meaning 'muqobil'.,alternative,misleading recommendation,interpret,revenue,A,The English word or phrase for 'muqobil' is 'alternative'.
357,alternative,muqobil,High,Reasoning,Context,The team considered another _____ before deciding.,misleading recommendation,interpret,revenue,alternative,D,The best answer in this context is 'alternative' (muqobil).
358,school book,maktab kitob,Low,School,EN→UZ,Choose the best Uzbek meaning of 'school book'.,sog‘lom reja,avtobus xizmat,maktab kitob,oddiy ovqat,C,'school book' means 'maktab kitob' in Uzbek. Remember it together with its context.
359,school book,maktab kitob,Low,School,UZ→EN,Choose the English word or phrase that matches the Uzbek meaning 'maktab kitob'.,bus service,school book,simple meal,healthy plan,B,The English word or phrase for 'maktab kitob' is 'school book'.
360,school book,maktab kitob,Low,School,Context,The lesson uses the vocabulary item _____ in a school context.,school book,simple meal,healthy plan,bus service,A,The best answer in this context is 'school book' (maktab kitob).
361,school room,maktab xona,Low,School,EN→UZ,Choose the best Uzbek meaning of 'school room'.,sog‘lom mashq,avtobus bekat,sayohat vaqt,maktab xona,D,'school room' means 'maktab xona' in Uzbek. Remember it together with its context.
362,school room,maktab xona,Low,School,UZ→EN,Choose the English word or phrase that matches the Uzbek meaning 'maktab xona'.,bus stop,travel time,school room,healthy exercise,C,The English word or phrase for 'maktab xona' is 'school room'.
363,school room,maktab xona,Low,School,Context,The lesson uses the vocabulary item _____ in a school context.,travel time,school room,healthy exercise,bus stop,B,The best answer in this context is 'school room' (maktab xona).
364,school work,maktab ish,Low,School,EN→UZ,Choose the best Uzbek meaning of 'school work'.,maktab ish,muntazam jadval,poyezd yo‘nalish,sayohat ma’lumot,A,'school work' means 'maktab ish' in Uzbek. Remember it together with its context.
365,school work,maktab ish,Low,School,UZ→EN,Choose the English word or phrase that matches the Uzbek meaning 'maktab ish'.,regular schedule,train route,travel information,school work,D,The English word or phrase for 'maktab ish' is 'school work'.
366,school work,maktab ish,Low,School,Context,The lesson uses the vocabulary item _____ in a school context.,train route,travel information,school work,regular schedule,C,The best answer in this context is 'school work' (maktab ish).
367,school time,maktab vaqt,Low,School,EN→UZ,Choose the best Uzbek meaning of 'school time'.,avtobus ma’lumot,maktab vaqt,oddiy jadval,muntazam sayr,B,'school time' means 'maktab vaqt' in Uzbek. Remember it together with its context.
368,school time,maktab vaqt,Low,School,UZ→EN,Choose the English word or phrase that matches the Uzbek meaning 'maktab vaqt'.,school time,simple schedule,regular walk,bus information,A,The English word or phrase for 'maktab vaqt' is 'school time'.
369,school time,maktab vaqt,Low,School,Context,The lesson uses the vocabulary item _____ in a school context.,simple schedule,regular walk,bus information,school time,D,The best answer in this context is 'school time' (maktab vaqt).
370,school plan,maktab reja,Low,School,EN→UZ,Choose the best Uzbek meaning of 'school plan'.,sog‘lom reja,avtobus xizmat,maktab reja,oddiy ovqat,C,'school plan' means 'maktab reja' in Uzbek. Remember it together with its context.
371,school plan,maktab reja,Low,School,UZ→EN,Choose the English word or phrase that matches the Uzbek meaning 'maktab reja'.,bus service,school plan,simple meal,healthy plan,B,The English word or phrase for 'maktab reja' is 'school plan'.
372,school plan,maktab reja,Low,School,Context,The lesson uses the vocabulary item _____ in a school context.,school plan,simple meal,healthy plan,bus service,A,The best answer in this context is 'school plan' (maktab reja).
373,school test,maktab test,Low,School,EN→UZ,Choose the best Uzbek meaning of 'school test'.,muntazam sayr,avtobus ma’lumot,sayohat bekat,maktab test,D,'school test' means 'maktab test' in Uzbek. Remember it together with its context.
374,school test,maktab test,Low,School,UZ→EN,Choose the English word or phrase that matches the Uzbek meaning 'maktab test'.,bus information,travel stop,school test,regular walk,C,The English word or phrase for 'maktab test' is 'school test'.
375,school test,maktab test,Low,School,Context,The lesson uses the vocabulary item _____ in a school context.,travel stop,school test,regular walk,bus information,B,The best answer in this context is 'school test' (maktab test).
376,school practice,maktab mashq,Low,School,EN→UZ,Choose the best Uzbek meaning of 'school practice'.,maktab mashq,sayohat qilmoq,maktab test,ingliz tili vaqt,A,'school practice' means 'maktab mashq' in Uzbek. Remember it together with its context.
377,school practice,maktab mashq,Low,School,UZ→EN,Choose the English word or phrase that matches the Uzbek meaning 'maktab mashq'.,travel,school test,English time,school practice,D,The English word or phrase for 'maktab mashq' is 'school practice'.
378,school practice,maktab mashq,Low,School,Context,The lesson uses the vocabulary item _____ in a school context.,school test,English time,school practice,travel,C,The best answer in this context is 'school practice' (maktab mashq).
379,school group,maktab guruh,Low,School,EN→UZ,Choose the best Uzbek meaning of 'school group'.,o‘qish mashq,maktab guruh,maktab xona,sinf qayd,B,'school group' means 'maktab guruh' in Uzbek. Remember it together with its context.
380,school group,maktab guruh,Low,School,UZ→EN,Choose the English word or phrase that matches the Uzbek meaning 'maktab guruh'.,school group,school room,class note,reading practice,A,The English word or phrase for 'maktab guruh' is 'school group'.
381,school group,maktab guruh,Low,School,Context,The lesson uses the vocabulary item _____ in a school context.,school room,class note,reading practice,school group,D,The best answer in this context is 'school group' (maktab guruh).
382,school task,maktab topshiriq,Low,School,EN→UZ,Choose the best Uzbek meaning of 'school task'.,muntazam vaqt,poyezd vaqt,maktab topshiriq,oddiy mashq,C,'school task' means 'maktab topshiriq' in Uzbek. Remember it together with its context.
383,school task,maktab topshiriq,Low,School,UZ→EN,Choose the English word or phrase that matches the Uzbek meaning 'maktab topshiriq'.,train time,school task,simple exercise,regular time,B,The English word or phrase for 'maktab topshiriq' is 'school task'.
384,school task,maktab topshiriq,Low,School,Context,The lesson uses the vocabulary item _____ in a school context.,school task,simple exercise,regular time,train time,A,The best answer in this context is 'school task' (maktab topshiriq).
385,school note,maktab qayd,Low,School,EN→UZ,Choose the best Uzbek meaning of 'school note'.,sog‘lom sayr,muntazam mashq,poyezd bekat,maktab qayd,D,'school note' means 'maktab qayd' in Uzbek. Remember it together with its context.
386,school note,maktab qayd,Low,School,UZ→EN,Choose the English word or phrase that matches the Uzbek meaning 'maktab qayd'.,regular exercise,train stop,school note,healthy walk,C,The English word or phrase for 'maktab qayd' is 'school note'.
387,school note,maktab qayd,Low,School,Context,The lesson uses the vocabulary item _____ in a school context.,train stop,school note,healthy walk,regular exercise,B,The best answer in this context is 'school note' (maktab qayd).
388,class book,sinf kitob,Low,School,EN→UZ,Choose the best Uzbek meaning of 'class book'.,sinf kitob,o‘qish guruh,dars reja,o‘qituvchi xona,A,'class book' means 'sinf kitob' in Uzbek. Remember it together with its context.
389,class book,sinf kitob,Low,School,UZ→EN,Choose the English word or phrase that matches the Uzbek meaning 'sinf kitob'.,study group,lesson plan,teacher room,class book,D,The English word or phrase for 'sinf kitob' is 'class book'.
390,class book,sinf kitob,Low,School,Context,The lesson uses the vocabulary item _____ in a school context.,lesson plan,teacher room,class book,study group,C,The best answer in this context is 'class book' (sinf kitob).
391,class room,sinf xona,Low,School,EN→UZ,Choose the best Uzbek meaning of 'class room'.,kundalik mashq,sinf xona,dars test,o‘qituvchi ish,B,'class room' means 'sinf xona' in Uzbek. Remember it together with its context.
392,class room,sinf xona,Low,School,UZ→EN,Choose the English word or phrase that matches the Uzbek meaning 'sinf xona'.,class room,lesson test,teacher work,daily exercise,A,The English word or phrase for 'sinf xona' is 'class room'.
393,class room,sinf xona,Low,School,Context,The lesson uses the vocabulary item _____ in a school context.,lesson test,teacher work,daily exercise,class room,D,The best answer in this context is 'class room' (sinf xona).
394,class work,sinf ish,Low,School,EN→UZ,Choose the best Uzbek meaning of 'class work'.,o‘qituvchi topshiriq,ertalabki jadval,sinf ish,o‘quvchi xona,C,'class work' means 'sinf ish' in Uzbek. Remember it together with its context.
395,class work,sinf ish,Low,School,UZ→EN,Choose the English word or phrase that matches the Uzbek meaning 'sinf ish'.,morning schedule,class work,student room,teacher task,B,The English word or phrase for 'sinf ish' is 'class work'.
396,class work,sinf ish,Low,School,Context,The lesson uses the vocabulary item _____ in a school context.,class work,student room,teacher task,morning schedule,A,The best answer in this context is 'class work' (sinf ish).
397,class time,sinf vaqt,Low,School,EN→UZ,Choose the best Uzbek meaning of 'class time'.,uy vazifasi xona,dars topshiriq,o‘qituvchi test,sinf vaqt,D,'class time' means 'sinf vaqt' in Uzbek. Remember it together with its context.
398,class time,sinf vaqt,Low,School,UZ→EN,Choose the English word or phrase that matches the Uzbek meaning 'sinf vaqt'.,lesson task,teacher test,class time,homework room,C,The English word or phrase for 'sinf vaqt' is 'class time'.
399,class time,sinf vaqt,Low,School,Context,The lesson uses the vocabulary item _____ in a school context.,teacher test,class time,homework room,lesson task,B,The best answer in this context is 'class time' (sinf vaqt).
400,class plan,sinf reja,Low,School,EN→UZ,Choose the best Uzbek meaning of 'class plan'.,sinf reja,o‘qish guruh,dars reja,o‘qituvchi xona,A,'class plan' means 'sinf reja' in Uzbek. Remember it together with its context.
401,class plan,sinf reja,Low,School,UZ→EN,Choose the English word or phrase that matches the Uzbek meaning 'sinf reja'.,study group,lesson plan,teacher room,class plan,D,The English word or phrase for 'sinf reja' is 'class plan'.
402,class plan,sinf reja,Low,School,Context,The lesson uses the vocabulary item _____ in a school context.,lesson plan,teacher room,class plan,study group,C,The best answer in this context is 'class plan' (sinf reja).
403,class test,sinf test,Low,School,EN→UZ,Choose the best Uzbek meaning of 'class test'.,ertalabki sayr,sinf test,dars topshiriq,o‘qituvchi test,B,'class test' means 'sinf test' in Uzbek. Remember it together with its context.
404,class test,sinf test,Low,School,UZ→EN,Choose the English word or phrase that matches the Uzbek meaning 'sinf test'.,class test,lesson task,teacher test,morning walk,A,The English word or phrase for 'sinf test' is 'class test'.
405,class test,sinf test,Low,School,Context,The lesson uses the vocabulary item _____ in a school context.,lesson task,teacher test,morning walk,class test,D,The best answer in this context is 'class test' (sinf test).
406,class practice,sinf mashq,Low,School,EN→UZ,Choose the best Uzbek meaning of 'class practice'.,muntazam ovqat,avtobus reja,sinf mashq,oddiy odat,C,'class practice' means 'sinf mashq' in Uzbek. Remember it together with its context.
407,class practice,sinf mashq,Low,School,UZ→EN,Choose the English word or phrase that matches the Uzbek meaning 'sinf mashq'.,bus plan,class practice,simple habit,regular meal,B,The English word or phrase for 'sinf mashq' is 'class practice'.
408,class practice,sinf mashq,Low,School,Context,The lesson uses the vocabulary item _____ in a school context.,class practice,simple habit,regular meal,bus plan,A,The best answer in this context is 'class practice' (sinf mashq).
409,class group,sinf guruh,Low,School,EN→UZ,Choose the best Uzbek meaning of 'class group'.,sog‘lom tanaffus,avtobus safar,sayohat xarita,sinf guruh,D,'class group' means 'sinf guruh' in Uzbek. Remember it together with its context.
410,class group,sinf guruh,Low,School,UZ→EN,Choose the English word or phrase that matches the Uzbek meaning 'sinf guruh'.,bus trip,travel map,class group,healthy break,C,The English word or phrase for 'sinf guruh' is 'class group'.
411,class group,sinf guruh,Low,School,Context,The lesson uses the vocabulary item _____ in a school context.,travel map,class group,healthy break,bus trip,B,The best answer in this context is 'class group' (sinf guruh).
412,class task,sinf topshiriq,Low,School,EN→UZ,Choose the best Uzbek meaning of 'class task'.,sinf topshiriq,uy vazifasi test,o‘quvchi ish,o‘qituvchi qayd,A,'class task' means 'sinf topshiriq' in Uzbek. Remember it together with its context.
413,class task,sinf topshiriq,Low,School,UZ→EN,Choose the English word or phrase that matches the Uzbek meaning 'sinf topshiriq'.,homework test,student work,teacher note,class task,D,The English word or phrase for 'sinf topshiriq' is 'class task'.
414,class task,sinf topshiriq,Low,School,Context,The lesson uses the vocabulary item _____ in a school context.,student work,teacher note,class task,homework test,C,The best answer in this context is 'class task' (sinf topshiriq).
415,class note,sinf qayd,Low,School,EN→UZ,Choose the best Uzbek meaning of 'class note'.,kundalik sayr,sinf qayd,uy vazifasi topshiriq,o‘quvchi test,B,'class note' means 'sinf qayd' in Uzbek. Remember it together with its context.
416,class note,sinf qayd,Low,School,UZ→EN,Choose the English word or phrase that matches the Uzbek meaning 'sinf qayd'.,class note,homework task,student test,daily walk,A,The English word or phrase for 'sinf qayd' is 'class note'.
417,class note,sinf qayd,Low,School,Context,The lesson uses the vocabulary item _____ in a school context.,homework task,student test,daily walk,class note,D,The best answer in this context is 'class note' (sinf qayd).
418,English book,ingliz tili kitob,Low,School,EN→UZ,Choose the best Uzbek meaning of 'English book'.,sayyohlik safar,gapirmoq,ingliz tili kitob,shahar qo‘llanma,C,'English book' means 'ingliz tili kitob' in Uzbek. Remember it together with its context.
419,English book,ingliz tili kitob,Low,School,UZ→EN,Choose the English word or phrase that matches the Uzbek meaning 'ingliz tili kitob'.,speak,English book,city guide,tourist trip,B,The English word or phrase for 'ingliz tili kitob' is 'English book'.
420,English book,ingliz tili kitob,Low,School,Context,The lesson uses the vocabulary item _____ in a school context.,English book,city guide,tourist trip,speak,A,The best answer in this context is 'English book' (ingliz tili kitob).
421,English room,ingliz tili xona,Low,School,EN→UZ,Choose the best Uzbek meaning of 'English room'.,sayyohlik xizmat,o‘rganmoq,suv,ingliz tili xona,D,'English room' means 'ingliz tili xona' in Uzbek. Remember it together with its context.
422,English room,ingliz tili xona,Low,School,UZ→EN,Choose the English word or phrase that matches the Uzbek meaning 'ingliz tili xona'.,learn,water,English room,tourist service,C,The English word or phrase for 'ingliz tili xona' is 'English room'.
423,English room,ingliz tili xona,Low,School,Context,The lesson uses the vocabulary item _____ in a school context.,water,English room,tourist service,learn,B,The best answer in this context is 'English room' (ingliz tili xona).
424,English work,ingliz tili ish,Low,School,EN→UZ,Choose the best Uzbek meaning of 'English work'.,ingliz tili ish,o‘qituvchi,charchagan,bugun,A,'English work' means 'ingliz tili ish' in Uzbek. Remember it together with its context.
425,English work,ingliz tili ish,Low,School,UZ→EN,Choose the English word or phrase that matches the Uzbek meaning 'ingliz tili ish'.,teacher,tired,today,English work,D,The English word or phrase for 'ingliz tili ish' is 'English work'.
426,English work,ingliz tili ish,Low,School,Context,The lesson uses the vocabulary item _____ in a school context.,tired,today,English work,teacher,C,The best answer in this context is 'English work' (ingliz tili ish).
427,English time,ingliz tili vaqt,Low,School,EN→UZ,Choose the best Uzbek meaning of 'English time'.,qiyin,ingliz tili vaqt,mahalliy xarita,sayyohlik reja,B,'English time' means 'ingliz tili vaqt' in Uzbek. Remember it together with its context.
428,English time,ingliz tili vaqt,Low,School,UZ→EN,Choose the English word or phrase that matches the Uzbek meaning 'ingliz tili vaqt'.,English time,local map,tourist plan,difficult,A,The English word or phrase for 'ingliz tili vaqt' is 'English time'.
429,English time,ingliz tili vaqt,Low,School,Context,The lesson uses the vocabulary item _____ in a school context.,local map,tourist plan,difficult,English time,D,The best answer in this context is 'English time' (ingliz tili vaqt).
430,English plan,ingliz tili reja,Low,School,EN→UZ,Choose the best Uzbek meaning of 'English plan'.,sayyohlik safar,gapirmoq,ingliz tili reja,shahar qo‘llanma,C,'English plan' means 'ingliz tili reja' in Uzbek. Remember it together with its context.
431,English plan,ingliz tili reja,Low,School,UZ→EN,Choose the English word or phrase that matches the Uzbek meaning 'ingliz tili reja'.,speak,English plan,city guide,tourist trip,B,The English word or phrase for 'ingliz tili reja' is 'English plan'.
432,English plan,ingliz tili reja,Low,School,Context,The lesson uses the vocabulary item _____ in a school context.,English plan,city guide,tourist trip,speak,A,The best answer in this context is 'English plan' (ingliz tili reja).
433,English test,ingliz tili test,Low,School,EN→UZ,Choose the best Uzbek meaning of 'English test'.,sayyohlik reja,qiyin,uxlamoq,ingliz tili test,D,'English test' means 'ingliz tili test' in Uzbek. Remember it together with its context.
434,English test,ingliz tili test,Low,School,UZ→EN,Choose the English word or phrase that matches the Uzbek meaning 'ingliz tili test'.,difficult,sleep,English test,tourist plan,C,The English word or phrase for 'ingliz tili test' is 'English test'.
435,English test,ingliz tili test,Low,School,Context,The lesson uses the vocabulary item _____ in a school context.,sleep,English test,tourist plan,difficult,B,The best answer in this context is 'English test' (ingliz tili test).
436,English practice,ingliz tili mashq,Low,School,EN→UZ,Choose the best Uzbek meaning of 'English practice'.,ingliz tili mashq,o‘qish test,dars ish,o‘quvchi qayd,A,'English practice' means 'ingliz tili mashq' in Uzbek. Remember it together with its context.
437,English practice,ingliz tili mashq,Low,School,UZ→EN,Choose the English word or phrase that matches the Uzbek meaning 'ingliz tili mashq'.,study test,lesson work,student note,English practice,D,The English word or phrase for 'ingliz tili mashq' is 'English practice'.
438,English practice,ingliz tili mashq,Low,School,Context,The lesson uses the vocabulary item _____ in a school context.,lesson work,student note,English practice,study test,C,The best answer in this context is 'English practice' (ingliz tili mashq).
439,English group,ingliz tili guruh,Low,School,EN→UZ,Choose the best Uzbek meaning of 'English group'.,kundalik sayr,ingliz tili guruh,uy vazifasi topshiriq,o‘quvchi test,B,'English group' means 'ingliz tili guruh' in Uzbek. Remember it together with its context.
440,English group,ingliz tili guruh,Low,School,UZ→EN,Choose the English word or phrase that matches the Uzbek meaning 'ingliz tili guruh'.,English group,homework task,student test,daily walk,A,The English word or phrase for 'ingliz tili guruh' is 'English group'.
441,English group,ingliz tili guruh,Low,School,Context,The lesson uses the vocabulary item _____ in a school context.,homework task,student test,daily walk,English group,D,The best answer in this context is 'English group' (ingliz tili guruh).
442,English task,ingliz tili topshiriq,Low,School,EN→UZ,Choose the best Uzbek meaning of 'English task'.,o‘quvchi,do‘st,ingliz tili topshiriq,mahalliy xizmat,C,'English task' means 'ingliz tili topshiriq' in Uzbek. Remember it together with its context.
443,English task,ingliz tili topshiriq,Low,School,UZ→EN,Choose the English word or phrase that matches the Uzbek meaning 'ingliz tili topshiriq'.,friend,English task,local service,student,B,The English word or phrase for 'ingliz tili topshiriq' is 'English task'.
444,English task,ingliz tili topshiriq,Low,School,Context,The lesson uses the vocabulary item _____ in a school context.,English task,local service,student,friend,A,The best answer in this context is 'English task' (ingliz tili topshiriq).
445,English note,ingliz tili qayd,Low,School,EN→UZ,Choose the best Uzbek meaning of 'English note'.,mahalliy reja,uy vazifasi,mamlakat,ingliz tili qayd,D,'English note' means 'ingliz tili qayd' in Uzbek. Remember it together with its context.
446,English note,ingliz tili qayd,Low,School,UZ→EN,Choose the English word or phrase that matches the Uzbek meaning 'ingliz tili qayd'.,homework,country,English note,local plan,C,The English word or phrase for 'ingliz tili qayd' is 'English note'.
447,English note,ingliz tili qayd,Low,School,Context,The lesson uses the vocabulary item _____ in a school context.,country,English note,local plan,homework,B,The best answer in this context is 'English note' (ingliz tili qayd).
448,reading book,o‘qish kitob,Low,School,EN→UZ,Choose the best Uzbek meaning of 'reading book'.,o‘qish kitob,sayyohlik vaqt,tinglamoq,chipta,A,'reading book' means 'o‘qish kitob' in Uzbek. Remember it together with its context.
449,reading book,o‘qish kitob,Low,School,UZ→EN,Choose the English word or phrase that matches the Uzbek meaning 'o‘qish kitob'.,tourist time,listen,ticket,reading book,D,The English word or phrase for 'o‘qish kitob' is 'reading book'.
450,reading book,o‘qish kitob,Low,School,Context,The lesson uses the vocabulary item _____ in a school context.,listen,ticket,reading book,tourist time,C,The best answer in this context is 'reading book' (o‘qish kitob).
451,reading room,o‘qish xona,Low,School,EN→UZ,Choose the best Uzbek meaning of 'reading room'.,maktab test,o‘qish xona,gapirmoq,sayohat qilmoq,B,'reading room' means 'o‘qish xona' in Uzbek. Remember it together with its context.
452,reading room,o‘qish xona,Low,School,UZ→EN,Choose the English word or phrase that matches the Uzbek meaning 'o‘qish xona'.,reading room,speak,travel,school test,A,The English word or phrase for 'o‘qish xona' is 'reading room'.
453,reading room,o‘qish xona,Low,School,Context,The lesson uses the vocabulary item _____ in a school context.,speak,travel,school test,reading room,D,The best answer in this context is 'reading room' (o‘qish xona).
454,reading work,o‘qish ish,Low,School,EN→UZ,Choose the best Uzbek meaning of 'reading work'.,kechqurun,sinf xona,o‘qish ish,xursand,C,'reading work' means 'o‘qish ish' in Uzbek. Remember it together with its context.
455,reading work,o‘qish ish,Low,School,UZ→EN,Choose the English word or phrase that matches the Uzbek meaning 'o‘qish ish'.,class room,reading work,happy,evening,B,The English word or phrase for 'o‘qish ish' is 'reading work'.
456,reading work,o‘qish ish,Low,School,Context,The lesson uses the vocabulary item _____ in a school context.,reading work,happy,evening,class room,A,The best answer in this context is 'reading work' (o‘qish ish).
457,reading time,o‘qish vaqt,Low,School,EN→UZ,Choose the best Uzbek meaning of 'reading time'.,sayyohlik qo‘llanma,oson,piyoda yurmoq,o‘qish vaqt,D,'reading time' means 'o‘qish vaqt' in Uzbek. Remember it together with its context.
458,reading time,o‘qish vaqt,Low,School,UZ→EN,Choose the English word or phrase that matches the Uzbek meaning 'o‘qish vaqt'.,easy,walk,reading time,tourist guide,C,The English word or phrase for 'o‘qish vaqt' is 'reading time'.
459,reading time,o‘qish vaqt,Low,School,Context,The lesson uses the vocabulary item _____ in a school context.,walk,reading time,tourist guide,easy,B,The best answer in this context is 'reading time' (o‘qish vaqt).
460,reading plan,o‘qish reja,Low,School,EN→UZ,Choose the best Uzbek meaning of 'reading plan'.,o‘qish reja,sayyohlik vaqt,tinglamoq,chipta,A,'reading plan' means 'o‘qish reja' in Uzbek. Remember it together with its context.
461,reading plan,o‘qish reja,Low,School,UZ→EN,Choose the English word or phrase that matches the Uzbek meaning 'o‘qish reja'.,tourist time,listen,ticket,reading plan,D,The English word or phrase for 'o‘qish reja' is 'reading plan'.
462,reading plan,o‘qish reja,Low,School,Context,The lesson uses the vocabulary item _____ in a school context.,listen,ticket,reading plan,tourist time,C,The best answer in this context is 'reading plan' (o‘qish reja).
463,reading test,o‘qish test,Low,School,EN→UZ,Choose the best Uzbek meaning of 'reading test'.,maktab topshiriq,o‘qish test,oson,piyoda yurmoq,B,'reading test' means 'o‘qish test' in Uzbek. Remember it together with its context.
464,reading test,o‘qish test,Low,School,UZ→EN,Choose the English word or phrase that matches the Uzbek meaning 'o‘qish test'.,reading test,easy,walk,school task,A,The English word or phrase for 'o‘qish test' is 'reading test'.
465,reading test,o‘qish test,Low,School,Context,The lesson uses the vocabulary item _____ in a school context.,easy,walk,school task,reading test,D,The best answer in this context is 'reading test' (o‘qish test).
466,reading practice,o‘qish mashq,Low,School,EN→UZ,Choose the best Uzbek meaning of 'reading practice'.,o‘quvchi topshiriq,kundalik jadval,o‘qish mashq,dars xona,C,'reading practice' means 'o‘qish mashq' in Uzbek. Remember it together with its context.
467,reading practice,o‘qish mashq,Low,School,UZ→EN,Choose the English word or phrase that matches the Uzbek meaning 'o‘qish mashq'.,daily schedule,reading practice,lesson room,student task,B,The English word or phrase for 'o‘qish mashq' is 'reading practice'.
468,reading practice,o‘qish mashq,Low,School,Context,The lesson uses the vocabulary item _____ in a school context.,reading practice,lesson room,student task,daily schedule,A,The best answer in this context is 'reading practice' (o‘qish mashq).
469,reading group,o‘qish guruh,Low,School,EN→UZ,Choose the best Uzbek meaning of 'reading group'.,o‘quvchi reja,kundalik ovqat,ertalabki reja,o‘qish guruh,D,'reading group' means 'o‘qish guruh' in Uzbek. Remember it together with its context.
470,reading group,o‘qish guruh,Low,School,UZ→EN,Choose the English word or phrase that matches the Uzbek meaning 'o‘qish guruh'.,daily meal,morning plan,reading group,student plan,C,The English word or phrase for 'o‘qish guruh' is 'reading group'.
471,reading group,o‘qish guruh,Low,School,Context,The lesson uses the vocabulary item _____ in a school context.,morning plan,reading group,student plan,daily meal,B,The best answer in this context is 'reading group' (o‘qish guruh).
472,reading task,o‘qish topshiriq,Low,School,EN→UZ,Choose the best Uzbek meaning of 'reading task'.,o‘qish topshiriq,o‘qituvchi,charchagan,bugun,A,'reading task' means 'o‘qish topshiriq' in Uzbek. Remember it together with its context.
473,reading task,o‘qish topshiriq,Low,School,UZ→EN,Choose the English word or phrase that matches the Uzbek meaning 'o‘qish topshiriq'.,teacher,tired,today,reading task,D,The English word or phrase for 'o‘qish topshiriq' is 'reading task'.
474,reading task,o‘qish topshiriq,Low,School,Context,The lesson uses the vocabulary item _____ in a school context.,tired,today,reading task,teacher,C,The best answer in this context is 'reading task' (o‘qish topshiriq).
475,reading note,o‘qish qayd,Low,School,EN→UZ,Choose the best Uzbek meaning of 'reading note'.,keyin,o‘qish qayd,sinf,shahar,B,'reading note' means 'o‘qish qayd' in Uzbek. Remember it together with its context.
476,reading note,o‘qish qayd,Low,School,UZ→EN,Choose the English word or phrase that matches the Uzbek meaning 'o‘qish qayd'.,reading note,class,city,after,A,The English word or phrase for 'o‘qish qayd' is 'reading note'.
477,reading note,o‘qish qayd,Low,School,Context,The lesson uses the vocabulary item _____ in a school context.,class,city,after,reading note,D,The best answer in this context is 'reading note' (o‘qish qayd).
478,word book,so‘z kitob,Low,School,EN→UZ,Choose the best Uzbek meaning of 'word book'.,bozor,maktab kitob,so‘z kitob,savol,C,'word book' means 'so‘z kitob' in Uzbek. Remember it together with its context.
479,word book,so‘z kitob,Low,School,UZ→EN,Choose the English word or phrase that matches the Uzbek meaning 'so‘z kitob'.,school book,word book,question,market,B,The English word or phrase for 'so‘z kitob' is 'word book'.
480,word book,so‘z kitob,Low,School,Context,The lesson uses the vocabulary item _____ in a school context.,word book,question,market,school book,A,The best answer in this context is 'word book' (so‘z kitob).
481,word room,so‘z xona,Low,School,EN→UZ,Choose the best Uzbek meaning of 'word room'.,do‘kon,maktab xona,sinf topshiriq,so‘z xona,D,'word room' means 'so‘z xona' in Uzbek. Remember it together with its context.
482,word room,so‘z xona,Low,School,UZ→EN,Choose the English word or phrase that matches the Uzbek meaning 'so‘z xona'.,school room,class task,word room,shop,C,The English word or phrase for 'so‘z xona' is 'word room'.
483,word room,so‘z xona,Low,School,Context,The lesson uses the vocabulary item _____ in a school context.,class task,word room,shop,school room,B,The best answer in this context is 'word room' (so‘z xona).
484,word work,so‘z ish,Low,School,EN→UZ,Choose the best Uzbek meaning of 'word work'.,so‘z ish,ovqat,maktab guruh,ingliz tili reja,A,'word work' means 'so‘z ish' in Uzbek. Remember it together with its context.
485,word work,so‘z ish,Low,School,UZ→EN,Choose the English word or phrase that matches the Uzbek meaning 'so‘z ish'.,food,school group,English plan,word work,D,The English word or phrase for 'so‘z ish' is 'word work'.
486,word work,so‘z ish,Low,School,Context,The lesson uses the vocabulary item _____ in a school context.,school group,English plan,word work,food,C,The best answer in this context is 'word work' (so‘z ish).
487,word time,so‘z vaqt,Low,School,EN→UZ,Choose the best Uzbek meaning of 'word time'.,maktab reja,so‘z vaqt,tinglamoq,chipta,B,'word time' means 'so‘z vaqt' in Uzbek. Remember it together with its context.
488,word time,so‘z vaqt,Low,School,UZ→EN,Choose the English word or phrase that matches the Uzbek meaning 'so‘z vaqt'.,word time,listen,ticket,school plan,A,The English word or phrase for 'so‘z vaqt' is 'word time'.
489,word time,so‘z vaqt,Low,School,Context,The lesson uses the vocabulary item _____ in a school context.,listen,ticket,school plan,word time,D,The best answer in this context is 'word time' (so‘z vaqt).
490,word plan,so‘z reja,Low,School,EN→UZ,Choose the best Uzbek meaning of 'word plan'.,bozor,maktab kitob,so‘z reja,savol,C,'word plan' means 'so‘z reja' in Uzbek. Remember it together with its context.
491,word plan,so‘z reja,Low,School,UZ→EN,Choose the English word or phrase that matches the Uzbek meaning 'so‘z reja'.,school book,word plan,question,market,B,The English word or phrase for 'so‘z reja' is 'word plan'.
492,word plan,so‘z reja,Low,School,Context,The lesson uses the vocabulary item _____ in a school context.,word plan,question,market,school book,A,The best answer in this context is 'word plan' (so‘z reja).
493,word test,so‘z test,Low,School,EN→UZ,Choose the best Uzbek meaning of 'word test'.,chipta,maktab reja,ingliz tili xona,so‘z test,D,'word test' means 'so‘z test' in Uzbek. Remember it together with its context.
494,word test,so‘z test,Low,School,UZ→EN,Choose the English word or phrase that matches the Uzbek meaning 'so‘z test'.,school plan,English room,word test,ticket,C,The English word or phrase for 'so‘z test' is 'word test'.
495,word test,so‘z test,Low,School,Context,The lesson uses the vocabulary item _____ in a school context.,English room,word test,ticket,school plan,B,The best answer in this context is 'word test' (so‘z test).
496,word practice,so‘z mashq,Low,School,EN→UZ,Choose the best Uzbek meaning of 'word practice'.,so‘z mashq,o‘quvchi reja,kundalik ovqat,ertalabki reja,A,'word practice' means 'so‘z mashq' in Uzbek. Remember it together with its context.
497,word practice,so‘z mashq,Low,School,UZ→EN,Choose the English word or phrase that matches the Uzbek meaning 'so‘z mashq'.,student plan,daily meal,morning plan,word practice,D,The English word or phrase for 'so‘z mashq' is 'word practice'.
498,word practice,so‘z mashq,Low,School,Context,The lesson uses the vocabulary item _____ in a school context.,daily meal,morning plan,word practice,student plan,C,The best answer in this context is 'word practice' (so‘z mashq).
499,word group,so‘z guruh,Low,School,EN→UZ,Choose the best Uzbek meaning of 'word group'.,uy ovqat,so‘z guruh,o‘qituvchi guruh,ertalabki odat,B,'word group' means 'so‘z guruh' in Uzbek. Remember it together with its context.
500,word group,so‘z guruh,Low,School,UZ→EN,Choose the English word or phrase that matches the Uzbek meaning 'so‘z guruh'.,word group,teacher group,morning habit,home meal,A,The English word or phrase for 'so‘z guruh' is 'word group'.
501,word group,so‘z guruh,Low,School,Context,The lesson uses the vocabulary item _____ in a school context.,teacher group,morning habit,home meal,word group,D,The best answer in this context is 'word group' (so‘z guruh).
502,word task,so‘z topshiriq,Low,School,EN→UZ,Choose the best Uzbek meaning of 'word task'.,piyoda yurmoq,maktab topshiriq,so‘z topshiriq,oson,C,'word task' means 'so‘z topshiriq' in Uzbek. Remember it together with its context.
503,word task,so‘z topshiriq,Low,School,UZ→EN,Choose the English word or phrase that matches the Uzbek meaning 'so‘z topshiriq'.,school task,word task,easy,walk,B,The English word or phrase for 'so‘z topshiriq' is 'word task'.
504,word task,so‘z topshiriq,Low,School,Context,The lesson uses the vocabulary item _____ in a school context.,word task,easy,walk,school task,A,The best answer in this context is 'word task' (so‘z topshiriq).
505,word note,so‘z qayd,Low,School,EN→UZ,Choose the best Uzbek meaning of 'word note'.,xursand,kechqurun,sinf xona,so‘z qayd,D,'word note' means 'so‘z qayd' in Uzbek. Remember it together with its context.
506,word note,so‘z qayd,Low,School,UZ→EN,Choose the English word or phrase that matches the Uzbek meaning 'so‘z qayd'.,evening,class room,word note,happy,C,The English word or phrase for 'so‘z qayd' is 'word note'.
507,word note,so‘z qayd,Low,School,Context,The lesson uses the vocabulary item _____ in a school context.,class room,word note,happy,evening,B,The best answer in this context is 'word note' (so‘z qayd).
508,study book,o‘qish kitob,Low,School,EN→UZ,Choose the best Uzbek meaning of 'study book'.,o‘qish kitob,o‘qituvchi ish,kundalik mashq,kechki vaqt,A,'study book' means 'o‘qish kitob' in Uzbek. Remember it together with its context.
509,study book,o‘qish kitob,Low,School,UZ→EN,Choose the English word or phrase that matches the Uzbek meaning 'o‘qish kitob'.,teacher work,daily exercise,evening time,study book,D,The English word or phrase for 'o‘qish kitob' is 'study book'.
510,study book,o‘qish kitob,Low,School,Context,The lesson uses the vocabulary item _____ in a school context.,daily exercise,evening time,study book,teacher work,C,The best answer in this context is 'study book' (o‘qish kitob).
511,study room,o‘qish xona,Low,School,EN→UZ,Choose the best Uzbek meaning of 'study room'.,oilaviy odat,o‘qish xona,ertalabki tartib,kechki tanaffus,B,'study room' means 'o‘qish xona' in Uzbek. Remember it together with its context.
512,study room,o‘qish xona,Low,School,UZ→EN,Choose the English word or phrase that matches the Uzbek meaning 'o‘qish xona'.,study room,morning routine,evening break,family habit,A,The English word or phrase for 'o‘qish xona' is 'study room'.
513,study room,o‘qish xona,Low,School,Context,The lesson uses the vocabulary item _____ in a school context.,morning routine,evening break,family habit,study room,D,The best answer in this context is 'study room' (o‘qish xona).
514,study work,o‘qish ish,Low,School,EN→UZ,Choose the best Uzbek meaning of 'study work'.,uy faoliyat,bo‘sh tartib,o‘qish ish,ertalabki vaqt,C,'study work' means 'o‘qish ish' in Uzbek. Remember it together with its context.
515,study work,o‘qish ish,Low,School,UZ→EN,Choose the English word or phrase that matches the Uzbek meaning 'o‘qish ish'.,free routine,study work,morning time,home activity,B,The English word or phrase for 'o‘qish ish' is 'study work'.
516,study work,o‘qish ish,Low,School,Context,The lesson uses the vocabulary item _____ in a school context.,study work,morning time,home activity,free routine,A,The best answer in this context is 'study work' (o‘qish ish).
517,study time,o‘qish vaqt,Low,School,EN→UZ,Choose the best Uzbek meaning of 'study time'.,o‘qituvchi mashq,ertalabki faoliyat,uy tartib,o‘qish vaqt,D,'study time' means 'o‘qish vaqt' in Uzbek. Remember it together with its context.
518,study time,o‘qish vaqt,Low,School,UZ→EN,Choose the English word or phrase that matches the Uzbek meaning 'o‘qish vaqt'.,morning activity,home routine,study time,teacher practice,C,The English word or phrase for 'o‘qish vaqt' is 'study time'.
519,study time,o‘qish vaqt,Low,School,Context,The lesson uses the vocabulary item _____ in a school context.,home routine,study time,teacher practice,morning activity,B,The best answer in this context is 'study time' (o‘qish vaqt).
520,study plan,o‘qish reja,Low,School,EN→UZ,Choose the best Uzbek meaning of 'study plan'.,o‘qish reja,o‘qituvchi ish,kundalik mashq,kechki vaqt,A,'study plan' means 'o‘qish reja' in Uzbek. Remember it together with its context.
521,study plan,o‘qish reja,Low,School,UZ→EN,Choose the English word or phrase that matches the Uzbek meaning 'o‘qish reja'.,teacher work,daily exercise,evening time,study plan,D,The English word or phrase for 'o‘qish reja' is 'study plan'.
522,study plan,o‘qish reja,Low,School,Context,The lesson uses the vocabulary item _____ in a school context.,daily exercise,evening time,study plan,teacher work,C,The best answer in this context is 'study plan' (o‘qish reja).
523,study test,o‘qish test,Low,School,EN→UZ,Choose the best Uzbek meaning of 'study test'.,oilaviy tanaffus,o‘qish test,ertalabki faoliyat,uy tartib,B,'study test' means 'o‘qish test' in Uzbek. Remember it together with its context.
524,study test,o‘qish test,Low,School,UZ→EN,Choose the English word or phrase that matches the Uzbek meaning 'o‘qish test'.,study test,morning activity,home routine,family break,A,The English word or phrase for 'o‘qish test' is 'study test'.
525,study test,o‘qish test,Low,School,Context,The lesson uses the vocabulary item _____ in a school context.,morning activity,home routine,family break,study test,D,The best answer in this context is 'study test' (o‘qish test).
526,study practice,o‘qish mashq,Low,School,EN→UZ,Choose the best Uzbek meaning of 'study practice'.,sayohat bekat,mahalliy vaqt,o‘qish mashq,avtobus ma’lumot,C,'study practice' means 'o‘qish mashq' in Uzbek. Remember it together with its context.
527,study practice,o‘qish mashq,Low,School,UZ→EN,Choose the English word or phrase that matches the Uzbek meaning 'o‘qish mashq'.,local time,study practice,bus information,travel stop,B,The English word or phrase for 'o‘qish mashq' is 'study practice'.
528,study practice,o‘qish mashq,Low,School,Context,The lesson uses the vocabulary item _____ in a school context.,study practice,bus information,travel stop,local time,A,The best answer in this context is 'study practice' (o‘qish mashq).
529,study group,o‘qish guruh,Low,School,EN→UZ,Choose the best Uzbek meaning of 'study group'.,sayohat yo‘nalish,shahar ma’lumot,sayyohlik bekat,o‘qish guruh,D,'study group' means 'o‘qish guruh' in Uzbek. Remember it together with its context.
530,study group,o‘qish guruh,Low,School,UZ→EN,Choose the English word or phrase that matches the Uzbek meaning 'o‘qish guruh'.,city information,tourist stop,study group,travel route,C,The English word or phrase for 'o‘qish guruh' is 'study group'.
531,study group,o‘qish guruh,Low,School,Context,The lesson uses the vocabulary item _____ in a school context.,tourist stop,study group,travel route,city information,B,The best answer in this context is 'study group' (o‘qish guruh).
532,study task,o‘qish topshiriq,Low,School,EN→UZ,Choose the best Uzbek meaning of 'study task'.,o‘qish topshiriq,kundalik tartib,ertalabki tanaffus,uy odat,A,'study task' means 'o‘qish topshiriq' in Uzbek. Remember it together with its context.
533,study task,o‘qish topshiriq,Low,School,UZ→EN,Choose the English word or phrase that matches the Uzbek meaning 'o‘qish topshiriq'.,daily routine,morning break,home habit,study task,D,The English word or phrase for 'o‘qish topshiriq' is 'study task'.
534,study task,o‘qish topshiriq,Low,School,Context,The lesson uses the vocabulary item _____ in a school context.,morning break,home habit,study task,daily routine,C,The best answer in this context is 'study task' (o‘qish topshiriq).
535,study note,o‘qish qayd,Low,School,EN→UZ,Choose the best Uzbek meaning of 'study note'.,uy tanaffus,o‘qish qayd,kundalik faoliyat,kechki tartib,B,'study note' means 'o‘qish qayd' in Uzbek. Remember it together with its context.
536,study note,o‘qish qayd,Low,School,UZ→EN,Choose the English word or phrase that matches the Uzbek meaning 'o‘qish qayd'.,study note,daily activity,evening routine,home break,A,The English word or phrase for 'o‘qish qayd' is 'study note'.
537,study note,o‘qish qayd,Low,School,Context,The lesson uses the vocabulary item _____ in a school context.,daily activity,evening routine,home break,study note,D,The best answer in this context is 'study note' (o‘qish qayd).
538,homework book,uy vazifasi kitob,Low,School,EN→UZ,Choose the best Uzbek meaning of 'homework book'.,ertalabki tanaffus,uy odat,uy vazifasi kitob,kundalik tartib,C,'homework book' means 'uy vazifasi kitob' in Uzbek. Remember it together with its context.
539,homework book,uy vazifasi kitob,Low,School,UZ→EN,Choose the English word or phrase that matches the Uzbek meaning 'uy vazifasi kitob'.,home habit,homework book,daily routine,morning break,B,The English word or phrase for 'uy vazifasi kitob' is 'homework book'.
540,homework book,uy vazifasi kitob,Low,School,Context,The lesson uses the vocabulary item _____ in a school context.,homework book,daily routine,morning break,home habit,A,The best answer in this context is 'homework book' (uy vazifasi kitob).
541,homework room,uy vazifasi xona,Low,School,EN→UZ,Choose the best Uzbek meaning of 'homework room'.,ertalabki reja,uy jadval,bo‘sh sayr,uy vazifasi xona,D,'homework room' means 'uy vazifasi xona' in Uzbek. Remember it together with its context.
542,homework room,uy vazifasi xona,Low,School,UZ→EN,Choose the English word or phrase that matches the Uzbek meaning 'uy vazifasi xona'.,home schedule,free walk,homework room,morning plan,C,The English word or phrase for 'uy vazifasi xona' is 'homework room'.
543,homework room,uy vazifasi xona,Low,School,Context,The lesson uses the vocabulary item _____ in a school context.,free walk,homework room,morning plan,home schedule,B,The best answer in this context is 'homework room' (uy vazifasi xona).
544,homework work,uy vazifasi ish,Low,School,EN→UZ,Choose the best Uzbek meaning of 'homework work'.,uy vazifasi ish,kechki odat,oilaviy ovqat,bo‘sh reja,A,'homework work' means 'uy vazifasi ish' in Uzbek. Remember it together with its context.
545,homework work,uy vazifasi ish,Low,School,UZ→EN,Choose the English word or phrase that matches the Uzbek meaning 'uy vazifasi ish'.,evening habit,family meal,free plan,homework work,D,The English word or phrase for 'uy vazifasi ish' is 'homework work'.
546,homework work,uy vazifasi ish,Low,School,Context,The lesson uses the vocabulary item _____ in a school context.,family meal,free plan,homework work,evening habit,C,The best answer in this context is 'homework work' (uy vazifasi ish).
547,homework time,uy vazifasi vaqt,Low,School,EN→UZ,Choose the best Uzbek meaning of 'homework time'.,uy reja,uy vazifasi vaqt,kundalik odat,kechki ovqat,B,'homework time' means 'uy vazifasi vaqt' in Uzbek. Remember it together with its context.
548,homework time,uy vazifasi vaqt,Low,School,UZ→EN,Choose the English word or phrase that matches the Uzbek meaning 'uy vazifasi vaqt'.,homework time,daily habit,evening meal,home plan,A,The English word or phrase for 'uy vazifasi vaqt' is 'homework time'.
549,homework time,uy vazifasi vaqt,Low,School,Context,The lesson uses the vocabulary item _____ in a school context.,daily habit,evening meal,home plan,homework time,D,The best answer in this context is 'homework time' (uy vazifasi vaqt).
550,homework plan,uy vazifasi reja,Low,School,EN→UZ,Choose the best Uzbek meaning of 'homework plan'.,ertalabki tanaffus,uy odat,uy vazifasi reja,kundalik tartib,C,'homework plan' means 'uy vazifasi reja' in Uzbek. Remember it together with its context.
551,homework plan,uy vazifasi reja,Low,School,UZ→EN,Choose the English word or phrase that matches the Uzbek meaning 'uy vazifasi reja'.,home habit,homework plan,daily routine,morning break,B,The English word or phrase for 'uy vazifasi reja' is 'homework plan'.
552,homework plan,uy vazifasi reja,Low,School,Context,The lesson uses the vocabulary item _____ in a school context.,homework plan,daily routine,morning break,home habit,A,The best answer in this context is 'homework plan' (uy vazifasi reja).
553,homework test,uy vazifasi test,Low,School,EN→UZ,Choose the best Uzbek meaning of 'homework test'.,kechki ovqat,uy reja,bo‘sh jadval,uy vazifasi test,D,'homework test' means 'uy vazifasi test' in Uzbek. Remember it together with its context.
554,homework test,uy vazifasi test,Low,School,UZ→EN,Choose the English word or phrase that matches the Uzbek meaning 'uy vazifasi test'.,home plan,free schedule,homework test,evening meal,C,The English word or phrase for 'uy vazifasi test' is 'homework test'.
555,homework test,uy vazifasi test,Low,School,Context,The lesson uses the vocabulary item _____ in a school context.,free schedule,homework test,evening meal,home plan,B,The best answer in this context is 'homework test' (uy vazifasi test).
556,homework practice,uy vazifasi mashq,Low,School,EN→UZ,Choose the best Uzbek meaning of 'homework practice'.,uy vazifasi mashq,poyezd qo‘llanma,shahar safar,sayyohlik xarita,A,'homework practice' means 'uy vazifasi mashq' in Uzbek. Remember it together with its context.
557,homework practice,uy vazifasi mashq,Low,School,UZ→EN,Choose the English word or phrase that matches the Uzbek meaning 'uy vazifasi mashq'.,train guide,city trip,tourist map,homework practice,D,The English word or phrase for 'uy vazifasi mashq' is 'homework practice'.
558,homework practice,uy vazifasi mashq,Low,School,Context,The lesson uses the vocabulary item _____ in a school context.,city trip,tourist map,homework practice,train guide,C,The best answer in this context is 'homework practice' (uy vazifasi mashq).
559,homework group,uy vazifasi guruh,Low,School,EN→UZ,Choose the best Uzbek meaning of 'homework group'.,sinf,uy vazifasi guruh,shahar chipta,mahalliy qo‘llanma,B,'homework group' means 'uy vazifasi guruh' in Uzbek. Remember it together with its context.
560,homework group,uy vazifasi guruh,Low,School,UZ→EN,Choose the English word or phrase that matches the Uzbek meaning 'uy vazifasi guruh'.,homework group,city ticket,local guide,class,A,The English word or phrase for 'uy vazifasi guruh' is 'homework group'.
561,homework group,uy vazifasi guruh,Low,School,Context,The lesson uses the vocabulary item _____ in a school context.,city ticket,local guide,class,homework group,D,The best answer in this context is 'homework group' (uy vazifasi guruh).
562,homework task,uy vazifasi topshiriq,Low,School,EN→UZ,Choose the best Uzbek meaning of 'homework task'.,kechki jadval,oilaviy sayr,uy vazifasi topshiriq,kundalik reja,C,'homework task' means 'uy vazifasi topshiriq' in Uzbek. Remember it together with its context.
563,homework task,uy vazifasi topshiriq,Low,School,UZ→EN,Choose the English word or phrase that matches the Uzbek meaning 'uy vazifasi topshiriq'.,family walk,homework task,daily plan,evening schedule,B,The English word or phrase for 'uy vazifasi topshiriq' is 'homework task'.
564,homework task,uy vazifasi topshiriq,Low,School,Context,The lesson uses the vocabulary item _____ in a school context.,homework task,daily plan,evening schedule,family walk,A,The best answer in this context is 'homework task' (uy vazifasi topshiriq).
565,homework note,uy vazifasi qayd,Low,School,EN→UZ,Choose the best Uzbek meaning of 'homework note'.,ertalabki ovqat,kechki reja,oilaviy jadval,uy vazifasi qayd,D,'homework note' means 'uy vazifasi qayd' in Uzbek. Remember it together with its context.
566,homework note,uy vazifasi qayd,Low,School,UZ→EN,Choose the English word or phrase that matches the Uzbek meaning 'uy vazifasi qayd'.,evening plan,family schedule,homework note,morning meal,C,The English word or phrase for 'uy vazifasi qayd' is 'homework note'.
567,homework note,uy vazifasi qayd,Low,School,Context,The lesson uses the vocabulary item _____ in a school context.,family schedule,homework note,morning meal,evening plan,B,The best answer in this context is 'homework note' (uy vazifasi qayd).
568,lesson book,dars kitob,Low,School,EN→UZ,Choose the best Uzbek meaning of 'lesson book'.,dars kitob,sog‘lom faoliyat,avtobus chipta,poyezd qo‘llanma,A,'lesson book' means 'dars kitob' in Uzbek. Remember it together with its context.
569,lesson book,dars kitob,Low,School,UZ→EN,Choose the English word or phrase that matches the Uzbek meaning 'dars kitob'.,healthy activity,bus ticket,train guide,lesson book,D,The English word or phrase for 'dars kitob' is 'lesson book'.
570,lesson book,dars kitob,Low,School,Context,The lesson uses the vocabulary item _____ in a school context.,bus ticket,train guide,lesson book,healthy activity,C,The best answer in this context is 'lesson book' (dars kitob).
571,lesson room,dars xona,Low,School,EN→UZ,Choose the best Uzbek meaning of 'lesson room'.,shahar xizmat,dars xona,avtobus xarita,poyezd reja,B,'lesson room' means 'dars xona' in Uzbek. Remember it together with its context.
572,lesson room,dars xona,Low,School,UZ→EN,Choose the English word or phrase that matches the Uzbek meaning 'dars xona'.,lesson room,bus map,train plan,city service,A,The English word or phrase for 'dars xona' is 'lesson room'.
573,lesson room,dars xona,Low,School,Context,The lesson uses the vocabulary item _____ in a school context.,bus map,train plan,city service,lesson room,D,The best answer in this context is 'lesson room' (dars xona).
574,lesson work,dars ish,Low,School,EN→UZ,Choose the best Uzbek meaning of 'lesson work'.,sayohat safar,mahalliy xarita,dars ish,avtobus qo‘llanma,C,'lesson work' means 'dars ish' in Uzbek. Remember it together with its context.
575,lesson work,dars ish,Low,School,UZ→EN,Choose the English word or phrase that matches the Uzbek meaning 'dars ish'.,local map,lesson work,bus guide,travel trip,B,The English word or phrase for 'dars ish' is 'lesson work'.
576,lesson work,dars ish,Low,School,Context,The lesson uses the vocabulary item _____ in a school context.,lesson work,bus guide,travel trip,local map,A,The best answer in this context is 'lesson work' (dars ish).
577,lesson time,dars vaqt,Low,School,EN→UZ,Choose the best Uzbek meaning of 'lesson time'.,sog‘lom tanaffus,avtobus safar,sayohat xarita,dars vaqt,D,'lesson time' means 'dars vaqt' in Uzbek. Remember it together with its context.
578,lesson time,dars vaqt,Low,School,UZ→EN,Choose the English word or phrase that matches the Uzbek meaning 'dars vaqt'.,bus trip,travel map,lesson time,healthy break,C,The English word or phrase for 'dars vaqt' is 'lesson time'.
579,lesson time,dars vaqt,Low,School,Context,The lesson uses the vocabulary item _____ in a school context.,travel map,lesson time,healthy break,bus trip,B,The best answer in this context is 'lesson time' (dars vaqt).
580,lesson plan,dars reja,Low,School,EN→UZ,Choose the best Uzbek meaning of 'lesson plan'.,dars reja,sog‘lom faoliyat,avtobus chipta,poyezd qo‘llanma,A,'lesson plan' means 'dars reja' in Uzbek. Remember it together with its context.
581,lesson plan,dars reja,Low,School,UZ→EN,Choose the English word or phrase that matches the Uzbek meaning 'dars reja'.,healthy activity,bus ticket,train guide,lesson plan,D,The English word or phrase for 'dars reja' is 'lesson plan'.
582,lesson plan,dars reja,Low,School,Context,The lesson uses the vocabulary item _____ in a school context.,bus ticket,train guide,lesson plan,healthy activity,C,The best answer in this context is 'lesson plan' (dars reja).
583,lesson test,dars test,Low,School,EN→UZ,Choose the best Uzbek meaning of 'lesson test'.,shahar reja,dars test,avtobus safar,sayohat xarita,B,'lesson test' means 'dars test' in Uzbek. Remember it together with its context.
584,lesson test,dars test,Low,School,UZ→EN,Choose the English word or phrase that matches the Uzbek meaning 'dars test'.,lesson test,bus trip,travel map,city plan,A,The English word or phrase for 'dars test' is 'lesson test'.
585,lesson test,dars test,Low,School,Context,The lesson uses the vocabulary item _____ in a school context.,bus trip,travel map,city plan,lesson test,D,The best answer in this context is 'lesson test' (dars test).
586,lesson practice,dars mashq,Low,School,EN→UZ,Choose the best Uzbek meaning of 'lesson practice'.,sinf guruh,o‘qish reja,dars mashq,maktab kitob,C,'lesson practice' means 'dars mashq' in Uzbek. Remember it together with its context.
587,lesson practice,dars mashq,Low,School,UZ→EN,Choose the English word or phrase that matches the Uzbek meaning 'dars mashq'.,reading plan,lesson practice,school book,class group,B,The English word or phrase for 'dars mashq' is 'lesson practice'.
588,lesson practice,dars mashq,Low,School,Context,The lesson uses the vocabulary item _____ in a school context.,lesson practice,school book,class group,reading plan,A,The best answer in this context is 'lesson practice' (dars mashq).
589,lesson group,dars guruh,Low,School,EN→UZ,Choose the best Uzbek meaning of 'lesson group'.,sinf vaqt,o‘qish kitob,so‘z guruh,dars guruh,D,'lesson group' means 'dars guruh' in Uzbek. Remember it together with its context.
590,lesson group,dars guruh,Low,School,UZ→EN,Choose the English word or phrase that matches the Uzbek meaning 'dars guruh'.,reading book,word group,lesson group,class time,C,The English word or phrase for 'dars guruh' is 'lesson group'.
591,lesson group,dars guruh,Low,School,Context,The lesson uses the vocabulary item _____ in a school context.,word group,lesson group,class time,reading book,B,The best answer in this context is 'lesson group' (dars guruh).
592,lesson task,dars topshiriq,Low,School,EN→UZ,Choose the best Uzbek meaning of 'lesson task'.,dars topshiriq,muntazam ovqat,avtobus reja,sayohat xizmat,A,'lesson task' means 'dars topshiriq' in Uzbek. Remember it together with its context.
593,lesson task,dars topshiriq,Low,School,UZ→EN,Choose the English word or phrase that matches the Uzbek meaning 'dars topshiriq'.,regular meal,bus plan,travel service,lesson task,D,The English word or phrase for 'dars topshiriq' is 'lesson task'.
594,lesson task,dars topshiriq,Low,School,Context,The lesson uses the vocabulary item _____ in a school context.,bus plan,travel service,lesson task,regular meal,C,The best answer in this context is 'lesson task' (dars topshiriq).
595,lesson note,dars qayd,Low,School,EN→UZ,Choose the best Uzbek meaning of 'lesson note'.,sayohat reja,dars qayd,muntazam odat,poyezd xarita,B,'lesson note' means 'dars qayd' in Uzbek. Remember it together with its context.
596,lesson note,dars qayd,Low,School,UZ→EN,Choose the English word or phrase that matches the Uzbek meaning 'dars qayd'.,lesson note,regular habit,train map,travel plan,A,The English word or phrase for 'dars qayd' is 'lesson note'.
597,lesson note,dars qayd,Low,School,Context,The lesson uses the vocabulary item _____ in a school context.,regular habit,train map,travel plan,lesson note,D,The best answer in this context is 'lesson note' (dars qayd).
598,student book,o‘quvchi kitob,Low,School,EN→UZ,Choose the best Uzbek meaning of 'student book'.,sinf test,o‘qish ish,o‘quvchi kitob,keyin,C,'student book' means 'o‘quvchi kitob' in Uzbek. Remember it together with its context.
599,student book,o‘quvchi kitob,Low,School,UZ→EN,Choose the English word or phrase that matches the Uzbek meaning 'o‘quvchi kitob'.,reading work,student book,after,class test,B,The English word or phrase for 'o‘quvchi kitob' is 'student book'.
600,student book,o‘quvchi kitob,Low,School,Context,The lesson uses the vocabulary item _____ in a school context.,student book,after,class test,reading work,A,The best answer in this context is 'student book' (o‘quvchi kitob).
601,student room,o‘quvchi xona,Low,School,EN→UZ,Choose the best Uzbek meaning of 'student room'.,sinf mashq,o‘qish vaqt,o‘qish kitob,o‘quvchi xona,D,'student room' means 'o‘quvchi xona' in Uzbek. Remember it together with its context.
602,student room,o‘quvchi xona,Low,School,UZ→EN,Choose the English word or phrase that matches the Uzbek meaning 'o‘quvchi xona'.,reading time,study book,student room,class practice,C,The English word or phrase for 'o‘quvchi xona' is 'student room'.
603,student room,o‘quvchi xona,Low,School,Context,The lesson uses the vocabulary item _____ in a school context.,study book,student room,class practice,reading time,B,The best answer in this context is 'student room' (o‘quvchi xona).
604,student work,o‘quvchi ish,Low,School,EN→UZ,Choose the best Uzbek meaning of 'student work'.,o‘quvchi ish,ingliz tili ish,o‘qish qayd,o‘qish mashq,A,'student work' means 'o‘quvchi ish' in Uzbek. Remember it together with its context.
605,student work,o‘quvchi ish,Low,School,UZ→EN,Choose the English word or phrase that matches the Uzbek meaning 'o‘quvchi ish'.,English work,reading note,study practice,student work,D,The English word or phrase for 'o‘quvchi ish' is 'student work'.
606,student work,o‘quvchi ish,Low,School,Context,The lesson uses the vocabulary item _____ in a school context.,reading note,study practice,student work,English work,C,The best answer in this context is 'student work' (o‘quvchi ish).
607,student time,o‘quvchi vaqt,Low,School,EN→UZ,Choose the best Uzbek meaning of 'student time'.,o‘qish mashq,o‘quvchi vaqt,maktab ish,sinf qayd,B,'student time' means 'o‘quvchi vaqt' in Uzbek. Remember it together with its context.
608,student time,o‘quvchi vaqt,Low,School,UZ→EN,Choose the English word or phrase that matches the Uzbek meaning 'o‘quvchi vaqt'.,student time,school work,class note,reading practice,A,The English word or phrase for 'o‘quvchi vaqt' is 'student time'.
609,student time,o‘quvchi vaqt,Low,School,Context,The lesson uses the vocabulary item _____ in a school context.,school work,class note,reading practice,student time,D,The best answer in this context is 'student time' (o‘quvchi vaqt).
610,student plan,o‘quvchi reja,Low,School,EN→UZ,Choose the best Uzbek meaning of 'student plan'.,sinf test,o‘qish ish,o‘quvchi reja,keyin,C,'student plan' means 'o‘quvchi reja' in Uzbek. Remember it together with its context.
611,student plan,o‘quvchi reja,Low,School,UZ→EN,Choose the English word or phrase that matches the Uzbek meaning 'o‘quvchi reja'.,reading work,student plan,after,class test,B,The English word or phrase for 'o‘quvchi reja' is 'student plan'.
612,student plan,o‘quvchi reja,Low,School,Context,The lesson uses the vocabulary item _____ in a school context.,student plan,after,class test,reading work,A,The best answer in this context is 'student plan' (o‘quvchi reja).
613,student test,o‘quvchi test,Low,School,EN→UZ,Choose the best Uzbek meaning of 'student test'.,sinf qayd,o‘qish mashq,o‘qish vaqt,o‘quvchi test,D,'student test' means 'o‘quvchi test' in Uzbek. Remember it together with its context.
614,student test,o‘quvchi test,Low,School,UZ→EN,Choose the English word or phrase that matches the Uzbek meaning 'o‘quvchi test'.,reading practice,study time,student test,class note,C,The English word or phrase for 'o‘quvchi test' is 'student test'.
615,student test,o‘quvchi test,Low,School,Context,The lesson uses the vocabulary item _____ in a school context.,study time,student test,class note,reading practice,B,The best answer in this context is 'student test' (o‘quvchi test).
616,student practice,o‘quvchi mashq,Low,School,EN→UZ,Choose the best Uzbek meaning of 'student practice'.,o‘quvchi mashq,ertalabki vaqt,uy faoliyat,bo‘sh tartib,A,'student practice' means 'o‘quvchi mashq' in Uzbek. Remember it together with its context.
617,student practice,o‘quvchi mashq,Low,School,UZ→EN,Choose the English word or phrase that matches the Uzbek meaning 'o‘quvchi mashq'.,morning time,home activity,free routine,student practice,D,The English word or phrase for 'o‘quvchi mashq' is 'student practice'.
618,student practice,o‘quvchi mashq,Low,School,Context,The lesson uses the vocabulary item _____ in a school context.,home activity,free routine,student practice,morning time,C,The best answer in this context is 'student practice' (o‘quvchi mashq).
619,student group,o‘quvchi guruh,Low,School,EN→UZ,Choose the best Uzbek meaning of 'student group'.,dam olish kuni faoliyat,o‘quvchi guruh,kechki mashq,oilaviy vaqt,B,'student group' means 'o‘quvchi guruh' in Uzbek. Remember it together with its context.
620,student group,o‘quvchi guruh,Low,School,UZ→EN,Choose the English word or phrase that matches the Uzbek meaning 'o‘quvchi guruh'.,student group,evening exercise,family time,weekend activity,A,The English word or phrase for 'o‘quvchi guruh' is 'student group'.
621,student group,o‘quvchi guruh,Low,School,Context,The lesson uses the vocabulary item _____ in a school context.,evening exercise,family time,weekend activity,student group,D,The best answer in this context is 'student group' (o‘quvchi guruh).
622,student task,o‘quvchi topshiriq,Low,School,EN→UZ,Choose the best Uzbek meaning of 'student task'.,ingliz tili vaqt,so‘z kitob,o‘quvchi topshiriq,maktab mashq,C,'student task' means 'o‘quvchi topshiriq' in Uzbek. Remember it together with its context.
623,student task,o‘quvchi topshiriq,Low,School,UZ→EN,Choose the English word or phrase that matches the Uzbek meaning 'o‘quvchi topshiriq'.,word book,student task,school practice,English time,B,The English word or phrase for 'o‘quvchi topshiriq' is 'student task'.
624,student task,o‘quvchi topshiriq,Low,School,Context,The lesson uses the vocabulary item _____ in a school context.,student task,school practice,English time,word book,A,The best answer in this context is 'student task' (o‘quvchi topshiriq).
625,student note,o‘quvchi qayd,Low,School,EN→UZ,Choose the best Uzbek meaning of 'student note'.,maktab qayd,ingliz tili mashq,so‘z vaqt,o‘quvchi qayd,D,'student note' means 'o‘quvchi qayd' in Uzbek. Remember it together with its context.
626,student note,o‘quvchi qayd,Low,School,UZ→EN,Choose the English word or phrase that matches the Uzbek meaning 'o‘quvchi qayd'.,English practice,word time,student note,school note,C,The English word or phrase for 'o‘quvchi qayd' is 'student note'.
627,student note,o‘quvchi qayd,Low,School,Context,The lesson uses the vocabulary item _____ in a school context.,word time,student note,school note,English practice,B,The best answer in this context is 'student note' (o‘quvchi qayd).
628,teacher book,o‘qituvchi kitob,Low,School,EN→UZ,Choose the best Uzbek meaning of 'teacher book'.,o‘qituvchi kitob,sayyohlik xizmat,o‘rganmoq,suv,A,'teacher book' means 'o‘qituvchi kitob' in Uzbek. Remember it together with its context.
629,teacher book,o‘qituvchi kitob,Low,School,UZ→EN,Choose the English word or phrase that matches the Uzbek meaning 'o‘qituvchi kitob'.,tourist service,learn,water,teacher book,D,The English word or phrase for 'o‘qituvchi kitob' is 'teacher book'.
630,teacher book,o‘qituvchi kitob,Low,School,Context,The lesson uses the vocabulary item _____ in a school context.,learn,water,teacher book,tourist service,C,The best answer in this context is 'teacher book' (o‘qituvchi kitob).
631,teacher room,o‘qituvchi xona,Low,School,EN→UZ,Choose the best Uzbek meaning of 'teacher room'.,maktab guruh,o‘qituvchi xona,eslamoq,ovqat,B,'teacher room' means 'o‘qituvchi xona' in Uzbek. Remember it together with its context.
632,teacher room,o‘qituvchi xona,Low,School,UZ→EN,Choose the English word or phrase that matches the Uzbek meaning 'o‘qituvchi xona'.,teacher room,remember,food,school group,A,The English word or phrase for 'o‘qituvchi xona' is 'teacher room'.
633,teacher room,o‘qituvchi xona,Low,School,Context,The lesson uses the vocabulary item _____ in a school context.,remember,food,school group,teacher room,D,The best answer in this context is 'teacher room' (o‘qituvchi xona).
634,teacher work,o‘qituvchi ish,Low,School,EN→UZ,Choose the best Uzbek meaning of 'teacher work'.,ertaga,sinf vaqt,o‘qituvchi ish,do‘st,C,'teacher work' means 'o‘qituvchi ish' in Uzbek. Remember it together with its context.
635,teacher work,o‘qituvchi ish,Low,School,UZ→EN,Choose the English word or phrase that matches the Uzbek meaning 'o‘qituvchi ish'.,class time,teacher work,friend,tomorrow,B,The English word or phrase for 'o‘qituvchi ish' is 'teacher work'.
636,teacher work,o‘qituvchi ish,Low,School,Context,The lesson uses the vocabulary item _____ in a school context.,teacher work,friend,tomorrow,class time,A,The best answer in this context is 'teacher work' (o‘qituvchi ish).
637,teacher time,o‘qituvchi vaqt,Low,School,EN→UZ,Choose the best Uzbek meaning of 'teacher time'.,sayyohlik ma’lumot,muhim,ertalab,o‘qituvchi vaqt,D,'teacher time' means 'o‘qituvchi vaqt' in Uzbek. Remember it together with its context.
638,teacher time,o‘qituvchi vaqt,Low,School,UZ→EN,Choose the English word or phrase that matches the Uzbek meaning 'o‘qituvchi vaqt'.,important,morning,teacher time,tourist information,C,The English word or phrase for 'o‘qituvchi vaqt' is 'teacher time'.
639,teacher time,o‘qituvchi vaqt,Low,School,Context,The lesson uses the vocabulary item _____ in a school context.,morning,teacher time,tourist information,important,B,The best answer in this context is 'teacher time' (o‘qituvchi vaqt).
640,teacher plan,o‘qituvchi reja,Low,School,EN→UZ,Choose the best Uzbek meaning of 'teacher plan'.,o‘qituvchi reja,sayyohlik xizmat,o‘rganmoq,suv,A,'teacher plan' means 'o‘qituvchi reja' in Uzbek. Remember it together with its context.
641,teacher plan,o‘qituvchi reja,Low,School,UZ→EN,Choose the English word or phrase that matches the Uzbek meaning 'o‘qituvchi reja'.,tourist service,learn,water,teacher plan,D,The English word or phrase for 'o‘qituvchi reja' is 'teacher plan'.
642,teacher plan,o‘qituvchi reja,Low,School,Context,The lesson uses the vocabulary item _____ in a school context.,learn,water,teacher plan,tourist service,C,The best answer in this context is 'teacher plan' (o‘qituvchi reja).
643,teacher test,o‘qituvchi test,Low,School,EN→UZ,Choose the best Uzbek meaning of 'teacher test'.,sinf kitob,o‘qituvchi test,muhim,ertalab,B,'teacher test' means 'o‘qituvchi test' in Uzbek. Remember it together with its context.
644,teacher test,o‘qituvchi test,Low,School,UZ→EN,Choose the English word or phrase that matches the Uzbek meaning 'o‘qituvchi test'.,teacher test,important,morning,class book,A,The English word or phrase for 'o‘qituvchi test' is 'teacher test'.
645,teacher test,o‘qituvchi test,Low,School,Context,The lesson uses the vocabulary item _____ in a school context.,important,morning,class book,teacher test,D,The best answer in this context is 'teacher test' (o‘qituvchi test).
646,teacher practice,o‘qituvchi mashq,Low,School,EN→UZ,Choose the best Uzbek meaning of 'teacher practice'.,o‘quvchi qayd,kundalik tanaffus,o‘qituvchi mashq,dars ish,C,'teacher practice' means 'o‘qituvchi mashq' in Uzbek. Remember it together with its context.
647,teacher practice,o‘qituvchi mashq,Low,School,UZ→EN,Choose the English word or phrase that matches the Uzbek meaning 'o‘qituvchi mashq'.,daily break,teacher practice,lesson work,student note,B,The English word or phrase for 'o‘qituvchi mashq' is 'teacher practice'.
648,teacher practice,o‘qituvchi mashq,Low,School,Context,The lesson uses the vocabulary item _____ in a school context.,teacher practice,lesson work,student note,daily break,A,The best answer in this context is 'teacher practice' (o‘qituvchi mashq).
649,teacher group,o‘qituvchi guruh,Low,School,EN→UZ,Choose the best Uzbek meaning of 'teacher group'.,o‘quvchi test,kundalik faoliyat,kechki tartib,o‘qituvchi guruh,D,'teacher group' means 'o‘qituvchi guruh' in Uzbek. Remember it together with its context.
650,teacher group,o‘qituvchi guruh,Low,School,UZ→EN,Choose the English word or phrase that matches the Uzbek meaning 'o‘qituvchi guruh'.,daily activity,evening routine,teacher group,student test,C,The English word or phrase for 'o‘qituvchi guruh' is 'teacher group'.
651,teacher group,o‘qituvchi guruh,Low,School,Context,The lesson uses the vocabulary item _____ in a school context.,evening routine,teacher group,student test,daily activity,B,The best answer in this context is 'teacher group' (o‘qituvchi guruh).
652,teacher task,o‘qituvchi topshiriq,Low,School,EN→UZ,Choose the best Uzbek meaning of 'teacher task'.,o‘qituvchi topshiriq,maktab,oila,oldin,A,'teacher task' means 'o‘qituvchi topshiriq' in Uzbek. Remember it together with its context.
653,teacher task,o‘qituvchi topshiriq,Low,School,UZ→EN,Choose the English word or phrase that matches the Uzbek meaning 'o‘qituvchi topshiriq'.,school,family,before,teacher task,D,The English word or phrase for 'o‘qituvchi topshiriq' is 'teacher task'.
654,teacher task,o‘qituvchi topshiriq,Low,School,Context,The lesson uses the vocabulary item _____ in a school context.,family,before,teacher task,school,C,The best answer in this context is 'teacher task' (o‘qituvchi topshiriq).
655,teacher note,o‘qituvchi qayd,Low,School,EN→UZ,Choose the best Uzbek meaning of 'teacher note'.,maktab kitob,o‘qituvchi qayd,savol,bozor,B,'teacher note' means 'o‘qituvchi qayd' in Uzbek. Remember it together with its context.
656,teacher note,o‘qituvchi qayd,Low,School,UZ→EN,Choose the English word or phrase that matches the Uzbek meaning 'o‘qituvchi qayd'.,teacher note,question,market,school book,A,The English word or phrase for 'o‘qituvchi qayd' is 'teacher note'.
657,teacher note,o‘qituvchi qayd,Low,School,Context,The lesson uses the vocabulary item _____ in a school context.,question,market,school book,teacher note,D,The best answer in this context is 'teacher note' (o‘qituvchi qayd).
658,daily routine,kundalik tartib,Low,Daily Life,EN→UZ,Choose the best Uzbek meaning of 'daily routine'.,ertalabki mashq,uy vaqt,kundalik tartib,kundalik sayr,C,'daily routine' means 'kundalik tartib' in Uzbek. Remember it together with its context.
659,daily routine,kundalik tartib,Low,Daily Life,UZ→EN,Choose the English word or phrase that matches the Uzbek meaning 'kundalik tartib'.,home time,daily routine,daily walk,morning exercise,B,The English word or phrase for 'kundalik tartib' is 'daily routine'.
660,daily routine,kundalik tartib,Low,Daily Life,Context,The lesson uses the vocabulary item _____ in a daily life context.,daily routine,daily walk,morning exercise,home time,A,The best answer in this context is 'daily routine' (kundalik tartib).
661,daily meal,kundalik ovqat,Low,Daily Life,EN→UZ,Choose the best Uzbek meaning of 'daily meal'.,so‘z xona,o‘qish topshiriq,dars test,kundalik ovqat,D,'daily meal' means 'kundalik ovqat' in Uzbek. Remember it together with its context.
662,daily meal,kundalik ovqat,Low,Daily Life,UZ→EN,Choose the English word or phrase that matches the Uzbek meaning 'kundalik ovqat'.,study task,lesson test,daily meal,word room,C,The English word or phrase for 'kundalik ovqat' is 'daily meal'.
663,daily meal,kundalik ovqat,Low,Daily Life,Context,The lesson uses the vocabulary item _____ in a daily life context.,lesson test,daily meal,word room,study task,B,The best answer in this context is 'daily meal' (kundalik ovqat).
664,daily walk,kundalik sayr,Low,Daily Life,EN→UZ,Choose the best Uzbek meaning of 'daily walk'.,kundalik sayr,o‘qish guruh,dars reja,o‘qituvchi xona,A,'daily walk' means 'kundalik sayr' in Uzbek. Remember it together with its context.
665,daily walk,kundalik sayr,Low,Daily Life,UZ→EN,Choose the English word or phrase that matches the Uzbek meaning 'kundalik sayr'.,study group,lesson plan,teacher room,daily walk,D,The English word or phrase for 'kundalik sayr' is 'daily walk'.
666,daily walk,kundalik sayr,Low,Daily Life,Context,The lesson uses the vocabulary item _____ in a daily life context.,lesson plan,teacher room,daily walk,study group,C,The best answer in this context is 'daily walk' (kundalik sayr).
667,daily activity,kundalik faoliyat,Low,Daily Life,EN→UZ,Choose the best Uzbek meaning of 'daily activity'.,shahar ma’lumot,kundalik faoliyat,avtobus xizmat,sayohat yo‘nalish,B,'daily activity' means 'kundalik faoliyat' in Uzbek. Remember it together with its context.
668,daily activity,kundalik faoliyat,Low,Daily Life,UZ→EN,Choose the English word or phrase that matches the Uzbek meaning 'kundalik faoliyat'.,daily activity,bus service,travel route,city information,A,The English word or phrase for 'kundalik faoliyat' is 'daily activity'.
669,daily activity,kundalik faoliyat,Low,Daily Life,Context,The lesson uses the vocabulary item _____ in a daily life context.,bus service,travel route,city information,daily activity,D,The best answer in this context is 'daily activity' (kundalik faoliyat).
670,daily habit,kundalik odat,Low,Daily Life,EN→UZ,Choose the best Uzbek meaning of 'daily habit'.,dam olish kuni odat,sog‘lom ovqat,kundalik odat,oilaviy tanaffus,C,'daily habit' means 'kundalik odat' in Uzbek. Remember it together with its context.
671,daily habit,kundalik odat,Low,Daily Life,UZ→EN,Choose the English word or phrase that matches the Uzbek meaning 'kundalik odat'.,healthy meal,daily habit,family break,weekend habit,B,The English word or phrase for 'kundalik odat' is 'daily habit'.
672,daily habit,kundalik odat,Low,Daily Life,Context,The lesson uses the vocabulary item _____ in a daily life context.,daily habit,family break,weekend habit,healthy meal,A,The best answer in this context is 'daily habit' (kundalik odat).
673,daily schedule,kundalik jadval,Low,Daily Life,EN→UZ,Choose the best Uzbek meaning of 'daily schedule'.,oddiy faoliyat,muntazam tartib,avtobus qo‘llanma,kundalik jadval,D,'daily schedule' means 'kundalik jadval' in Uzbek. Remember it together with its context.
674,daily schedule,kundalik jadval,Low,Daily Life,UZ→EN,Choose the English word or phrase that matches the Uzbek meaning 'kundalik jadval'.,regular routine,bus guide,daily schedule,simple activity,C,The English word or phrase for 'kundalik jadval' is 'daily schedule'.
675,daily schedule,kundalik jadval,Low,Daily Life,Context,The lesson uses the vocabulary item _____ in a daily life context.,bus guide,daily schedule,simple activity,regular routine,B,The best answer in this context is 'daily schedule' (kundalik jadval).
676,daily time,kundalik vaqt,Low,Daily Life,EN→UZ,Choose the best Uzbek meaning of 'daily time'.,kundalik vaqt,o‘qish guruh,dars reja,o‘qituvchi xona,A,'daily time' means 'kundalik vaqt' in Uzbek. Remember it together with its context.
677,daily time,kundalik vaqt,Low,Daily Life,UZ→EN,Choose the English word or phrase that matches the Uzbek meaning 'kundalik vaqt'.,study group,lesson plan,teacher room,daily time,D,The English word or phrase for 'kundalik vaqt' is 'daily time'.
678,daily time,kundalik vaqt,Low,Daily Life,Context,The lesson uses the vocabulary item _____ in a daily life context.,lesson plan,teacher room,daily time,study group,C,The best answer in this context is 'daily time' (kundalik vaqt).
679,daily break,kundalik tanaffus,Low,Daily Life,EN→UZ,Choose the best Uzbek meaning of 'daily break'.,oddiy reja,kundalik tanaffus,oilaviy odat,dam olish kuni ovqat,B,'daily break' means 'kundalik tanaffus' in Uzbek. Remember it together with its context.
680,daily break,kundalik tanaffus,Low,Daily Life,UZ→EN,Choose the English word or phrase that matches the Uzbek meaning 'kundalik tanaffus'.,daily break,family habit,weekend meal,simple plan,A,The English word or phrase for 'kundalik tanaffus' is 'daily break'.
681,daily break,kundalik tanaffus,Low,Daily Life,Context,The lesson uses the vocabulary item _____ in a daily life context.,family habit,weekend meal,simple plan,daily break,D,The best answer in this context is 'daily break' (kundalik tanaffus).
682,daily plan,kundalik reja,Low,Daily Life,EN→UZ,Choose the best Uzbek meaning of 'daily plan'.,dars kitob,o‘quvchi guruh,kundalik reja,o‘qish vaqt,C,'daily plan' means 'kundalik reja' in Uzbek. Remember it together with its context.
683,daily plan,kundalik reja,Low,Daily Life,UZ→EN,Choose the English word or phrase that matches the Uzbek meaning 'kundalik reja'.,student group,daily plan,study time,lesson book,B,The English word or phrase for 'kundalik reja' is 'daily plan'.
684,daily plan,kundalik reja,Low,Daily Life,Context,The lesson uses the vocabulary item _____ in a daily life context.,daily plan,study time,lesson book,student group,A,The best answer in this context is 'daily plan' (kundalik reja).
685,daily exercise,kundalik mashq,Low,Daily Life,EN→UZ,Choose the best Uzbek meaning of 'daily exercise'.,sog‘lom odat,avtobus xarita,poyezd reja,kundalik mashq,D,'daily exercise' means 'kundalik mashq' in Uzbek. Remember it together with its context.
686,daily exercise,kundalik mashq,Low,Daily Life,UZ→EN,Choose the English word or phrase that matches the Uzbek meaning 'kundalik mashq'.,bus map,train plan,daily exercise,healthy habit,C,The English word or phrase for 'kundalik mashq' is 'daily exercise'.
687,daily exercise,kundalik mashq,Low,Daily Life,Context,The lesson uses the vocabulary item _____ in a daily life context.,train plan,daily exercise,healthy habit,bus map,B,The best answer in this context is 'daily exercise' (kundalik mashq).
688,morning routine,ertalabki tartib,Low,Daily Life,EN→UZ,Choose the best Uzbek meaning of 'morning routine'.,ertalabki tartib,o‘qish vaqt,o‘qish kitob,uy vazifasi guruh,A,'morning routine' means 'ertalabki tartib' in Uzbek. Remember it together with its context.
689,morning routine,ertalabki tartib,Low,Daily Life,UZ→EN,Choose the English word or phrase that matches the Uzbek meaning 'ertalabki tartib'.,reading time,study book,homework group,morning routine,D,The English word or phrase for 'ertalabki tartib' is 'morning routine'.
690,morning routine,ertalabki tartib,Low,Daily Life,Context,The lesson uses the vocabulary item _____ in a daily life context.,study book,homework group,morning routine,reading time,C,The best answer in this context is 'morning routine' (ertalabki tartib).
691,morning meal,ertalabki ovqat,Low,Daily Life,EN→UZ,Choose the best Uzbek meaning of 'morning meal'.,maktab guruh,ertalabki ovqat,eslamoq,ovqat,B,'morning meal' means 'ertalabki ovqat' in Uzbek. Remember it together with its context.
692,morning meal,ertalabki ovqat,Low,Daily Life,UZ→EN,Choose the English word or phrase that matches the Uzbek meaning 'ertalabki ovqat'.,morning meal,remember,food,school group,A,The English word or phrase for 'ertalabki ovqat' is 'morning meal'.
693,morning meal,ertalabki ovqat,Low,Daily Life,Context,The lesson uses the vocabulary item _____ in a daily life context.,remember,food,school group,morning meal,D,The best answer in this context is 'morning meal' (ertalabki ovqat).
694,morning walk,ertalabki sayr,Low,Daily Life,EN→UZ,Choose the best Uzbek meaning of 'morning walk'.,maktab mashq,ingliz tili vaqt,ertalabki sayr,suv,C,'morning walk' means 'ertalabki sayr' in Uzbek. Remember it together with its context.
695,morning walk,ertalabki sayr,Low,Daily Life,UZ→EN,Choose the English word or phrase that matches the Uzbek meaning 'ertalabki sayr'.,English time,morning walk,water,school practice,B,The English word or phrase for 'ertalabki sayr' is 'morning walk'.
696,morning walk,ertalabki sayr,Low,Daily Life,Context,The lesson uses the vocabulary item _____ in a daily life context.,morning walk,water,school practice,English time,A,The best answer in this context is 'morning walk' (ertalabki sayr).
697,morning activity,ertalabki faoliyat,Low,Daily Life,EN→UZ,Choose the best Uzbek meaning of 'morning activity'.,uy tanaffus,bo‘sh odat,oddiy ovqat,ertalabki faoliyat,D,'morning activity' means 'ertalabki faoliyat' in Uzbek. Remember it together with its context.
698,morning activity,ertalabki faoliyat,Low,Daily Life,UZ→EN,Choose the English word or phrase that matches the Uzbek meaning 'ertalabki faoliyat'.,free habit,simple meal,morning activity,home break,C,The English word or phrase for 'ertalabki faoliyat' is 'morning activity'.
699,morning activity,ertalabki faoliyat,Low,Daily Life,Context,The lesson uses the vocabulary item _____ in a daily life context.,simple meal,morning activity,home break,free habit,B,The best answer in this context is 'morning activity' (ertalabki faoliyat).
700,morning habit,ertalabki odat,Low,Daily Life,EN→UZ,Choose the best Uzbek meaning of 'morning habit'.,ertalabki odat,dars topshiriq,o‘qituvchi test,ertalabki sayr,A,'morning habit' means 'ertalabki odat' in Uzbek. Remember it together with its context.
701,morning habit,ertalabki odat,Low,Daily Life,UZ→EN,Choose the English word or phrase that matches the Uzbek meaning 'ertalabki odat'.,lesson task,teacher test,morning walk,morning habit,D,The English word or phrase for 'ertalabki odat' is 'morning habit'.
702,morning habit,ertalabki odat,Low,Daily Life,Context,The lesson uses the vocabulary item _____ in a daily life context.,teacher test,morning walk,morning habit,lesson task,C,The best answer in this context is 'morning habit' (ertalabki odat).
703,morning schedule,ertalabki jadval,Low,Daily Life,EN→UZ,Choose the best Uzbek meaning of 'morning schedule'.,uy mashq,ertalabki jadval,kundalik odat,kechki sayr,B,'morning schedule' means 'ertalabki jadval' in Uzbek. Remember it together with its context.
704,morning schedule,ertalabki jadval,Low,Daily Life,UZ→EN,Choose the English word or phrase that matches the Uzbek meaning 'ertalabki jadval'.,morning schedule,daily habit,evening walk,home exercise,A,The English word or phrase for 'ertalabki jadval' is 'morning schedule'.
705,morning schedule,ertalabki jadval,Low,Daily Life,Context,The lesson uses the vocabulary item _____ in a daily life context.,daily habit,evening walk,home exercise,morning schedule,D,The best answer in this context is 'morning schedule' (ertalabki jadval).
706,morning time,ertalabki vaqt,Low,Daily Life,EN→UZ,Choose the best Uzbek meaning of 'morning time'.,maktab mashq,ingliz tili vaqt,ertalabki vaqt,suv,C,'morning time' means 'ertalabki vaqt' in Uzbek. Remember it together with its context.
707,morning time,ertalabki vaqt,Low,Daily Life,UZ→EN,Choose the English word or phrase that matches the Uzbek meaning 'ertalabki vaqt'.,English time,morning time,water,school practice,B,The English word or phrase for 'ertalabki vaqt' is 'morning time'.
708,morning time,ertalabki vaqt,Low,Daily Life,Context,The lesson uses the vocabulary item _____ in a daily life context.,morning time,water,school practice,English time,A,The best answer in this context is 'morning time' (ertalabki vaqt).
709,morning break,ertalabki tanaffus,Low,Daily Life,EN→UZ,Choose the best Uzbek meaning of 'morning break'.,dars test,o‘qituvchi ish,kundalik mashq,ertalabki tanaffus,D,'morning break' means 'ertalabki tanaffus' in Uzbek. Remember it together with its context.
710,morning break,ertalabki tanaffus,Low,Daily Life,UZ→EN,Choose the English word or phrase that matches the Uzbek meaning 'ertalabki tanaffus'.,teacher work,daily exercise,morning break,lesson test,C,The English word or phrase for 'ertalabki tanaffus' is 'morning break'.
711,morning break,ertalabki tanaffus,Low,Daily Life,Context,The lesson uses the vocabulary item _____ in a daily life context.,daily exercise,morning break,lesson test,teacher work,B,The best answer in this context is 'morning break' (ertalabki tanaffus).
712,morning plan,ertalabki reja,Low,Daily Life,EN→UZ,Choose the best Uzbek meaning of 'morning plan'.,ertalabki reja,avtobus,maktab ish,sinf qayd,A,'morning plan' means 'ertalabki reja' in Uzbek. Remember it together with its context.
713,morning plan,ertalabki reja,Low,Daily Life,UZ→EN,Choose the English word or phrase that matches the Uzbek meaning 'ertalabki reja'.,bus,school work,class note,morning plan,D,The English word or phrase for 'ertalabki reja' is 'morning plan'.
714,morning plan,ertalabki reja,Low,Daily Life,Context,The lesson uses the vocabulary item _____ in a daily life context.,school work,class note,morning plan,bus,C,The best answer in this context is 'morning plan' (ertalabki reja).
715,morning exercise,ertalabki mashq,Low,Daily Life,EN→UZ,Choose the best Uzbek meaning of 'morning exercise'.,bo‘sh tartib,ertalabki mashq,ertalabki jadval,uy faoliyat,B,'morning exercise' means 'ertalabki mashq' in Uzbek. Remember it together with its context.
716,morning exercise,ertalabki mashq,Low,Daily Life,UZ→EN,Choose the English word or phrase that matches the Uzbek meaning 'ertalabki mashq'.,morning exercise,morning schedule,home activity,free routine,A,The English word or phrase for 'ertalabki mashq' is 'morning exercise'.
717,morning exercise,ertalabki mashq,Low,Daily Life,Context,The lesson uses the vocabulary item _____ in a daily life context.,morning schedule,home activity,free routine,morning exercise,D,The best answer in this context is 'morning exercise' (ertalabki mashq).
718,evening routine,kechki tartib,Low,Daily Life,EN→UZ,Choose the best Uzbek meaning of 'evening routine'.,o‘qish mashq,o‘qish vaqt,kechki tartib,sinf qayd,C,'evening routine' means 'kechki tartib' in Uzbek. Remember it together with its context.
719,evening routine,kechki tartib,Low,Daily Life,UZ→EN,Choose the English word or phrase that matches the Uzbek meaning 'kechki tartib'.,study time,evening routine,class note,reading practice,B,The English word or phrase for 'kechki tartib' is 'evening routine'.
720,evening routine,kechki tartib,Low,Daily Life,Context,The lesson uses the vocabulary item _____ in a daily life context.,evening routine,class note,reading practice,study time,A,The best answer in this context is 'evening routine' (kechki tartib).
721,evening meal,kechki ovqat,Low,Daily Life,EN→UZ,Choose the best Uzbek meaning of 'evening meal'.,sayyohlik ma’lumot,muhim,ertalab,kechki ovqat,D,'evening meal' means 'kechki ovqat' in Uzbek. Remember it together with its context.
722,evening meal,kechki ovqat,Low,Daily Life,UZ→EN,Choose the English word or phrase that matches the Uzbek meaning 'kechki ovqat'.,important,morning,evening meal,tourist information,C,The English word or phrase for 'kechki ovqat' is 'evening meal'.
723,evening meal,kechki ovqat,Low,Daily Life,Context,The lesson uses the vocabulary item _____ in a daily life context.,morning,evening meal,tourist information,important,B,The best answer in this context is 'evening meal' (kechki ovqat).
724,evening walk,kechki sayr,Low,Daily Life,EN→UZ,Choose the best Uzbek meaning of 'evening walk'.,kechki sayr,qiyin,uxlamoq,maktab qayd,A,'evening walk' means 'kechki sayr' in Uzbek. Remember it together with its context.
725,evening walk,kechki sayr,Low,Daily Life,UZ→EN,Choose the English word or phrase that matches the Uzbek meaning 'kechki sayr'.,difficult,sleep,school note,evening walk,D,The English word or phrase for 'kechki sayr' is 'evening walk'.
726,evening walk,kechki sayr,Low,Daily Life,Context,The lesson uses the vocabulary item _____ in a daily life context.,sleep,school note,evening walk,difficult,C,The best answer in this context is 'evening walk' (kechki sayr).
727,evening activity,kechki faoliyat,Low,Daily Life,EN→UZ,Choose the best Uzbek meaning of 'evening activity'.,bo‘sh tanaffus,kechki faoliyat,kechki sayr,oilaviy tartib,B,'evening activity' means 'kechki faoliyat' in Uzbek. Remember it together with its context.
728,evening activity,kechki faoliyat,Low,Daily Life,UZ→EN,Choose the English word or phrase that matches the Uzbek meaning 'kechki faoliyat'.,evening activity,evening walk,family routine,free break,A,The English word or phrase for 'kechki faoliyat' is 'evening activity'.
729,evening activity,kechki faoliyat,Low,Daily Life,Context,The lesson uses the vocabulary item _____ in a daily life context.,evening walk,family routine,free break,evening activity,D,The best answer in this context is 'evening activity' (kechki faoliyat).
730,evening habit,kechki odat,Low,Daily Life,EN→UZ,Choose the best Uzbek meaning of 'evening habit'.,o‘quvchi xona,o‘qituvchi topshiriq,kechki odat,uy vazifasi reja,C,'evening habit' means 'kechki odat' in Uzbek. Remember it together with its context.
731,evening habit,kechki odat,Low,Daily Life,UZ→EN,Choose the English word or phrase that matches the Uzbek meaning 'kechki odat'.,teacher task,evening habit,homework plan,student room,B,The English word or phrase for 'kechki odat' is 'evening habit'.
732,evening habit,kechki odat,Low,Daily Life,Context,The lesson uses the vocabulary item _____ in a daily life context.,evening habit,homework plan,student room,teacher task,A,The best answer in this context is 'evening habit' (kechki odat).
733,evening schedule,kechki jadval,Low,Daily Life,EN→UZ,Choose the best Uzbek meaning of 'evening schedule'.,o‘qituvchi kitob,kundalik tanaffus,kechki odat,kechki jadval,D,'evening schedule' means 'kechki jadval' in Uzbek. Remember it together with its context.
734,evening schedule,kechki jadval,Low,Daily Life,UZ→EN,Choose the English word or phrase that matches the Uzbek meaning 'kechki jadval'.,daily break,evening habit,evening schedule,teacher book,C,The English word or phrase for 'kechki jadval' is 'evening schedule'.
735,evening schedule,kechki jadval,Low,Daily Life,Context,The lesson uses the vocabulary item _____ in a daily life context.,evening habit,evening schedule,teacher book,daily break,B,The best answer in this context is 'evening schedule' (kechki jadval).
736,evening time,kechki vaqt,Low,Daily Life,EN→UZ,Choose the best Uzbek meaning of 'evening time'.,kechki vaqt,qiyin,uxlamoq,maktab qayd,A,'evening time' means 'kechki vaqt' in Uzbek. Remember it together with its context.
737,evening time,kechki vaqt,Low,Daily Life,UZ→EN,Choose the English word or phrase that matches the Uzbek meaning 'kechki vaqt'.,difficult,sleep,school note,evening time,D,The English word or phrase for 'kechki vaqt' is 'evening time'.
738,evening time,kechki vaqt,Low,Daily Life,Context,The lesson uses the vocabulary item _____ in a daily life context.,sleep,school note,evening time,difficult,C,The best answer in this context is 'evening time' (kechki vaqt).
739,evening break,kechki tanaffus,Low,Daily Life,EN→UZ,Choose the best Uzbek meaning of 'evening break'.,o‘qituvchi test,kechki tanaffus,uy vazifasi xona,dars topshiriq,B,'evening break' means 'kechki tanaffus' in Uzbek. Remember it together with its context.
740,evening break,kechki tanaffus,Low,Daily Life,UZ→EN,Choose the English word or phrase that matches the Uzbek meaning 'kechki tanaffus'.,evening break,homework room,lesson task,teacher test,A,The English word or phrase for 'kechki tanaffus' is 'evening break'.
741,evening break,kechki tanaffus,Low,Daily Life,Context,The lesson uses the vocabulary item _____ in a daily life context.,homework room,lesson task,teacher test,evening break,D,The best answer in this context is 'evening break' (kechki tanaffus).
742,evening plan,kechki reja,Low,Daily Life,EN→UZ,Choose the best Uzbek meaning of 'evening plan'.,sayohat qilmoq,maktab test,kechki reja,gapirmoq,C,'evening plan' means 'kechki reja' in Uzbek. Remember it together with its context.
743,evening plan,kechki reja,Low,Daily Life,UZ→EN,Choose the English word or phrase that matches the Uzbek meaning 'kechki reja'.,school test,evening plan,speak,travel,B,The English word or phrase for 'kechki reja' is 'evening plan'.
744,evening plan,kechki reja,Low,Daily Life,Context,The lesson uses the vocabulary item _____ in a daily life context.,evening plan,speak,travel,school test,A,The best answer in this context is 'evening plan' (kechki reja).
745,evening exercise,kechki mashq,Low,Daily Life,EN→UZ,Choose the best Uzbek meaning of 'evening exercise'.,kundalik ovqat,ertalabki reja,uy vaqt,kechki mashq,D,'evening exercise' means 'kechki mashq' in Uzbek. Remember it together with its context.
746,evening exercise,kechki mashq,Low,Daily Life,UZ→EN,Choose the English word or phrase that matches the Uzbek meaning 'kechki mashq'.,morning plan,home time,evening exercise,daily meal,C,The English word or phrase for 'kechki mashq' is 'evening exercise'.
747,evening exercise,kechki mashq,Low,Daily Life,Context,The lesson uses the vocabulary item _____ in a daily life context.,home time,evening exercise,daily meal,morning plan,B,The best answer in this context is 'evening exercise' (kechki mashq).
748,home routine,uy tartib,Low,Daily Life,EN→UZ,Choose the best Uzbek meaning of 'home routine'.,uy tartib,bugun,sinf ish,ingliz tili qayd,A,'home routine' means 'uy tartib' in Uzbek. Remember it together with its context.
749,home routine,uy tartib,Low,Daily Life,UZ→EN,Choose the English word or phrase that matches the Uzbek meaning 'uy tartib'.,today,class work,English note,home routine,D,The English word or phrase for 'uy tartib' is 'home routine'.
750,home routine,uy tartib,Low,Daily Life,Context,The lesson uses the vocabulary item _____ in a daily life context.,class work,English note,home routine,today,C,The best answer in this context is 'home routine' (uy tartib).
751,home meal,uy ovqat,Low,Daily Life,EN→UZ,Choose the best Uzbek meaning of 'home meal'.,yozmoq,uy ovqat,shahar xizmat,sayyohlik yo‘nalish,B,'home meal' means 'uy ovqat' in Uzbek. Remember it together with its context.
752,home meal,uy ovqat,Low,Daily Life,UZ→EN,Choose the English word or phrase that matches the Uzbek meaning 'uy ovqat'.,home meal,city service,tourist route,write,A,The English word or phrase for 'uy ovqat' is 'home meal'.
753,home meal,uy ovqat,Low,Daily Life,Context,The lesson uses the vocabulary item _____ in a daily life context.,city service,tourist route,write,home meal,D,The best answer in this context is 'home meal' (uy ovqat).
754,home walk,uy sayr,Low,Daily Life,EN→UZ,Choose the best Uzbek meaning of 'home walk'.,o‘qimoq,avtobus,uy sayr,sayyohlik xarita,C,'home walk' means 'uy sayr' in Uzbek. Remember it together with its context.
755,home walk,uy sayr,Low,Daily Life,UZ→EN,Choose the English word or phrase that matches the Uzbek meaning 'uy sayr'.,bus,home walk,tourist map,read,B,The English word or phrase for 'uy sayr' is 'home walk'.
756,home walk,uy sayr,Low,Daily Life,Context,The lesson uses the vocabulary item _____ in a daily life context.,home walk,tourist map,read,bus,A,The best answer in this context is 'home walk' (uy sayr).
757,home activity,uy faoliyat,Low,Daily Life,EN→UZ,Choose the best Uzbek meaning of 'home activity'.,o‘qituvchi topshiriq,ertalabki jadval,uy sayr,uy faoliyat,D,'home activity' means 'uy faoliyat' in Uzbek. Remember it together with its context.
758,home activity,uy faoliyat,Low,Daily Life,UZ→EN,Choose the English word or phrase that matches the Uzbek meaning 'uy faoliyat'.,morning schedule,home walk,home activity,teacher task,C,The English word or phrase for 'uy faoliyat' is 'home activity'.
759,home activity,uy faoliyat,Low,Daily Life,Context,The lesson uses the vocabulary item _____ in a daily life context.,home walk,home activity,teacher task,morning schedule,B,The best answer in this context is 'home activity' (uy faoliyat).
760,home habit,uy odat,Low,Daily Life,EN→UZ,Choose the best Uzbek meaning of 'home habit'.,uy odat,so‘z kitob,o‘qish guruh,dars reja,A,'home habit' means 'uy odat' in Uzbek. Remember it together with its context.
761,home habit,uy odat,Low,Daily Life,UZ→EN,Choose the English word or phrase that matches the Uzbek meaning 'uy odat'.,word book,study group,lesson plan,home habit,D,The English word or phrase for 'uy odat' is 'home habit'.
762,home habit,uy odat,Low,Daily Life,Context,The lesson uses the vocabulary item _____ in a daily life context.,study group,lesson plan,home habit,word book,C,The best answer in this context is 'home habit' (uy odat).
763,home schedule,uy jadval,Low,Daily Life,EN→UZ,Choose the best Uzbek meaning of 'home schedule'.,kundalik tartib,uy jadval,uy vazifasi mashq,o‘quvchi vaqt,B,'home schedule' means 'uy jadval' in Uzbek. Remember it together with its context.
764,home schedule,uy jadval,Low,Daily Life,UZ→EN,Choose the English word or phrase that matches the Uzbek meaning 'uy jadval'.,home schedule,homework practice,student time,daily routine,A,The English word or phrase for 'uy jadval' is 'home schedule'.
765,home schedule,uy jadval,Low,Daily Life,Context,The lesson uses the vocabulary item _____ in a daily life context.,homework practice,student time,daily routine,home schedule,D,The best answer in this context is 'home schedule' (uy jadval).
766,home time,uy vaqt,Low,Daily Life,EN→UZ,Choose the best Uzbek meaning of 'home time'.,o‘qimoq,avtobus,uy vaqt,sayyohlik xarita,C,'home time' means 'uy vaqt' in Uzbek. Remember it together with its context.
767,home time,uy vaqt,Low,Daily Life,UZ→EN,Choose the English word or phrase that matches the Uzbek meaning 'uy vaqt'.,bus,home time,tourist map,read,B,The English word or phrase for 'uy vaqt' is 'home time'.
768,home time,uy vaqt,Low,Daily Life,Context,The lesson uses the vocabulary item _____ in a daily life context.,home time,tourist map,read,bus,A,The best answer in this context is 'home time' (uy vaqt).
769,home break,uy tanaffus,Low,Daily Life,EN→UZ,Choose the best Uzbek meaning of 'home break'.,o‘qish guruh,o‘qish reja,dars xona,uy tanaffus,D,'home break' means 'uy tanaffus' in Uzbek. Remember it together with its context.
770,home break,uy tanaffus,Low,Daily Life,UZ→EN,Choose the English word or phrase that matches the Uzbek meaning 'uy tanaffus'.,study plan,lesson room,home break,reading group,C,The English word or phrase for 'uy tanaffus' is 'home break'.
771,home break,uy tanaffus,Low,Daily Life,Context,The lesson uses the vocabulary item _____ in a daily life context.,lesson room,home break,reading group,study plan,B,The best answer in this context is 'home break' (uy tanaffus).
772,home plan,uy reja,Low,Daily Life,EN→UZ,Choose the best Uzbek meaning of 'home plan'.,uy reja,mahalliy qo‘llanma,sinf,shahar,A,'home plan' means 'uy reja' in Uzbek. Remember it together with its context.
773,home plan,uy reja,Low,Daily Life,UZ→EN,Choose the English word or phrase that matches the Uzbek meaning 'uy reja'.,local guide,class,city,home plan,D,The English word or phrase for 'uy reja' is 'home plan'.
774,home plan,uy reja,Low,Daily Life,Context,The lesson uses the vocabulary item _____ in a daily life context.,class,city,home plan,local guide,C,The best answer in this context is 'home plan' (uy reja).
775,home exercise,uy mashq,Low,Daily Life,EN→UZ,Choose the best Uzbek meaning of 'home exercise'.,ertalabki ovqat,uy mashq,dars guruh,o‘qituvchi reja,B,'home exercise' means 'uy mashq' in Uzbek. Remember it together with its context.
776,home exercise,uy mashq,Low,Daily Life,UZ→EN,Choose the English word or phrase that matches the Uzbek meaning 'uy mashq'.,home exercise,lesson group,teacher plan,morning meal,A,The English word or phrase for 'uy mashq' is 'home exercise'.
777,home exercise,uy mashq,Low,Daily Life,Context,The lesson uses the vocabulary item _____ in a daily life context.,lesson group,teacher plan,morning meal,home exercise,D,The best answer in this context is 'home exercise' (uy mashq).
778,family routine,oilaviy tartib,Low,Daily Life,EN→UZ,Choose the best Uzbek meaning of 'family routine'.,shahar chipta,mahalliy qo‘llanma,oilaviy tartib,poyezd vaqt,C,'family routine' means 'oilaviy tartib' in Uzbek. Remember it together with its context.
779,family routine,oilaviy tartib,Low,Daily Life,UZ→EN,Choose the English word or phrase that matches the Uzbek meaning 'oilaviy tartib'.,local guide,family routine,train time,city ticket,B,The English word or phrase for 'oilaviy tartib' is 'family routine'.
780,family routine,oilaviy tartib,Low,Daily Life,Context,The lesson uses the vocabulary item _____ in a daily life context.,family routine,train time,city ticket,local guide,A,The best answer in this context is 'family routine' (oilaviy tartib).
781,family meal,oilaviy ovqat,Low,Daily Life,EN→UZ,Choose the best Uzbek meaning of 'family meal'.,bo‘sh faoliyat,oddiy tartib,sog‘lom tanaffus,oilaviy ovqat,D,'family meal' means 'oilaviy ovqat' in Uzbek. Remember it together with its context.
782,family meal,oilaviy ovqat,Low,Daily Life,UZ→EN,Choose the English word or phrase that matches the Uzbek meaning 'oilaviy ovqat'.,simple routine,healthy break,family meal,free activity,C,The English word or phrase for 'oilaviy ovqat' is 'family meal'.
783,family meal,oilaviy ovqat,Low,Daily Life,Context,The lesson uses the vocabulary item _____ in a daily life context.,healthy break,family meal,free activity,simple routine,B,The best answer in this context is 'family meal' (oilaviy ovqat).
784,family walk,oilaviy sayr,Low,Daily Life,EN→UZ,Choose the best Uzbek meaning of 'family walk'.,oilaviy sayr,dam olish kuni mashq,sog‘lom vaqt,avtobus vaqt,A,'family walk' means 'oilaviy sayr' in Uzbek. Remember it together with its context.
785,family walk,oilaviy sayr,Low,Daily Life,UZ→EN,Choose the English word or phrase that matches the Uzbek meaning 'oilaviy sayr'.,weekend exercise,healthy time,bus time,family walk,D,The English word or phrase for 'oilaviy sayr' is 'family walk'.
786,family walk,oilaviy sayr,Low,Daily Life,Context,The lesson uses the vocabulary item _____ in a daily life context.,healthy time,bus time,family walk,weekend exercise,C,The best answer in this context is 'family walk' (oilaviy sayr).
787,family activity,oilaviy faoliyat,Low,Daily Life,EN→UZ,Choose the best Uzbek meaning of 'family activity'.,o‘qish kitob,oilaviy faoliyat,sinf mashq,o‘qish vaqt,B,'family activity' means 'oilaviy faoliyat' in Uzbek. Remember it together with its context.
788,family activity,oilaviy faoliyat,Low,Daily Life,UZ→EN,Choose the English word or phrase that matches the Uzbek meaning 'oilaviy faoliyat'.,family activity,class practice,reading time,study book,A,The English word or phrase for 'oilaviy faoliyat' is 'family activity'.
789,family activity,oilaviy faoliyat,Low,Daily Life,Context,The lesson uses the vocabulary item _____ in a daily life context.,class practice,reading time,study book,family activity,D,The best answer in this context is 'family activity' (oilaviy faoliyat).
790,family habit,oilaviy odat,Low,Daily Life,EN→UZ,Choose the best Uzbek meaning of 'family habit'.,qiyin,uxlamoq,oilaviy odat,sayyohlik reja,C,'family habit' means 'oilaviy odat' in Uzbek. Remember it together with its context.
791,family habit,oilaviy odat,Low,Daily Life,UZ→EN,Choose the English word or phrase that matches the Uzbek meaning 'oilaviy odat'.,sleep,family habit,tourist plan,difficult,B,The English word or phrase for 'oilaviy odat' is 'family habit'.
792,family habit,oilaviy odat,Low,Daily Life,Context,The lesson uses the vocabulary item _____ in a daily life context.,family habit,tourist plan,difficult,sleep,A,The best answer in this context is 'family habit' (oilaviy odat).
793,family schedule,oilaviy jadval,Low,Daily Life,EN→UZ,Choose the best Uzbek meaning of 'family schedule'.,do‘kon,maktab xona,sinf topshiriq,oilaviy jadval,D,'family schedule' means 'oilaviy jadval' in Uzbek. Remember it together with its context.
794,family schedule,oilaviy jadval,Low,Daily Life,UZ→EN,Choose the English word or phrase that matches the Uzbek meaning 'oilaviy jadval'.,school room,class task,family schedule,shop,C,The English word or phrase for 'oilaviy jadval' is 'family schedule'.
795,family schedule,oilaviy jadval,Low,Daily Life,Context,The lesson uses the vocabulary item _____ in a daily life context.,class task,family schedule,shop,school room,B,The best answer in this context is 'family schedule' (oilaviy jadval).
796,family time,oilaviy vaqt,Low,Daily Life,EN→UZ,Choose the best Uzbek meaning of 'family time'.,oilaviy vaqt,dam olish kuni mashq,sog‘lom vaqt,avtobus vaqt,A,'family time' means 'oilaviy vaqt' in Uzbek. Remember it together with its context.
797,family time,oilaviy vaqt,Low,Daily Life,UZ→EN,Choose the English word or phrase that matches the Uzbek meaning 'oilaviy vaqt'.,weekend exercise,healthy time,bus time,family time,D,The English word or phrase for 'oilaviy vaqt' is 'family time'.
798,family time,oilaviy vaqt,Low,Daily Life,Context,The lesson uses the vocabulary item _____ in a daily life context.,healthy time,bus time,family time,weekend exercise,C,The best answer in this context is 'family time' (oilaviy vaqt).
799,family break,oilaviy tanaffus,Low,Daily Life,EN→UZ,Choose the best Uzbek meaning of 'family break'.,suv,oilaviy tanaffus,sayyohlik xizmat,o‘rganmoq,B,'family break' means 'oilaviy tanaffus' in Uzbek. Remember it together with its context.
800,family break,oilaviy tanaffus,Low,Daily Life,UZ→EN,Choose the English word or phrase that matches the Uzbek meaning 'oilaviy tanaffus'.,family break,tourist service,learn,water,A,The English word or phrase for 'oilaviy tanaffus' is 'family break'.
801,family break,oilaviy tanaffus,Low,Daily Life,Context,The lesson uses the vocabulary item _____ in a daily life context.,tourist service,learn,water,family break,D,The best answer in this context is 'family break' (oilaviy tanaffus).
802,family plan,oilaviy reja,Low,Daily Life,EN→UZ,Choose the best Uzbek meaning of 'family plan'.,sog‘lom sayr,muntazam mashq,oilaviy reja,dam olish kuni jadval,C,'family plan' means 'oilaviy reja' in Uzbek. Remember it together with its context.
803,family plan,oilaviy reja,Low,Daily Life,UZ→EN,Choose the English word or phrase that matches the Uzbek meaning 'oilaviy reja'.,regular exercise,family plan,weekend schedule,healthy walk,B,The English word or phrase for 'oilaviy reja' is 'family plan'.
804,family plan,oilaviy reja,Low,Daily Life,Context,The lesson uses the vocabulary item _____ in a daily life context.,family plan,weekend schedule,healthy walk,regular exercise,A,The best answer in this context is 'family plan' (oilaviy reja).
805,family exercise,oilaviy mashq,Low,Daily Life,EN→UZ,Choose the best Uzbek meaning of 'family exercise'.,bugun,sinf ish,ingliz tili qayd,oilaviy mashq,D,'family exercise' means 'oilaviy mashq' in Uzbek. Remember it together with its context.
806,family exercise,oilaviy mashq,Low,Daily Life,UZ→EN,Choose the English word or phrase that matches the Uzbek meaning 'oilaviy mashq'.,class work,English note,family exercise,today,C,The English word or phrase for 'oilaviy mashq' is 'family exercise'.
807,family exercise,oilaviy mashq,Low,Daily Life,Context,The lesson uses the vocabulary item _____ in a daily life context.,English note,family exercise,today,class work,B,The best answer in this context is 'family exercise' (oilaviy mashq).
808,free routine,bo‘sh tartib,Low,Daily Life,EN→UZ,Choose the best Uzbek meaning of 'free routine'.,bo‘sh tartib,sayohat qilmoq,maktab test,ingliz tili ish,A,'free routine' means 'bo‘sh tartib' in Uzbek. Remember it together with its context.
809,free routine,bo‘sh tartib,Low,Daily Life,UZ→EN,Choose the English word or phrase that matches the Uzbek meaning 'bo‘sh tartib'.,travel,school test,English work,free routine,D,The English word or phrase for 'bo‘sh tartib' is 'free routine'.
810,free routine,bo‘sh tartib,Low,Daily Life,Context,The lesson uses the vocabulary item _____ in a daily life context.,school test,English work,free routine,travel,C,The best answer in this context is 'free routine' (bo‘sh tartib).
811,free meal,bo‘sh ovqat,Low,Daily Life,EN→UZ,Choose the best Uzbek meaning of 'free meal'.,o‘quvchi,bo‘sh ovqat,sayohat reja,mahalliy xizmat,B,'free meal' means 'bo‘sh ovqat' in Uzbek. Remember it together with its context.
812,free meal,bo‘sh ovqat,Low,Daily Life,UZ→EN,Choose the English word or phrase that matches the Uzbek meaning 'bo‘sh ovqat'.,free meal,travel plan,local service,student,A,The English word or phrase for 'bo‘sh ovqat' is 'free meal'.
813,free meal,bo‘sh ovqat,Low,Daily Life,Context,The lesson uses the vocabulary item _____ in a daily life context.,travel plan,local service,student,free meal,D,The best answer in this context is 'free meal' (bo‘sh ovqat).
814,free walk,bo‘sh sayr,Low,Daily Life,EN→UZ,Choose the best Uzbek meaning of 'free walk'.,o‘qituvchi,charchagan,bo‘sh sayr,mahalliy safar,C,'free walk' means 'bo‘sh sayr' in Uzbek. Remember it together with its context.
815,free walk,bo‘sh sayr,Low,Daily Life,UZ→EN,Choose the English word or phrase that matches the Uzbek meaning 'bo‘sh sayr'.,tired,free walk,local trip,teacher,B,The English word or phrase for 'bo‘sh sayr' is 'free walk'.
816,free walk,bo‘sh sayr,Low,Daily Life,Context,The lesson uses the vocabulary item _____ in a daily life context.,free walk,local trip,teacher,tired,A,The best answer in this context is 'free walk' (bo‘sh sayr).
817,free activity,bo‘sh faoliyat,Low,Daily Life,EN→UZ,Choose the best Uzbek meaning of 'free activity'.,o‘qituvchi xona,kundalik reja,kechki jadval,bo‘sh faoliyat,D,'free activity' means 'bo‘sh faoliyat' in Uzbek. Remember it together with its context.
818,free activity,bo‘sh faoliyat,Low,Daily Life,UZ→EN,Choose the English word or phrase that matches the Uzbek meaning 'bo‘sh faoliyat'.,daily plan,evening schedule,free activity,teacher room,C,The English word or phrase for 'bo‘sh faoliyat' is 'free activity'.
819,free activity,bo‘sh faoliyat,Low,Daily Life,Context,The lesson uses the vocabulary item _____ in a daily life context.,evening schedule,free activity,teacher room,daily plan,B,The best answer in this context is 'free activity' (bo‘sh faoliyat).
820,free habit,bo‘sh odat,Low,Daily Life,EN→UZ,Choose the best Uzbek meaning of 'free habit'.,bo‘sh odat,o‘qish vaqt,o‘qish kitob,uy vazifasi guruh,A,'free habit' means 'bo‘sh odat' in Uzbek. Remember it together with its context.
821,free habit,bo‘sh odat,Low,Daily Life,UZ→EN,Choose the English word or phrase that matches the Uzbek meaning 'bo‘sh odat'.,reading time,study book,homework group,free habit,D,The English word or phrase for 'bo‘sh odat' is 'free habit'.
822,free habit,bo‘sh odat,Low,Daily Life,Context,The lesson uses the vocabulary item _____ in a daily life context.,study book,homework group,free habit,reading time,C,The best answer in this context is 'free habit' (bo‘sh odat).
823,free schedule,bo‘sh jadval,Low,Daily Life,EN→UZ,Choose the best Uzbek meaning of 'free schedule'.,o‘qituvchi vaqt,bo‘sh jadval,o‘qish qayd,dars mashq,B,'free schedule' means 'bo‘sh jadval' in Uzbek. Remember it together with its context.
824,free schedule,bo‘sh jadval,Low,Daily Life,UZ→EN,Choose the English word or phrase that matches the Uzbek meaning 'bo‘sh jadval'.,free schedule,study note,lesson practice,teacher time,A,The English word or phrase for 'bo‘sh jadval' is 'free schedule'.
825,free schedule,bo‘sh jadval,Low,Daily Life,Context,The lesson uses the vocabulary item _____ in a daily life context.,study note,lesson practice,teacher time,free schedule,D,The best answer in this context is 'free schedule' (bo‘sh jadval).
826,free time,bo‘sh vaqt,Low,Daily Life,EN→UZ,Choose the best Uzbek meaning of 'free time'.,o‘qituvchi,charchagan,bo‘sh vaqt,mahalliy safar,C,'free time' means 'bo‘sh vaqt' in Uzbek. Remember it together with its context.
827,free time,bo‘sh vaqt,Low,Daily Life,UZ→EN,Choose the English word or phrase that matches the Uzbek meaning 'bo‘sh vaqt'.,tired,free time,local trip,teacher,B,The English word or phrase for 'bo‘sh vaqt' is 'free time'.
828,free time,bo‘sh vaqt,Low,Daily Life,Context,The lesson uses the vocabulary item _____ in a daily life context.,free time,local trip,teacher,tired,A,The best answer in this context is 'free time' (bo‘sh vaqt).
829,free break,bo‘sh tanaffus,Low,Daily Life,EN→UZ,Choose the best Uzbek meaning of 'free break'.,o‘qish kitob,so‘z guruh,uy vazifasi reja,bo‘sh tanaffus,D,'free break' means 'bo‘sh tanaffus' in Uzbek. Remember it together with its context.
830,free break,bo‘sh tanaffus,Low,Daily Life,UZ→EN,Choose the English word or phrase that matches the Uzbek meaning 'bo‘sh tanaffus'.,word group,homework plan,free break,reading book,C,The English word or phrase for 'bo‘sh tanaffus' is 'free break'.
831,free break,bo‘sh tanaffus,Low,Daily Life,Context,The lesson uses the vocabulary item _____ in a daily life context.,homework plan,free break,reading book,word group,B,The best answer in this context is 'free break' (bo‘sh tanaffus).
832,free plan,bo‘sh reja,Low,Daily Life,EN→UZ,Choose the best Uzbek meaning of 'free plan'.,bo‘sh reja,mahalliy chipta,sayyohlik qo‘llanma,oson,A,'free plan' means 'bo‘sh reja' in Uzbek. Remember it together with its context.
833,free plan,bo‘sh reja,Low,Daily Life,UZ→EN,Choose the English word or phrase that matches the Uzbek meaning 'bo‘sh reja'.,local ticket,tourist guide,easy,free plan,D,The English word or phrase for 'bo‘sh reja' is 'free plan'.
834,free plan,bo‘sh reja,Low,Daily Life,Context,The lesson uses the vocabulary item _____ in a daily life context.,tourist guide,easy,free plan,local ticket,C,The best answer in this context is 'free plan' (bo‘sh reja).
835,free exercise,bo‘sh mashq,Low,Daily Life,EN→UZ,Choose the best Uzbek meaning of 'free exercise'.,kundalik odat,bo‘sh mashq,dars kitob,o‘quvchi guruh,B,'free exercise' means 'bo‘sh mashq' in Uzbek. Remember it together with its context.
836,free exercise,bo‘sh mashq,Low,Daily Life,UZ→EN,Choose the English word or phrase that matches the Uzbek meaning 'bo‘sh mashq'.,free exercise,lesson book,student group,daily habit,A,The English word or phrase for 'bo‘sh mashq' is 'free exercise'.
837,free exercise,bo‘sh mashq,Low,Daily Life,Context,The lesson uses the vocabulary item _____ in a daily life context.,lesson book,student group,daily habit,free exercise,D,The best answer in this context is 'free exercise' (bo‘sh mashq).
838,weekend routine,dam olish kuni tartib,Low,Daily Life,EN→UZ,Choose the best Uzbek meaning of 'weekend routine'.,ingliz tili guruh,so‘z reja,dam olish kuni tartib,sinf kitob,C,'weekend routine' means 'dam olish kuni tartib' in Uzbek. Remember it together with its context.
839,weekend routine,dam olish kuni tartib,Low,Daily Life,UZ→EN,Choose the English word or phrase that matches the Uzbek meaning 'dam olish kuni tartib'.,word plan,weekend routine,class book,English group,B,The English word or phrase for 'dam olish kuni tartib' is 'weekend routine'.
840,weekend routine,dam olish kuni tartib,Low,Daily Life,Context,The lesson uses the vocabulary item _____ in a daily life context.,weekend routine,class book,English group,word plan,A,The best answer in this context is 'weekend routine' (dam olish kuni tartib).
841,weekend meal,dam olish kuni ovqat,Low,Daily Life,EN→UZ,Choose the best Uzbek meaning of 'weekend meal'.,sayyohlik chipta,javob,do‘kon,dam olish kuni ovqat,D,'weekend meal' means 'dam olish kuni ovqat' in Uzbek. Remember it together with its context.
842,weekend meal,dam olish kuni ovqat,Low,Daily Life,UZ→EN,Choose the English word or phrase that matches the Uzbek meaning 'dam olish kuni ovqat'.,answer,shop,weekend meal,tourist ticket,C,The English word or phrase for 'dam olish kuni ovqat' is 'weekend meal'.
843,weekend meal,dam olish kuni ovqat,Low,Daily Life,Context,The lesson uses the vocabulary item _____ in a daily life context.,shop,weekend meal,tourist ticket,answer,B,The best answer in this context is 'weekend meal' (dam olish kuni ovqat).
844,weekend walk,dam olish kuni sayr,Low,Daily Life,EN→UZ,Choose the best Uzbek meaning of 'weekend walk'.,dam olish kuni sayr,savol,bozor,maktab kitob,A,'weekend walk' means 'dam olish kuni sayr' in Uzbek. Remember it together with its context.
845,weekend walk,dam olish kuni sayr,Low,Daily Life,UZ→EN,Choose the English word or phrase that matches the Uzbek meaning 'dam olish kuni sayr'.,question,market,school book,weekend walk,D,The English word or phrase for 'dam olish kuni sayr' is 'weekend walk'.
846,weekend walk,dam olish kuni sayr,Low,Daily Life,Context,The lesson uses the vocabulary item _____ in a daily life context.,market,school book,weekend walk,question,C,The best answer in this context is 'weekend walk' (dam olish kuni sayr).
847,weekend activity,dam olish kuni faoliyat,Low,Daily Life,EN→UZ,Choose the best Uzbek meaning of 'weekend activity'.,oilaviy tanaffus,dam olish kuni faoliyat,ertalabki faoliyat,uy tartib,B,'weekend activity' means 'dam olish kuni faoliyat' in Uzbek. Remember it together with its context.
848,weekend activity,dam olish kuni faoliyat,Low,Daily Life,UZ→EN,Choose the English word or phrase that matches the Uzbek meaning 'dam olish kuni faoliyat'.,weekend activity,morning activity,home routine,family break,A,The English word or phrase for 'dam olish kuni faoliyat' is 'weekend activity'.
849,weekend activity,dam olish kuni faoliyat,Low,Daily Life,Context,The lesson uses the vocabulary item _____ in a daily life context.,morning activity,home routine,family break,weekend activity,D,The best answer in this context is 'weekend activity' (dam olish kuni faoliyat).
850,weekend habit,dam olish kuni odat,Low,Daily Life,EN→UZ,Choose the best Uzbek meaning of 'weekend habit'.,dars ish,o‘quvchi qayd,dam olish kuni odat,o‘qish test,C,'weekend habit' means 'dam olish kuni odat' in Uzbek. Remember it together with its context.
851,weekend habit,dam olish kuni odat,Low,Daily Life,UZ→EN,Choose the English word or phrase that matches the Uzbek meaning 'dam olish kuni odat'.,student note,weekend habit,study test,lesson work,B,The English word or phrase for 'dam olish kuni odat' is 'weekend habit'.
852,weekend habit,dam olish kuni odat,Low,Daily Life,Context,The lesson uses the vocabulary item _____ in a daily life context.,weekend habit,study test,lesson work,student note,A,The best answer in this context is 'weekend habit' (dam olish kuni odat).
853,weekend schedule,dam olish kuni jadval,Low,Daily Life,EN→UZ,Choose the best Uzbek meaning of 'weekend schedule'.,o‘quvchi xona,o‘qituvchi topshiriq,ertalabki jadval,dam olish kuni jadval,D,'weekend schedule' means 'dam olish kuni jadval' in Uzbek. Remember it together with its context.
854,weekend schedule,dam olish kuni jadval,Low,Daily Life,UZ→EN,Choose the English word or phrase that matches the Uzbek meaning 'dam olish kuni jadval'.,teacher task,morning schedule,weekend schedule,student room,C,The English word or phrase for 'dam olish kuni jadval' is 'weekend schedule'.
855,weekend schedule,dam olish kuni jadval,Low,Daily Life,Context,The lesson uses the vocabulary item _____ in a daily life context.,morning schedule,weekend schedule,student room,teacher task,B,The best answer in this context is 'weekend schedule' (dam olish kuni jadval).
856,weekend time,dam olish kuni vaqt,Low,Daily Life,EN→UZ,Choose the best Uzbek meaning of 'weekend time'.,dam olish kuni vaqt,savol,bozor,maktab kitob,A,'weekend time' means 'dam olish kuni vaqt' in Uzbek. Remember it together with its context.
857,weekend time,dam olish kuni vaqt,Low,Daily Life,UZ→EN,Choose the English word or phrase that matches the Uzbek meaning 'dam olish kuni vaqt'.,question,market,school book,weekend time,D,The English word or phrase for 'dam olish kuni vaqt' is 'weekend time'.
858,weekend time,dam olish kuni vaqt,Low,Daily Life,Context,The lesson uses the vocabulary item _____ in a daily life context.,market,school book,weekend time,question,C,The best answer in this context is 'weekend time' (dam olish kuni vaqt).
859,weekend break,dam olish kuni tanaffus,Low,Daily Life,EN→UZ,Choose the best Uzbek meaning of 'weekend break'.,o‘quvchi mashq,dam olish kuni tanaffus,o‘qish ish,uy vazifasi qayd,B,'weekend break' means 'dam olish kuni tanaffus' in Uzbek. Remember it together with its context.
860,weekend break,dam olish kuni tanaffus,Low,Daily Life,UZ→EN,Choose the English word or phrase that matches the Uzbek meaning 'dam olish kuni tanaffus'.,weekend break,study work,homework note,student practice,A,The English word or phrase for 'dam olish kuni tanaffus' is 'weekend break'.
861,weekend break,dam olish kuni tanaffus,Low,Daily Life,Context,The lesson uses the vocabulary item _____ in a daily life context.,study work,homework note,student practice,weekend break,D,The best answer in this context is 'weekend break' (dam olish kuni tanaffus).
862,weekend plan,dam olish kuni reja,Low,Daily Life,EN→UZ,Choose the best Uzbek meaning of 'weekend plan'.,do‘st,ertaga,dam olish kuni reja,o‘quvchi,C,'weekend plan' means 'dam olish kuni reja' in Uzbek. Remember it together with its context.
863,weekend plan,dam olish kuni reja,Low,Daily Life,UZ→EN,Choose the English word or phrase that matches the Uzbek meaning 'dam olish kuni reja'.,tomorrow,weekend plan,student,friend,B,The English word or phrase for 'dam olish kuni reja' is 'weekend plan'.
864,weekend plan,dam olish kuni reja,Low,Daily Life,Context,The lesson uses the vocabulary item _____ in a daily life context.,weekend plan,student,friend,tomorrow,A,The best answer in this context is 'weekend plan' (dam olish kuni reja).
865,weekend exercise,dam olish kuni mashq,Low,Daily Life,EN→UZ,Choose the best Uzbek meaning of 'weekend exercise'.,o‘qituvchi ish,kundalik mashq,kechki vaqt,dam olish kuni mashq,D,'weekend exercise' means 'dam olish kuni mashq' in Uzbek. Remember it together with its context.
866,weekend exercise,dam olish kuni mashq,Low,Daily Life,UZ→EN,Choose the English word or phrase that matches the Uzbek meaning 'dam olish kuni mashq'.,daily exercise,evening time,weekend exercise,teacher work,C,The English word or phrase for 'dam olish kuni mashq' is 'weekend exercise'.
867,weekend exercise,dam olish kuni mashq,Low,Daily Life,Context,The lesson uses the vocabulary item _____ in a daily life context.,evening time,weekend exercise,teacher work,daily exercise,B,The best answer in this context is 'weekend exercise' (dam olish kuni mashq).
868,simple routine,oddiy tartib,Low,Daily Life,EN→UZ,Choose the best Uzbek meaning of 'simple routine'.,oddiy tartib,sayohat xarita,shahar reja,sayyohlik xizmat,A,'simple routine' means 'oddiy tartib' in Uzbek. Remember it together with its context.
869,simple routine,oddiy tartib,Low,Daily Life,UZ→EN,Choose the English word or phrase that matches the Uzbek meaning 'oddiy tartib'.,travel map,city plan,tourist service,simple routine,D,The English word or phrase for 'oddiy tartib' is 'simple routine'.
870,simple routine,oddiy tartib,Low,Daily Life,Context,The lesson uses the vocabulary item _____ in a daily life context.,city plan,tourist service,simple routine,travel map,C,The best answer in this context is 'simple routine' (oddiy tartib).
871,simple meal,oddiy ovqat,Low,Daily Life,EN→UZ,Choose the best Uzbek meaning of 'simple meal'.,muntazam jadval,oddiy ovqat,dam olish kuni tartib,oddiy reja,B,'simple meal' means 'oddiy ovqat' in Uzbek. Remember it together with its context.
872,simple meal,oddiy ovqat,Low,Daily Life,UZ→EN,Choose the English word or phrase that matches the Uzbek meaning 'oddiy ovqat'.,simple meal,weekend routine,simple plan,regular schedule,A,The English word or phrase for 'oddiy ovqat' is 'simple meal'.
873,simple meal,oddiy ovqat,Low,Daily Life,Context,The lesson uses the vocabulary item _____ in a daily life context.,weekend routine,simple plan,regular schedule,simple meal,D,The best answer in this context is 'simple meal' (oddiy ovqat).
874,simple walk,oddiy sayr,Low,Daily Life,EN→UZ,Choose the best Uzbek meaning of 'simple walk'.,muntazam odat,poyezd xarita,oddiy sayr,oddiy tanaffus,C,'simple walk' means 'oddiy sayr' in Uzbek. Remember it together with its context.
875,simple walk,oddiy sayr,Low,Daily Life,UZ→EN,Choose the English word or phrase that matches the Uzbek meaning 'oddiy sayr'.,train map,simple walk,simple break,regular habit,B,The English word or phrase for 'oddiy sayr' is 'simple walk'.
876,simple walk,oddiy sayr,Low,Daily Life,Context,The lesson uses the vocabulary item _____ in a daily life context.,simple walk,simple break,regular habit,train map,A,The best answer in this context is 'simple walk' (oddiy sayr).
877,simple activity,oddiy faoliyat,Low,Daily Life,EN→UZ,Choose the best Uzbek meaning of 'simple activity'.,ingliz tili reja,so‘z xona,o‘qish topshiriq,oddiy faoliyat,D,'simple activity' means 'oddiy faoliyat' in Uzbek. Remember it together with its context.
878,simple activity,oddiy faoliyat,Low,Daily Life,UZ→EN,Choose the English word or phrase that matches the Uzbek meaning 'oddiy faoliyat'.,word room,study task,simple activity,English plan,C,The English word or phrase for 'oddiy faoliyat' is 'simple activity'.
879,simple activity,oddiy faoliyat,Low,Daily Life,Context,The lesson uses the vocabulary item _____ in a daily life context.,study task,simple activity,English plan,word room,B,The best answer in this context is 'simple activity' (oddiy faoliyat).
880,simple habit,oddiy odat,Low,Daily Life,EN→UZ,Choose the best Uzbek meaning of 'simple habit'.,oddiy odat,savol,bozor,maktab kitob,A,'simple habit' means 'oddiy odat' in Uzbek. Remember it together with its context.
881,simple habit,oddiy odat,Low,Daily Life,UZ→EN,Choose the English word or phrase that matches the Uzbek meaning 'oddiy odat'.,question,market,school book,simple habit,D,The English word or phrase for 'oddiy odat' is 'simple habit'.
882,simple habit,oddiy odat,Low,Daily Life,Context,The lesson uses the vocabulary item _____ in a daily life context.,market,school book,simple habit,question,C,The best answer in this context is 'simple habit' (oddiy odat).
883,simple schedule,oddiy jadval,Low,Daily Life,EN→UZ,Choose the best Uzbek meaning of 'simple schedule'.,ingliz tili mashq,oddiy jadval,uxlamoq,maktab qayd,B,'simple schedule' means 'oddiy jadval' in Uzbek. Remember it together with its context.
884,simple schedule,oddiy jadval,Low,Daily Life,UZ→EN,Choose the English word or phrase that matches the Uzbek meaning 'oddiy jadval'.,simple schedule,sleep,school note,English practice,A,The English word or phrase for 'oddiy jadval' is 'simple schedule'.
885,simple schedule,oddiy jadval,Low,Daily Life,Context,The lesson uses the vocabulary item _____ in a daily life context.,sleep,school note,English practice,simple schedule,D,The best answer in this context is 'simple schedule' (oddiy jadval).
886,simple time,oddiy vaqt,Low,Daily Life,EN→UZ,Choose the best Uzbek meaning of 'simple time'.,muntazam odat,poyezd xarita,oddiy vaqt,oddiy tanaffus,C,'simple time' means 'oddiy vaqt' in Uzbek. Remember it together with its context.
887,simple time,oddiy vaqt,Low,Daily Life,UZ→EN,Choose the English word or phrase that matches the Uzbek meaning 'oddiy vaqt'.,train map,simple time,simple break,regular habit,B,The English word or phrase for 'oddiy vaqt' is 'simple time'.
888,simple time,oddiy vaqt,Low,Daily Life,Context,The lesson uses the vocabulary item _____ in a daily life context.,simple time,simple break,regular habit,train map,A,The best answer in this context is 'simple time' (oddiy vaqt).
889,simple break,oddiy tanaffus,Low,Daily Life,EN→UZ,Choose the best Uzbek meaning of 'simple break'.,maktab,oila,oldin,oddiy tanaffus,D,'simple break' means 'oddiy tanaffus' in Uzbek. Remember it together with its context.
890,simple break,oddiy tanaffus,Low,Daily Life,UZ→EN,Choose the English word or phrase that matches the Uzbek meaning 'oddiy tanaffus'.,family,before,simple break,school,C,The English word or phrase for 'oddiy tanaffus' is 'simple break'.
891,simple break,oddiy tanaffus,Low,Daily Life,Context,The lesson uses the vocabulary item _____ in a daily life context.,before,simple break,school,family,B,The best answer in this context is 'simple break' (oddiy tanaffus).
892,simple plan,oddiy reja,Low,Daily Life,EN→UZ,Choose the best Uzbek meaning of 'simple plan'.,oddiy reja,oddiy sayr,muntazam tartib,avtobus qo‘llanma,A,'simple plan' means 'oddiy reja' in Uzbek. Remember it together with its context.
893,simple plan,oddiy reja,Low,Daily Life,UZ→EN,Choose the English word or phrase that matches the Uzbek meaning 'oddiy reja'.,simple walk,regular routine,bus guide,simple plan,D,The English word or phrase for 'oddiy reja' is 'simple plan'.
894,simple plan,oddiy reja,Low,Daily Life,Context,The lesson uses the vocabulary item _____ in a daily life context.,regular routine,bus guide,simple plan,simple walk,C,The best answer in this context is 'simple plan' (oddiy reja).
895,simple exercise,oddiy mashq,Low,Daily Life,EN→UZ,Choose the best Uzbek meaning of 'simple exercise'.,o‘qish guruh,oddiy mashq,maktab vaqt,ingliz tili kitob,B,'simple exercise' means 'oddiy mashq' in Uzbek. Remember it together with its context.
896,simple exercise,oddiy mashq,Low,Daily Life,UZ→EN,Choose the English word or phrase that matches the Uzbek meaning 'oddiy mashq'.,simple exercise,school time,English book,reading group,A,The English word or phrase for 'oddiy mashq' is 'simple exercise'.
897,simple exercise,oddiy mashq,Low,Daily Life,Context,The lesson uses the vocabulary item _____ in a daily life context.,school time,English book,reading group,simple exercise,D,The best answer in this context is 'simple exercise' (oddiy mashq).
898,healthy routine,sog‘lom tartib,Low,Daily Life,EN→UZ,Choose the best Uzbek meaning of 'healthy routine'.,o‘qish qayd,o‘qish mashq,sog‘lom tartib,ingliz tili ish,C,'healthy routine' means 'sog‘lom tartib' in Uzbek. Remember it together with its context.
899,healthy routine,sog‘lom tartib,Low,Daily Life,UZ→EN,Choose the English word or phrase that matches the Uzbek meaning 'sog‘lom tartib'.,study practice,healthy routine,English work,reading note,B,The English word or phrase for 'sog‘lom tartib' is 'healthy routine'.
900,healthy routine,sog‘lom tartib,Low,Daily Life,Context,The lesson uses the vocabulary item _____ in a daily life context.,healthy routine,English work,reading note,study practice,A,The best answer in this context is 'healthy routine' (sog‘lom tartib).
901,healthy meal,sog‘lom ovqat,Low,Daily Life,EN→UZ,Choose the best Uzbek meaning of 'healthy meal'.,o‘quvchi,do‘st,ertaga,sog‘lom ovqat,D,'healthy meal' means 'sog‘lom ovqat' in Uzbek. Remember it together with its context.
902,healthy meal,sog‘lom ovqat,Low,Daily Life,UZ→EN,Choose the English word or phrase that matches the Uzbek meaning 'sog‘lom ovqat'.,friend,tomorrow,healthy meal,student,C,The English word or phrase for 'sog‘lom ovqat' is 'healthy meal'.
903,healthy meal,sog‘lom ovqat,Low,Daily Life,Context,The lesson uses the vocabulary item _____ in a daily life context.,tomorrow,healthy meal,student,friend,B,The best answer in this context is 'healthy meal' (sog‘lom ovqat).
904,healthy walk,sog‘lom sayr,Low,Daily Life,EN→UZ,Choose the best Uzbek meaning of 'healthy walk'.,sog‘lom sayr,charchagan,bugun,sinf ish,A,'healthy walk' means 'sog‘lom sayr' in Uzbek. Remember it together with its context.
905,healthy walk,sog‘lom sayr,Low,Daily Life,UZ→EN,Choose the English word or phrase that matches the Uzbek meaning 'sog‘lom sayr'.,tired,today,class work,healthy walk,D,The English word or phrase for 'sog‘lom sayr' is 'healthy walk'.
906,healthy walk,sog‘lom sayr,Low,Daily Life,Context,The lesson uses the vocabulary item _____ in a daily life context.,today,class work,healthy walk,tired,C,The best answer in this context is 'healthy walk' (sog‘lom sayr).
907,healthy activity,sog‘lom faoliyat,Low,Daily Life,EN→UZ,Choose the best Uzbek meaning of 'healthy activity'.,bo‘sh mashq,sog‘lom faoliyat,kechki jadval,oilaviy sayr,B,'healthy activity' means 'sog‘lom faoliyat' in Uzbek. Remember it together with its context.
908,healthy activity,sog‘lom faoliyat,Low,Daily Life,UZ→EN,Choose the English word or phrase that matches the Uzbek meaning 'sog‘lom faoliyat'.,healthy activity,evening schedule,family walk,free exercise,A,The English word or phrase for 'sog‘lom faoliyat' is 'healthy activity'.
909,healthy activity,sog‘lom faoliyat,Low,Daily Life,Context,The lesson uses the vocabulary item _____ in a daily life context.,evening schedule,family walk,free exercise,healthy activity,D,The best answer in this context is 'healthy activity' (sog‘lom faoliyat).
910,healthy habit,sog‘lom odat,Low,Daily Life,EN→UZ,Choose the best Uzbek meaning of 'healthy habit'.,o‘quvchi reja,kundalik ovqat,sog‘lom odat,uy vazifasi guruh,C,'healthy habit' means 'sog‘lom odat' in Uzbek. Remember it together with its context.
911,healthy habit,sog‘lom odat,Low,Daily Life,UZ→EN,Choose the English word or phrase that matches the Uzbek meaning 'sog‘lom odat'.,daily meal,healthy habit,homework group,student plan,B,The English word or phrase for 'sog‘lom odat' is 'healthy habit'.
912,healthy habit,sog‘lom odat,Low,Daily Life,Context,The lesson uses the vocabulary item _____ in a daily life context.,healthy habit,homework group,student plan,daily meal,A,The best answer in this context is 'healthy habit' (sog‘lom odat).
913,healthy schedule,sog‘lom jadval,Low,Daily Life,EN→UZ,Choose the best Uzbek meaning of 'healthy schedule'.,o‘qituvchi vaqt,ertalabki tartib,kechki tanaffus,sog‘lom jadval,D,'healthy schedule' means 'sog‘lom jadval' in Uzbek. Remember it together with its context.
914,healthy schedule,sog‘lom jadval,Low,Daily Life,UZ→EN,Choose the English word or phrase that matches the Uzbek meaning 'sog‘lom jadval'.,morning routine,evening break,healthy schedule,teacher time,C,The English word or phrase for 'sog‘lom jadval' is 'healthy schedule'.
915,healthy schedule,sog‘lom jadval,Low,Daily Life,Context,The lesson uses the vocabulary item _____ in a daily life context.,evening break,healthy schedule,teacher time,morning routine,B,The best answer in this context is 'healthy schedule' (sog‘lom jadval).
916,healthy time,sog‘lom vaqt,Low,Daily Life,EN→UZ,Choose the best Uzbek meaning of 'healthy time'.,sog‘lom vaqt,charchagan,bugun,sinf ish,A,'healthy time' means 'sog‘lom vaqt' in Uzbek. Remember it together with its context.
917,healthy time,sog‘lom vaqt,Low,Daily Life,UZ→EN,Choose the English word or phrase that matches the Uzbek meaning 'sog‘lom vaqt'.,tired,today,class work,healthy time,D,The English word or phrase for 'sog‘lom vaqt' is 'healthy time'.
918,healthy time,sog‘lom vaqt,Low,Daily Life,Context,The lesson uses the vocabulary item _____ in a daily life context.,today,class work,healthy time,tired,C,The best answer in this context is 'healthy time' (sog‘lom vaqt).
919,healthy break,sog‘lom tanaffus,Low,Daily Life,EN→UZ,Choose the best Uzbek meaning of 'healthy break'.,o‘qituvchi topshiriq,sog‘lom tanaffus,uy vazifasi reja,o‘quvchi xona,B,'healthy break' means 'sog‘lom tanaffus' in Uzbek. Remember it together with its context.
920,healthy break,sog‘lom tanaffus,Low,Daily Life,UZ→EN,Choose the English word or phrase that matches the Uzbek meaning 'sog‘lom tanaffus'.,healthy break,homework plan,student room,teacher task,A,The English word or phrase for 'sog‘lom tanaffus' is 'healthy break'.
921,healthy break,sog‘lom tanaffus,Low,Daily Life,Context,The lesson uses the vocabulary item _____ in a daily life context.,homework plan,student room,teacher task,healthy break,D,The best answer in this context is 'healthy break' (sog‘lom tanaffus).
922,healthy plan,sog‘lom reja,Low,Daily Life,EN→UZ,Choose the best Uzbek meaning of 'healthy plan'.,piyoda yurmoq,maktab topshiriq,sog‘lom reja,oson,C,'healthy plan' means 'sog‘lom reja' in Uzbek. Remember it together with its context.
923,healthy plan,sog‘lom reja,Low,Daily Life,UZ→EN,Choose the English word or phrase that matches the Uzbek meaning 'sog‘lom reja'.,school task,healthy plan,easy,walk,B,The English word or phrase for 'sog‘lom reja' is 'healthy plan'.
924,healthy plan,sog‘lom reja,Low,Daily Life,Context,The lesson uses the vocabulary item _____ in a daily life context.,healthy plan,easy,walk,school task,A,The best answer in this context is 'healthy plan' (sog‘lom reja).
925,healthy exercise,sog‘lom mashq,Low,Daily Life,EN→UZ,Choose the best Uzbek meaning of 'healthy exercise'.,kundalik odat,kechki ovqat,uy reja,sog‘lom mashq,D,'healthy exercise' means 'sog‘lom mashq' in Uzbek. Remember it together with its context.
926,healthy exercise,sog‘lom mashq,Low,Daily Life,UZ→EN,Choose the English word or phrase that matches the Uzbek meaning 'sog‘lom mashq'.,evening meal,home plan,healthy exercise,daily habit,C,The English word or phrase for 'sog‘lom mashq' is 'healthy exercise'.
927,healthy exercise,sog‘lom mashq,Low,Daily Life,Context,The lesson uses the vocabulary item _____ in a daily life context.,home plan,healthy exercise,daily habit,evening meal,B,The best answer in this context is 'healthy exercise' (sog‘lom mashq).
928,regular routine,muntazam tartib,Low,Daily Life,EN→UZ,Choose the best Uzbek meaning of 'regular routine'.,muntazam tartib,ingliz tili test,so‘z ish,o‘qish qayd,A,'regular routine' means 'muntazam tartib' in Uzbek. Remember it together with its context.
929,regular routine,muntazam tartib,Low,Daily Life,UZ→EN,Choose the English word or phrase that matches the Uzbek meaning 'muntazam tartib'.,English test,word work,study note,regular routine,D,The English word or phrase for 'muntazam tartib' is 'regular routine'.
930,regular routine,muntazam tartib,Low,Daily Life,Context,The lesson uses the vocabulary item _____ in a daily life context.,word work,study note,regular routine,English test,C,The best answer in this context is 'regular routine' (muntazam tartib).
931,regular meal,muntazam ovqat,Low,Daily Life,EN→UZ,Choose the best Uzbek meaning of 'regular meal'.,chunki,muntazam ovqat,uy vazifasi,mamlakat,B,'regular meal' means 'muntazam ovqat' in Uzbek. Remember it together with its context.
932,regular meal,muntazam ovqat,Low,Daily Life,UZ→EN,Choose the English word or phrase that matches the Uzbek meaning 'muntazam ovqat'.,regular meal,homework,country,because,A,The English word or phrase for 'muntazam ovqat' is 'regular meal'.
933,regular meal,muntazam ovqat,Low,Daily Life,Context,The lesson uses the vocabulary item _____ in a daily life context.,homework,country,because,regular meal,D,The best answer in this context is 'regular meal' (muntazam ovqat).
934,regular walk,muntazam sayr,Low,Daily Life,EN→UZ,Choose the best Uzbek meaning of 'regular walk'.,keyin,sinf test,muntazam sayr,shahar,C,'regular walk' means 'muntazam sayr' in Uzbek. Remember it together with its context.
935,regular walk,muntazam sayr,Low,Daily Life,UZ→EN,Choose the English word or phrase that matches the Uzbek meaning 'muntazam sayr'.,class test,regular walk,city,after,B,The English word or phrase for 'muntazam sayr' is 'regular walk'.
936,regular walk,muntazam sayr,Low,Daily Life,Context,The lesson uses the vocabulary item _____ in a daily life context.,regular walk,city,after,class test,A,The best answer in this context is 'regular walk' (muntazam sayr).
937,regular activity,muntazam faoliyat,Low,Daily Life,EN→UZ,Choose the best Uzbek meaning of 'regular activity'.,kechki reja,oilaviy jadval,dam olish kuni sayr,muntazam faoliyat,D,'regular activity' means 'muntazam faoliyat' in Uzbek. Remember it together with its context.
938,regular activity,muntazam faoliyat,Low,Daily Life,UZ→EN,Choose the English word or phrase that matches the Uzbek meaning 'muntazam faoliyat'.,family schedule,weekend walk,regular activity,evening plan,C,The English word or phrase for 'muntazam faoliyat' is 'regular activity'.
939,regular activity,muntazam faoliyat,Low,Daily Life,Context,The lesson uses the vocabulary item _____ in a daily life context.,weekend walk,regular activity,evening plan,family schedule,B,The best answer in this context is 'regular activity' (muntazam faoliyat).
940,regular habit,muntazam odat,Low,Daily Life,EN→UZ,Choose the best Uzbek meaning of 'regular habit'.,muntazam odat,dars kitob,o‘quvchi guruh,kundalik odat,A,'regular habit' means 'muntazam odat' in Uzbek. Remember it together with its context.
941,regular habit,muntazam odat,Low,Daily Life,UZ→EN,Choose the English word or phrase that matches the Uzbek meaning 'muntazam odat'.,lesson book,student group,daily habit,regular habit,D,The English word or phrase for 'muntazam odat' is 'regular habit'.
942,regular habit,muntazam odat,Low,Daily Life,Context,The lesson uses the vocabulary item _____ in a daily life context.,student group,daily habit,regular habit,lesson book,C,The best answer in this context is 'regular habit' (muntazam odat).
943,regular schedule,muntazam jadval,Low,Daily Life,EN→UZ,Choose the best Uzbek meaning of 'regular schedule'.,uy tartib,muntazam jadval,o‘qituvchi mashq,ertalabki faoliyat,B,'regular schedule' means 'muntazam jadval' in Uzbek. Remember it together with its context.
944,regular schedule,muntazam jadval,Low,Daily Life,UZ→EN,Choose the English word or phrase that matches the Uzbek meaning 'muntazam jadval'.,regular schedule,teacher practice,morning activity,home routine,A,The English word or phrase for 'muntazam jadval' is 'regular schedule'.
945,regular schedule,muntazam jadval,Low,Daily Life,Context,The lesson uses the vocabulary item _____ in a daily life context.,teacher practice,morning activity,home routine,regular schedule,D,The best answer in this context is 'regular schedule' (muntazam jadval).
946,regular time,muntazam vaqt,Low,Daily Life,EN→UZ,Choose the best Uzbek meaning of 'regular time'.,keyin,sinf test,muntazam vaqt,shahar,C,'regular time' means 'muntazam vaqt' in Uzbek. Remember it together with its context.
947,regular time,muntazam vaqt,Low,Daily Life,UZ→EN,Choose the English word or phrase that matches the Uzbek meaning 'muntazam vaqt'.,class test,regular time,city,after,B,The English word or phrase for 'muntazam vaqt' is 'regular time'.
948,regular time,muntazam vaqt,Low,Daily Life,Context,The lesson uses the vocabulary item _____ in a daily life context.,regular time,city,after,class test,A,The best answer in this context is 'regular time' (muntazam vaqt).
949,regular break,muntazam tanaffus,Low,Daily Life,EN→UZ,Choose the best Uzbek meaning of 'regular break'.,uy vazifasi guruh,o‘quvchi reja,kundalik ovqat,muntazam tanaffus,D,'regular break' means 'muntazam tanaffus' in Uzbek. Remember it together with its context.
950,regular break,muntazam tanaffus,Low,Daily Life,UZ→EN,Choose the English word or phrase that matches the Uzbek meaning 'muntazam tanaffus'.,student plan,daily meal,regular break,homework group,C,The English word or phrase for 'muntazam tanaffus' is 'regular break'.
951,regular break,muntazam tanaffus,Low,Daily Life,Context,The lesson uses the vocabulary item _____ in a daily life context.,daily meal,regular break,homework group,student plan,B,The best answer in this context is 'regular break' (muntazam tanaffus).
952,regular plan,muntazam reja,Low,Daily Life,EN→UZ,Choose the best Uzbek meaning of 'regular plan'.,muntazam reja,xursand,kechqurun,sinf xona,A,'regular plan' means 'muntazam reja' in Uzbek. Remember it together with its context.
953,regular plan,muntazam reja,Low,Daily Life,UZ→EN,Choose the English word or phrase that matches the Uzbek meaning 'muntazam reja'.,happy,evening,class room,regular plan,D,The English word or phrase for 'muntazam reja' is 'regular plan'.
954,regular plan,muntazam reja,Low,Daily Life,Context,The lesson uses the vocabulary item _____ in a daily life context.,evening,class room,regular plan,happy,C,The best answer in this context is 'regular plan' (muntazam reja).
955,regular exercise,muntazam mashq,Low,Daily Life,EN→UZ,Choose the best Uzbek meaning of 'regular exercise'.,oilaviy ovqat,muntazam mashq,kundalik tanaffus,kechki odat,B,'regular exercise' means 'muntazam mashq' in Uzbek. Remember it together with its context.
956,regular exercise,muntazam mashq,Low,Daily Life,UZ→EN,Choose the English word or phrase that matches the Uzbek meaning 'muntazam mashq'.,regular exercise,daily break,evening habit,family meal,A,The English word or phrase for 'muntazam mashq' is 'regular exercise'.
957,regular exercise,muntazam mashq,Low,Daily Life,Context,The lesson uses the vocabulary item _____ in a daily life context.,daily break,evening habit,family meal,regular exercise,D,The best answer in this context is 'regular exercise' (muntazam mashq).
958,bus ticket,avtobus chipta,Low,Travel,EN→UZ,Choose the best Uzbek meaning of 'bus ticket'.,o‘quvchi mashq,kundalik faoliyat,avtobus chipta,uy vazifasi qayd,C,'bus ticket' means 'avtobus chipta' in Uzbek. Remember it together with its context.
959,bus ticket,avtobus chipta,Low,Travel,UZ→EN,Choose the English word or phrase that matches the Uzbek meaning 'avtobus chipta'.,daily activity,bus ticket,homework note,student practice,B,The English word or phrase for 'avtobus chipta' is 'bus ticket'.
960,bus ticket,avtobus chipta,Low,Travel,Context,The lesson uses the vocabulary item _____ in a travel context.,bus ticket,homework note,student practice,daily activity,A,The best answer in this context is 'bus ticket' (avtobus chipta).
961,bus map,avtobus xarita,Low,Travel,EN→UZ,Choose the best Uzbek meaning of 'bus map'.,so‘z ish,o‘qish qayd,dars mashq,avtobus xarita,D,'bus map' means 'avtobus xarita' in Uzbek. Remember it together with its context.
962,bus map,avtobus xarita,Low,Travel,UZ→EN,Choose the English word or phrase that matches the Uzbek meaning 'avtobus xarita'.,study note,lesson practice,bus map,word work,C,The English word or phrase for 'avtobus xarita' is 'bus map'.
963,bus map,avtobus xarita,Low,Travel,Context,The lesson uses the vocabulary item _____ in a travel context.,lesson practice,bus map,word work,study note,B,The best answer in this context is 'bus map' (avtobus xarita).
964,bus route,avtobus yo‘nalish,Low,Travel,EN→UZ,Choose the best Uzbek meaning of 'bus route'.,avtobus yo‘nalish,do‘kon,maktab xona,sinf topshiriq,A,'bus route' means 'avtobus yo‘nalish' in Uzbek. Remember it together with its context.
965,bus route,avtobus yo‘nalish,Low,Travel,UZ→EN,Choose the English word or phrase that matches the Uzbek meaning 'avtobus yo‘nalish'.,shop,school room,class task,bus route,D,The English word or phrase for 'avtobus yo‘nalish' is 'bus route'.
966,bus route,avtobus yo‘nalish,Low,Travel,Context,The lesson uses the vocabulary item _____ in a travel context.,school room,class task,bus route,shop,C,The best answer in this context is 'bus route' (avtobus yo‘nalish).
967,bus time,avtobus vaqt,Low,Travel,EN→UZ,Choose the best Uzbek meaning of 'bus time'.,sog‘lom mashq,avtobus vaqt,bo‘sh jadval,oddiy sayr,B,'bus time' means 'avtobus vaqt' in Uzbek. Remember it together with its context.
968,bus time,avtobus vaqt,Low,Travel,UZ→EN,Choose the English word or phrase that matches the Uzbek meaning 'avtobus vaqt'.,bus time,free schedule,simple walk,healthy exercise,A,The English word or phrase for 'avtobus vaqt' is 'bus time'.
969,bus time,avtobus vaqt,Low,Travel,Context,The lesson uses the vocabulary item _____ in a travel context.,free schedule,simple walk,healthy exercise,bus time,D,The best answer in this context is 'bus time' (avtobus vaqt).
970,bus trip,avtobus safar,Low,Travel,EN→UZ,Choose the best Uzbek meaning of 'bus trip'.,sog‘lom reja,avtobus bekat,avtobus safar,oddiy ovqat,C,'bus trip' means 'avtobus safar' in Uzbek. Remember it together with its context.
971,bus trip,avtobus safar,Low,Travel,UZ→EN,Choose the English word or phrase that matches the Uzbek meaning 'avtobus safar'.,bus stop,bus trip,simple meal,healthy plan,B,The English word or phrase for 'avtobus safar' is 'bus trip'.
972,bus trip,avtobus safar,Low,Travel,Context,The lesson uses the vocabulary item _____ in a travel context.,bus trip,simple meal,healthy plan,bus stop,A,The best answer in this context is 'bus trip' (avtobus safar).
973,bus service,avtobus xizmat,Low,Travel,EN→UZ,Choose the best Uzbek meaning of 'bus service'.,oddiy reja,muntazam jadval,poyezd vaqt,avtobus xizmat,D,'bus service' means 'avtobus xizmat' in Uzbek. Remember it together with its context.
974,bus service,avtobus xizmat,Low,Travel,UZ→EN,Choose the English word or phrase that matches the Uzbek meaning 'avtobus xizmat'.,regular schedule,train time,bus service,simple plan,C,The English word or phrase for 'avtobus xizmat' is 'bus service'.
975,bus service,avtobus xizmat,Low,Travel,Context,The lesson uses the vocabulary item _____ in a travel context.,train time,bus service,simple plan,regular schedule,B,The best answer in this context is 'bus service' (avtobus xizmat).
976,bus stop,avtobus bekat,Low,Travel,EN→UZ,Choose the best Uzbek meaning of 'bus stop'.,avtobus bekat,oddiy reja,muntazam jadval,poyezd vaqt,A,'bus stop' means 'avtobus bekat' in Uzbek. Remember it together with its context.
977,bus stop,avtobus bekat,Low,Travel,UZ→EN,Choose the English word or phrase that matches the Uzbek meaning 'avtobus bekat'.,simple plan,regular schedule,train time,bus stop,D,The English word or phrase for 'avtobus bekat' is 'bus stop'.
978,bus stop,avtobus bekat,Low,Travel,Context,The lesson uses the vocabulary item _____ in a travel context.,regular schedule,train time,bus stop,simple plan,C,The best answer in this context is 'bus stop' (avtobus bekat).
979,bus guide,avtobus qo‘llanma,Low,Travel,EN→UZ,Choose the best Uzbek meaning of 'bus guide'.,avtobus,avtobus qo‘llanma,sayyohlik xarita,o‘qimoq,B,'bus guide' means 'avtobus qo‘llanma' in Uzbek. Remember it together with its context.
980,bus guide,avtobus qo‘llanma,Low,Travel,UZ→EN,Choose the English word or phrase that matches the Uzbek meaning 'avtobus qo‘llanma'.,bus guide,tourist map,read,bus,A,The English word or phrase for 'avtobus qo‘llanma' is 'bus guide'.
981,bus guide,avtobus qo‘llanma,Low,Travel,Context,The lesson uses the vocabulary item _____ in a travel context.,tourist map,read,bus,bus guide,D,The best answer in this context is 'bus guide' (avtobus qo‘llanma).
982,bus plan,avtobus reja,Low,Travel,EN→UZ,Choose the best Uzbek meaning of 'bus plan'.,dam olish kuni reja,sog‘lom jadval,avtobus reja,bo‘sh ovqat,C,'bus plan' means 'avtobus reja' in Uzbek. Remember it together with its context.
983,bus plan,avtobus reja,Low,Travel,UZ→EN,Choose the English word or phrase that matches the Uzbek meaning 'avtobus reja'.,healthy schedule,bus plan,free meal,weekend plan,B,The English word or phrase for 'avtobus reja' is 'bus plan'.
984,bus plan,avtobus reja,Low,Travel,Context,The lesson uses the vocabulary item _____ in a travel context.,bus plan,free meal,weekend plan,healthy schedule,A,The best answer in this context is 'bus plan' (avtobus reja).
985,bus information,avtobus ma’lumot,Low,Travel,EN→UZ,Choose the best Uzbek meaning of 'bus information'.,sinf guruh,o‘qish reja,o‘qish xona,avtobus ma’lumot,D,'bus information' means 'avtobus ma’lumot' in Uzbek. Remember it together with its context.
986,bus information,avtobus ma’lumot,Low,Travel,UZ→EN,Choose the English word or phrase that matches the Uzbek meaning 'avtobus ma’lumot'.,reading plan,study room,bus information,class group,C,The English word or phrase for 'avtobus ma’lumot' is 'bus information'.
987,bus information,avtobus ma’lumot,Low,Travel,Context,The lesson uses the vocabulary item _____ in a travel context.,study room,bus information,class group,reading plan,B,The best answer in this context is 'bus information' (avtobus ma’lumot).
988,train ticket,poyezd chipta,Low,Travel,EN→UZ,Choose the best Uzbek meaning of 'train ticket'.,poyezd chipta,mamlakat,chunki,sinf mashq,A,'train ticket' means 'poyezd chipta' in Uzbek. Remember it together with its context.
989,train ticket,poyezd chipta,Low,Travel,UZ→EN,Choose the English word or phrase that matches the Uzbek meaning 'poyezd chipta'.,country,because,class practice,train ticket,D,The English word or phrase for 'poyezd chipta' is 'train ticket'.
990,train ticket,poyezd chipta,Low,Travel,Context,The lesson uses the vocabulary item _____ in a travel context.,because,class practice,train ticket,country,C,The best answer in this context is 'train ticket' (poyezd chipta).
991,train map,poyezd xarita,Low,Travel,EN→UZ,Choose the best Uzbek meaning of 'train map'.,suv,poyezd xarita,sayyohlik xizmat,o‘rganmoq,B,'train map' means 'poyezd xarita' in Uzbek. Remember it together with its context.
992,train map,poyezd xarita,Low,Travel,UZ→EN,Choose the English word or phrase that matches the Uzbek meaning 'poyezd xarita'.,train map,tourist service,learn,water,A,The English word or phrase for 'poyezd xarita' is 'train map'.
993,train map,poyezd xarita,Low,Travel,Context,The lesson uses the vocabulary item _____ in a travel context.,tourist service,learn,water,train map,D,The best answer in this context is 'train map' (poyezd xarita).
994,train route,poyezd yo‘nalish,Low,Travel,EN→UZ,Choose the best Uzbek meaning of 'train route'.,poyezd safar,shahar xarita,poyezd yo‘nalish,muntazam vaqt,C,'train route' means 'poyezd yo‘nalish' in Uzbek. Remember it together with its context.
995,train route,poyezd yo‘nalish,Low,Travel,UZ→EN,Choose the English word or phrase that matches the Uzbek meaning 'poyezd yo‘nalish'.,city map,train route,regular time,train trip,B,The English word or phrase for 'poyezd yo‘nalish' is 'train route'.
996,train route,poyezd yo‘nalish,Low,Travel,Context,The lesson uses the vocabulary item _____ in a travel context.,train route,regular time,train trip,city map,A,The best answer in this context is 'train route' (poyezd yo‘nalish).
997,train time,poyezd vaqt,Low,Travel,EN→UZ,Choose the best Uzbek meaning of 'train time'.,uy vazifasi topshiriq,o‘quvchi test,kundalik sayr,poyezd vaqt,D,'train time' means 'poyezd vaqt' in Uzbek. Remember it together with its context.
998,train time,poyezd vaqt,Low,Travel,UZ→EN,Choose the English word or phrase that matches the Uzbek meaning 'poyezd vaqt'.,student test,daily walk,train time,homework task,C,The English word or phrase for 'poyezd vaqt' is 'train time'.
999,train time,poyezd vaqt,Low,Travel,Context,The lesson uses the vocabulary item _____ in a travel context.,daily walk,train time,homework task,student test,B,The best answer in this context is 'train time' (poyezd vaqt).
1000,train trip,poyezd safar,Low,Travel,EN→UZ,Choose the best Uzbek meaning of 'train trip'.,poyezd safar,o‘quvchi reja,kundalik ovqat,ertalabki reja,A,'train trip' means 'poyezd safar' in Uzbek. Remember it together with its context.
1001,train trip,poyezd safar,Low,Travel,UZ→EN,Choose the English word or phrase that matches the Uzbek meaning 'poyezd safar'.,student plan,daily meal,morning plan,train trip,D,The English word or phrase for 'poyezd safar' is 'train trip'.
1002,train trip,poyezd safar,Low,Travel,Context,The lesson uses the vocabulary item _____ in a travel context.,daily meal,morning plan,train trip,student plan,C,The best answer in this context is 'train trip' (poyezd safar).
1003,train service,poyezd xizmat,Low,Travel,EN→UZ,Choose the best Uzbek meaning of 'train service'.,kechki jadval,poyezd xizmat,o‘qituvchi xona,kundalik reja,B,'train service' means 'poyezd xizmat' in Uzbek. Remember it together with its context.
1004,train service,poyezd xizmat,Low,Travel,UZ→EN,Choose the English word or phrase that matches the Uzbek meaning 'poyezd xizmat'.,train service,teacher room,daily plan,evening schedule,A,The English word or phrase for 'poyezd xizmat' is 'train service'.
1005,train service,poyezd xizmat,Low,Travel,Context,The lesson uses the vocabulary item _____ in a travel context.,teacher room,daily plan,evening schedule,train service,D,The best answer in this context is 'train service' (poyezd xizmat).
1006,train stop,poyezd bekat,Low,Travel,EN→UZ,Choose the best Uzbek meaning of 'train stop'.,kundalik reja,kechki jadval,poyezd bekat,o‘qituvchi xona,C,'train stop' means 'poyezd bekat' in Uzbek. Remember it together with its context.
1007,train stop,poyezd bekat,Low,Travel,UZ→EN,Choose the English word or phrase that matches the Uzbek meaning 'poyezd bekat'.,evening schedule,train stop,teacher room,daily plan,B,The English word or phrase for 'poyezd bekat' is 'train stop'.
1008,train stop,poyezd bekat,Low,Travel,Context,The lesson uses the vocabulary item _____ in a travel context.,train stop,teacher room,daily plan,evening schedule,A,The best answer in this context is 'train stop' (poyezd bekat).
1009,train guide,poyezd qo‘llanma,Low,Travel,EN→UZ,Choose the best Uzbek meaning of 'train guide'.,dam olish kuni faoliyat,sog‘lom tartib,muntazam tanaffus,poyezd qo‘llanma,D,'train guide' means 'poyezd qo‘llanma' in Uzbek. Remember it together with its context.
1010,train guide,poyezd qo‘llanma,Low,Travel,UZ→EN,Choose the English word or phrase that matches the Uzbek meaning 'poyezd qo‘llanma'.,healthy routine,regular break,train guide,weekend activity,C,The English word or phrase for 'poyezd qo‘llanma' is 'train guide'.
1011,train guide,poyezd qo‘llanma,Low,Travel,Context,The lesson uses the vocabulary item _____ in a travel context.,regular break,train guide,weekend activity,healthy routine,B,The best answer in this context is 'train guide' (poyezd qo‘llanma).
1012,train plan,poyezd reja,Low,Travel,EN→UZ,Choose the best Uzbek meaning of 'train plan'.,poyezd reja,uy vazifasi reja,o‘quvchi xona,o‘qituvchi topshiriq,A,'train plan' means 'poyezd reja' in Uzbek. Remember it together with its context.
1013,train plan,poyezd reja,Low,Travel,UZ→EN,Choose the English word or phrase that matches the Uzbek meaning 'poyezd reja'.,homework plan,student room,teacher task,train plan,D,The English word or phrase for 'poyezd reja' is 'train plan'.
1014,train plan,poyezd reja,Low,Travel,Context,The lesson uses the vocabulary item _____ in a travel context.,student room,teacher task,train plan,homework plan,C,The best answer in this context is 'train plan' (poyezd reja).
1015,train information,poyezd ma’lumot,Low,Travel,EN→UZ,Choose the best Uzbek meaning of 'train information'.,sinf,poyezd ma’lumot,shahar chipta,mahalliy qo‘llanma,B,'train information' means 'poyezd ma’lumot' in Uzbek. Remember it together with its context.
1016,train information,poyezd ma’lumot,Low,Travel,UZ→EN,Choose the English word or phrase that matches the Uzbek meaning 'poyezd ma’lumot'.,train information,city ticket,local guide,class,A,The English word or phrase for 'poyezd ma’lumot' is 'train information'.
1017,train information,poyezd ma’lumot,Low,Travel,Context,The lesson uses the vocabulary item _____ in a travel context.,city ticket,local guide,class,train information,D,The best answer in this context is 'train information' (poyezd ma’lumot).
1018,travel ticket,sayohat chipta,Low,Travel,EN→UZ,Choose the best Uzbek meaning of 'travel ticket'.,ertalabki ovqat,kechki reja,sayohat chipta,o‘qituvchi reja,C,'travel ticket' means 'sayohat chipta' in Uzbek. Remember it together with its context.
1019,travel ticket,sayohat chipta,Low,Travel,UZ→EN,Choose the English word or phrase that matches the Uzbek meaning 'sayohat chipta'.,evening plan,travel ticket,teacher plan,morning meal,B,The English word or phrase for 'sayohat chipta' is 'travel ticket'.
1020,travel ticket,sayohat chipta,Low,Travel,Context,The lesson uses the vocabulary item _____ in a travel context.,travel ticket,teacher plan,morning meal,evening plan,A,The best answer in this context is 'travel ticket' (sayohat chipta).
1021,travel map,sayohat xarita,Low,Travel,EN→UZ,Choose the best Uzbek meaning of 'travel map'.,uy vazifasi guruh,o‘quvchi reja,kundalik ovqat,sayohat xarita,D,'travel map' means 'sayohat xarita' in Uzbek. Remember it together with its context.
1022,travel map,sayohat xarita,Low,Travel,UZ→EN,Choose the English word or phrase that matches the Uzbek meaning 'sayohat xarita'.,student plan,daily meal,travel map,homework group,C,The English word or phrase for 'sayohat xarita' is 'travel map'.
1023,travel map,sayohat xarita,Low,Travel,Context,The lesson uses the vocabulary item _____ in a travel context.,daily meal,travel map,homework group,student plan,B,The best answer in this context is 'travel map' (sayohat xarita).
1024,travel route,sayohat yo‘nalish,Low,Travel,EN→UZ,Choose the best Uzbek meaning of 'travel route'.,sayohat yo‘nalish,maktab qayd,ingliz tili mashq,so‘z vaqt,A,'travel route' means 'sayohat yo‘nalish' in Uzbek. Remember it together with its context.
1025,travel route,sayohat yo‘nalish,Low,Travel,UZ→EN,Choose the English word or phrase that matches the Uzbek meaning 'sayohat yo‘nalish'.,school note,English practice,word time,travel route,D,The English word or phrase for 'sayohat yo‘nalish' is 'travel route'.
1026,travel route,sayohat yo‘nalish,Low,Travel,Context,The lesson uses the vocabulary item _____ in a travel context.,English practice,word time,travel route,school note,C,The best answer in this context is 'travel route' (sayohat yo‘nalish).
1027,travel time,sayohat vaqt,Low,Travel,EN→UZ,Choose the best Uzbek meaning of 'travel time'.,poyezd safar,sayohat vaqt,sog‘lom tartib,muntazam tanaffus,B,'travel time' means 'sayohat vaqt' in Uzbek. Remember it together with its context.
1028,travel time,sayohat vaqt,Low,Travel,UZ→EN,Choose the English word or phrase that matches the Uzbek meaning 'sayohat vaqt'.,travel time,healthy routine,regular break,train trip,A,The English word or phrase for 'sayohat vaqt' is 'travel time'.
1029,travel time,sayohat vaqt,Low,Travel,Context,The lesson uses the vocabulary item _____ in a travel context.,healthy routine,regular break,train trip,travel time,D,The best answer in this context is 'travel time' (sayohat vaqt).
1030,travel trip,sayohat safar,Low,Travel,EN→UZ,Choose the best Uzbek meaning of 'travel trip'.,poyezd vaqt,shahar xarita,sayohat safar,muntazam vaqt,C,'travel trip' means 'sayohat safar' in Uzbek. Remember it together with its context.
1031,travel trip,sayohat safar,Low,Travel,UZ→EN,Choose the English word or phrase that matches the Uzbek meaning 'sayohat safar'.,city map,travel trip,regular time,train time,B,The English word or phrase for 'sayohat safar' is 'travel trip'.
1032,travel trip,sayohat safar,Low,Travel,Context,The lesson uses the vocabulary item _____ in a travel context.,travel trip,regular time,train time,city map,A,The best answer in this context is 'travel trip' (sayohat safar).
1033,travel service,sayohat xizmat,Low,Travel,EN→UZ,Choose the best Uzbek meaning of 'travel service'.,avtobus vaqt,sayohat chipta,shahar reja,sayohat xizmat,D,'travel service' means 'sayohat xizmat' in Uzbek. Remember it together with its context.
1034,travel service,sayohat xizmat,Low,Travel,UZ→EN,Choose the English word or phrase that matches the Uzbek meaning 'sayohat xizmat'.,travel ticket,city plan,travel service,bus time,C,The English word or phrase for 'sayohat xizmat' is 'travel service'.
1035,travel service,sayohat xizmat,Low,Travel,Context,The lesson uses the vocabulary item _____ in a travel context.,city plan,travel service,bus time,travel ticket,B,The best answer in this context is 'travel service' (sayohat xizmat).
1036,travel stop,sayohat bekat,Low,Travel,EN→UZ,Choose the best Uzbek meaning of 'travel stop'.,sayohat bekat,avtobus vaqt,sayohat chipta,shahar reja,A,'travel stop' means 'sayohat bekat' in Uzbek. Remember it together with its context.
1037,travel stop,sayohat bekat,Low,Travel,UZ→EN,Choose the English word or phrase that matches the Uzbek meaning 'sayohat bekat'.,bus time,travel ticket,city plan,travel stop,D,The English word or phrase for 'sayohat bekat' is 'travel stop'.
1038,travel stop,sayohat bekat,Low,Travel,Context,The lesson uses the vocabulary item _____ in a travel context.,travel ticket,city plan,travel stop,bus time,C,The best answer in this context is 'travel stop' (sayohat bekat).
1039,travel guide,sayohat qo‘llanma,Low,Travel,EN→UZ,Choose the best Uzbek meaning of 'travel guide'.,sinf kitob,sayohat qo‘llanma,muhim,ertalab,B,'travel guide' means 'sayohat qo‘llanma' in Uzbek. Remember it together with its context.
1040,travel guide,sayohat qo‘llanma,Low,Travel,UZ→EN,Choose the English word or phrase that matches the Uzbek meaning 'sayohat qo‘llanma'.,travel guide,important,morning,class book,A,The English word or phrase for 'sayohat qo‘llanma' is 'travel guide'.
1041,travel guide,sayohat qo‘llanma,Low,Travel,Context,The lesson uses the vocabulary item _____ in a travel context.,important,morning,class book,travel guide,D,The best answer in this context is 'travel guide' (sayohat qo‘llanma).
1042,travel plan,sayohat reja,Low,Travel,EN→UZ,Choose the best Uzbek meaning of 'travel plan'.,muntazam faoliyat,poyezd chipta,sayohat reja,oddiy vaqt,C,'travel plan' means 'sayohat reja' in Uzbek. Remember it together with its context.
1043,travel plan,sayohat reja,Low,Travel,UZ→EN,Choose the English word or phrase that matches the Uzbek meaning 'sayohat reja'.,train ticket,travel plan,simple time,regular activity,B,The English word or phrase for 'sayohat reja' is 'travel plan'.
1044,travel plan,sayohat reja,Low,Travel,Context,The lesson uses the vocabulary item _____ in a travel context.,travel plan,simple time,regular activity,train ticket,A,The best answer in this context is 'travel plan' (sayohat reja).
1045,travel information,sayohat ma’lumot,Low,Travel,EN→UZ,Choose the best Uzbek meaning of 'travel information'.,so‘z ish,o‘qish qayd,dars mashq,sayohat ma’lumot,D,'travel information' means 'sayohat ma’lumot' in Uzbek. Remember it together with its context.
1046,travel information,sayohat ma’lumot,Low,Travel,UZ→EN,Choose the English word or phrase that matches the Uzbek meaning 'sayohat ma’lumot'.,study note,lesson practice,travel information,word work,C,The English word or phrase for 'sayohat ma’lumot' is 'travel information'.
1047,travel information,sayohat ma’lumot,Low,Travel,Context,The lesson uses the vocabulary item _____ in a travel context.,lesson practice,travel information,word work,study note,B,The best answer in this context is 'travel information' (sayohat ma’lumot).
1048,city ticket,shahar chipta,Low,Travel,EN→UZ,Choose the best Uzbek meaning of 'city ticket'.,shahar chipta,sog‘lom tartib,muntazam tanaffus,poyezd safar,A,'city ticket' means 'shahar chipta' in Uzbek. Remember it together with its context.
1049,city ticket,shahar chipta,Low,Travel,UZ→EN,Choose the English word or phrase that matches the Uzbek meaning 'shahar chipta'.,healthy routine,regular break,train trip,city ticket,D,The English word or phrase for 'shahar chipta' is 'city ticket'.
1050,city ticket,shahar chipta,Low,Travel,Context,The lesson uses the vocabulary item _____ in a travel context.,regular break,train trip,city ticket,healthy routine,C,The best answer in this context is 'city ticket' (shahar chipta).
1051,city map,shahar xarita,Low,Travel,EN→UZ,Choose the best Uzbek meaning of 'city map'.,sog‘lom tanaffus,shahar xarita,bo‘sh faoliyat,oddiy tartib,B,'city map' means 'shahar xarita' in Uzbek. Remember it together with its context.
1052,city map,shahar xarita,Low,Travel,UZ→EN,Choose the English word or phrase that matches the Uzbek meaning 'shahar xarita'.,city map,free activity,simple routine,healthy break,A,The English word or phrase for 'shahar xarita' is 'city map'.
1053,city map,shahar xarita,Low,Travel,Context,The lesson uses the vocabulary item _____ in a travel context.,free activity,simple routine,healthy break,city map,D,The best answer in this context is 'city map' (shahar xarita).
1054,city route,shahar yo‘nalish,Low,Travel,EN→UZ,Choose the best Uzbek meaning of 'city route'.,ertalabki sayr,kechki mashq,shahar yo‘nalish,o‘qituvchi test,C,'city route' means 'shahar yo‘nalish' in Uzbek. Remember it together with its context.
1055,city route,shahar yo‘nalish,Low,Travel,UZ→EN,Choose the English word or phrase that matches the Uzbek meaning 'shahar yo‘nalish'.,evening exercise,city route,teacher test,morning walk,B,The English word or phrase for 'shahar yo‘nalish' is 'city route'.
1056,city route,shahar yo‘nalish,Low,Travel,Context,The lesson uses the vocabulary item _____ in a travel context.,city route,teacher test,morning walk,evening exercise,A,The best answer in this context is 'city route' (shahar yo‘nalish).
1057,city time,shahar vaqt,Low,Travel,EN→UZ,Choose the best Uzbek meaning of 'city time'.,javob,do‘kon,maktab xona,shahar vaqt,D,'city time' means 'shahar vaqt' in Uzbek. Remember it together with its context.
1058,city time,shahar vaqt,Low,Travel,UZ→EN,Choose the English word or phrase that matches the Uzbek meaning 'shahar vaqt'.,shop,school room,city time,answer,C,The English word or phrase for 'shahar vaqt' is 'city time'.
1059,city time,shahar vaqt,Low,Travel,Context,The lesson uses the vocabulary item _____ in a travel context.,school room,city time,answer,shop,B,The best answer in this context is 'city time' (shahar vaqt).
1060,city trip,shahar safar,Low,Travel,EN→UZ,Choose the best Uzbek meaning of 'city trip'.,shahar safar,bozor,maktab kitob,sinf guruh,A,'city trip' means 'shahar safar' in Uzbek. Remember it together with its context.
1061,city trip,shahar safar,Low,Travel,UZ→EN,Choose the English word or phrase that matches the Uzbek meaning 'shahar safar'.,market,school book,class group,city trip,D,The English word or phrase for 'shahar safar' is 'city trip'.
1062,city trip,shahar safar,Low,Travel,Context,The lesson uses the vocabulary item _____ in a travel context.,school book,class group,city trip,market,C,The best answer in this context is 'city trip' (shahar safar).
1063,city service,shahar xizmat,Low,Travel,EN→UZ,Choose the best Uzbek meaning of 'city service'.,ingliz tili reja,shahar xizmat,ovqat,maktab guruh,B,'city service' means 'shahar xizmat' in Uzbek. Remember it together with its context.
1064,city service,shahar xizmat,Low,Travel,UZ→EN,Choose the English word or phrase that matches the Uzbek meaning 'shahar xizmat'.,city service,food,school group,English plan,A,The English word or phrase for 'shahar xizmat' is 'city service'.
1065,city service,shahar xizmat,Low,Travel,Context,The lesson uses the vocabulary item _____ in a travel context.,food,school group,English plan,city service,D,The best answer in this context is 'city service' (shahar xizmat).
1066,city stop,shahar bekat,Low,Travel,EN→UZ,Choose the best Uzbek meaning of 'city stop'.,maktab guruh,ingliz tili reja,shahar bekat,ovqat,C,'city stop' means 'shahar bekat' in Uzbek. Remember it together with its context.
1067,city stop,shahar bekat,Low,Travel,UZ→EN,Choose the English word or phrase that matches the Uzbek meaning 'shahar bekat'.,English plan,city stop,food,school group,B,The English word or phrase for 'shahar bekat' is 'city stop'.
1068,city stop,shahar bekat,Low,Travel,Context,The lesson uses the vocabulary item _____ in a travel context.,city stop,food,school group,English plan,A,The best answer in this context is 'city stop' (shahar bekat).
1069,city guide,shahar qo‘llanma,Low,Travel,EN→UZ,Choose the best Uzbek meaning of 'city guide'.,uy vazifasi ish,dars qayd,o‘qituvchi mashq,shahar qo‘llanma,D,'city guide' means 'shahar qo‘llanma' in Uzbek. Remember it together with its context.
1070,city guide,shahar qo‘llanma,Low,Travel,UZ→EN,Choose the English word or phrase that matches the Uzbek meaning 'shahar qo‘llanma'.,lesson note,teacher practice,city guide,homework work,C,The English word or phrase for 'shahar qo‘llanma' is 'city guide'.
1071,city guide,shahar qo‘llanma,Low,Travel,Context,The lesson uses the vocabulary item _____ in a travel context.,teacher practice,city guide,homework work,lesson note,B,The best answer in this context is 'city guide' (shahar qo‘llanma).
1072,city plan,shahar reja,Low,Travel,EN→UZ,Choose the best Uzbek meaning of 'city plan'.,shahar reja,maktab,oila,oldin,A,'city plan' means 'shahar reja' in Uzbek. Remember it together with its context.
1073,city plan,shahar reja,Low,Travel,UZ→EN,Choose the English word or phrase that matches the Uzbek meaning 'shahar reja'.,school,family,before,city plan,D,The English word or phrase for 'shahar reja' is 'city plan'.
1074,city plan,shahar reja,Low,Travel,Context,The lesson uses the vocabulary item _____ in a travel context.,family,before,city plan,school,C,The best answer in this context is 'city plan' (shahar reja).
1075,city information,shahar ma’lumot,Low,Travel,EN→UZ,Choose the best Uzbek meaning of 'city information'.,dam olish kuni sayr,shahar ma’lumot,kechki reja,oilaviy jadval,B,'city information' means 'shahar ma’lumot' in Uzbek. Remember it together with its context.
1076,city information,shahar ma’lumot,Low,Travel,UZ→EN,Choose the English word or phrase that matches the Uzbek meaning 'shahar ma’lumot'.,city information,evening plan,family schedule,weekend walk,A,The English word or phrase for 'shahar ma’lumot' is 'city information'.
1077,city information,shahar ma’lumot,Low,Travel,Context,The lesson uses the vocabulary item _____ in a travel context.,evening plan,family schedule,weekend walk,city information,D,The best answer in this context is 'city information' (shahar ma’lumot).
1078,local ticket,mahalliy chipta,Low,Travel,EN→UZ,Choose the best Uzbek meaning of 'local ticket'.,oila,oldin,mahalliy chipta,maktab,C,'local ticket' means 'mahalliy chipta' in Uzbek. Remember it together with its context.
1079,local ticket,mahalliy chipta,Low,Travel,UZ→EN,Choose the English word or phrase that matches the Uzbek meaning 'mahalliy chipta'.,before,local ticket,school,family,B,The English word or phrase for 'mahalliy chipta' is 'local ticket'.
1080,local ticket,mahalliy chipta,Low,Travel,Context,The lesson uses the vocabulary item _____ in a travel context.,local ticket,school,family,before,A,The best answer in this context is 'local ticket' (mahalliy chipta).
1081,local map,mahalliy xarita,Low,Travel,EN→UZ,Choose the best Uzbek meaning of 'local map'.,shahar xizmat,sayyohlik vaqt,tinglamoq,mahalliy xarita,D,'local map' means 'mahalliy xarita' in Uzbek. Remember it together with its context.
1082,local map,mahalliy xarita,Low,Travel,UZ→EN,Choose the English word or phrase that matches the Uzbek meaning 'mahalliy xarita'.,tourist time,listen,local map,city service,C,The English word or phrase for 'mahalliy xarita' is 'local map'.
1083,local map,mahalliy xarita,Low,Travel,Context,The lesson uses the vocabulary item _____ in a travel context.,listen,local map,city service,tourist time,B,The best answer in this context is 'local map' (mahalliy xarita).
1084,local route,mahalliy yo‘nalish,Low,Travel,EN→UZ,Choose the best Uzbek meaning of 'local route'.,mahalliy yo‘nalish,oddiy tanaffus,muntazam odat,poyezd xarita,A,'local route' means 'mahalliy yo‘nalish' in Uzbek. Remember it together with its context.
1085,local route,mahalliy yo‘nalish,Low,Travel,UZ→EN,Choose the English word or phrase that matches the Uzbek meaning 'mahalliy yo‘nalish'.,simple break,regular habit,train map,local route,D,The English word or phrase for 'mahalliy yo‘nalish' is 'local route'.
1086,local route,mahalliy yo‘nalish,Low,Travel,Context,The lesson uses the vocabulary item _____ in a travel context.,regular habit,train map,local route,simple break,C,The best answer in this context is 'local route' (mahalliy yo‘nalish).
1087,local time,mahalliy vaqt,Low,Travel,EN→UZ,Choose the best Uzbek meaning of 'local time'.,o‘quvchi vaqt,mahalliy vaqt,so‘z qayd,uy vazifasi mashq,B,'local time' means 'mahalliy vaqt' in Uzbek. Remember it together with its context.
1088,local time,mahalliy vaqt,Low,Travel,UZ→EN,Choose the English word or phrase that matches the Uzbek meaning 'mahalliy vaqt'.,local time,word note,homework practice,student time,A,The English word or phrase for 'mahalliy vaqt' is 'local time'.
1089,local time,mahalliy vaqt,Low,Travel,Context,The lesson uses the vocabulary item _____ in a travel context.,word note,homework practice,student time,local time,D,The best answer in this context is 'local time' (mahalliy vaqt).
1090,local trip,mahalliy safar,Low,Travel,EN→UZ,Choose the best Uzbek meaning of 'local trip'.,o‘quvchi ish,o‘qituvchi qayd,mahalliy safar,uy vazifasi test,C,'local trip' means 'mahalliy safar' in Uzbek. Remember it together with its context.
1091,local trip,mahalliy safar,Low,Travel,UZ→EN,Choose the English word or phrase that matches the Uzbek meaning 'mahalliy safar'.,teacher note,local trip,homework test,student work,B,The English word or phrase for 'mahalliy safar' is 'local trip'.
1092,local trip,mahalliy safar,Low,Travel,Context,The lesson uses the vocabulary item _____ in a travel context.,local trip,homework test,student work,teacher note,A,The best answer in this context is 'local trip' (mahalliy safar).
1093,local service,mahalliy xizmat,Low,Travel,EN→UZ,Choose the best Uzbek meaning of 'local service'.,dars ish,o‘quvchi qayd,kundalik vaqt,mahalliy xizmat,D,'local service' means 'mahalliy xizmat' in Uzbek. Remember it together with its context.
1094,local service,mahalliy xizmat,Low,Travel,UZ→EN,Choose the English word or phrase that matches the Uzbek meaning 'mahalliy xizmat'.,student note,daily time,local service,lesson work,C,The English word or phrase for 'mahalliy xizmat' is 'local service'.
1095,local service,mahalliy xizmat,Low,Travel,Context,The lesson uses the vocabulary item _____ in a travel context.,daily time,local service,lesson work,student note,B,The best answer in this context is 'local service' (mahalliy xizmat).
1096,local stop,mahalliy bekat,Low,Travel,EN→UZ,Choose the best Uzbek meaning of 'local stop'.,mahalliy bekat,dars ish,o‘quvchi qayd,kundalik vaqt,A,'local stop' means 'mahalliy bekat' in Uzbek. Remember it together with its context.
1097,local stop,mahalliy bekat,Low,Travel,UZ→EN,Choose the English word or phrase that matches the Uzbek meaning 'mahalliy bekat'.,lesson work,student note,daily time,local stop,D,The English word or phrase for 'mahalliy bekat' is 'local stop'.
1098,local stop,mahalliy bekat,Low,Travel,Context,The lesson uses the vocabulary item _____ in a travel context.,student note,daily time,local stop,lesson work,C,The best answer in this context is 'local stop' (mahalliy bekat).
1099,local guide,mahalliy qo‘llanma,Low,Travel,EN→UZ,Choose the best Uzbek meaning of 'local guide'.,oddiy reja,mahalliy qo‘llanma,oilaviy odat,dam olish kuni ovqat,B,'local guide' means 'mahalliy qo‘llanma' in Uzbek. Remember it together with its context.
1100,local guide,mahalliy qo‘llanma,Low,Travel,UZ→EN,Choose the English word or phrase that matches the Uzbek meaning 'mahalliy qo‘llanma'.,local guide,family habit,weekend meal,simple plan,A,The English word or phrase for 'mahalliy qo‘llanma' is 'local guide'.
1101,local guide,mahalliy qo‘llanma,Low,Travel,Context,The lesson uses the vocabulary item _____ in a travel context.,family habit,weekend meal,simple plan,local guide,D,The best answer in this context is 'local guide' (mahalliy qo‘llanma).
1102,local plan,mahalliy reja,Low,Travel,EN→UZ,Choose the best Uzbek meaning of 'local plan'.,uy vazifasi ish,dars qayd,mahalliy reja,so‘z test,C,'local plan' means 'mahalliy reja' in Uzbek. Remember it together with its context.
1103,local plan,mahalliy reja,Low,Travel,UZ→EN,Choose the English word or phrase that matches the Uzbek meaning 'mahalliy reja'.,lesson note,local plan,word test,homework work,B,The English word or phrase for 'mahalliy reja' is 'local plan'.
1104,local plan,mahalliy reja,Low,Travel,Context,The lesson uses the vocabulary item _____ in a travel context.,local plan,word test,homework work,lesson note,A,The best answer in this context is 'local plan' (mahalliy reja).
1105,local information,mahalliy ma’lumot,Low,Travel,EN→UZ,Choose the best Uzbek meaning of 'local information'.,poyezd chipta,sayohat qo‘llanma,mahalliy safar,mahalliy ma’lumot,D,'local information' means 'mahalliy ma’lumot' in Uzbek. Remember it together with its context.
1106,local information,mahalliy ma’lumot,Low,Travel,UZ→EN,Choose the English word or phrase that matches the Uzbek meaning 'mahalliy ma’lumot'.,travel guide,local trip,local information,train ticket,C,The English word or phrase for 'mahalliy ma’lumot' is 'local information'.
1107,local information,mahalliy ma’lumot,Low,Travel,Context,The lesson uses the vocabulary item _____ in a travel context.,local trip,local information,train ticket,travel guide,B,The best answer in this context is 'local information' (mahalliy ma’lumot).
1108,tourist ticket,sayyohlik chipta,Low,Travel,EN→UZ,Choose the best Uzbek meaning of 'tourist ticket'.,sayyohlik chipta,shahar safar,sayyohlik yo‘nalish,yozmoq,A,'tourist ticket' means 'sayyohlik chipta' in Uzbek. Remember it together with its context.
1109,tourist ticket,sayyohlik chipta,Low,Travel,UZ→EN,Choose the English word or phrase that matches the Uzbek meaning 'sayyohlik chipta'.,city trip,tourist route,write,tourist ticket,D,The English word or phrase for 'sayyohlik chipta' is 'tourist ticket'.
1110,tourist ticket,sayyohlik chipta,Low,Travel,Context,The lesson uses the vocabulary item _____ in a travel context.,tourist route,write,tourist ticket,city trip,C,The best answer in this context is 'tourist ticket' (sayyohlik chipta).
1111,tourist map,sayyohlik xarita,Low,Travel,EN→UZ,Choose the best Uzbek meaning of 'tourist map'.,mahalliy xarita,sayyohlik xarita,avtobus qo‘llanma,sayohat safar,B,'tourist map' means 'sayyohlik xarita' in Uzbek. Remember it together with its context.
1112,tourist map,sayyohlik xarita,Low,Travel,UZ→EN,Choose the English word or phrase that matches the Uzbek meaning 'sayyohlik xarita'.,tourist map,bus guide,travel trip,local map,A,The English word or phrase for 'sayyohlik xarita' is 'tourist map'.
1113,tourist map,sayyohlik xarita,Low,Travel,Context,The lesson uses the vocabulary item _____ in a travel context.,bus guide,travel trip,local map,tourist map,D,The best answer in this context is 'tourist map' (sayyohlik xarita).
1114,tourist route,sayyohlik yo‘nalish,Low,Travel,EN→UZ,Choose the best Uzbek meaning of 'tourist route'.,dam olish kuni vaqt,sog‘lom faoliyat,sayyohlik yo‘nalish,oilaviy mashq,C,'tourist route' means 'sayyohlik yo‘nalish' in Uzbek. Remember it together with its context.
1115,tourist route,sayyohlik yo‘nalish,Low,Travel,UZ→EN,Choose the English word or phrase that matches the Uzbek meaning 'sayyohlik yo‘nalish'.,healthy activity,tourist route,family exercise,weekend time,B,The English word or phrase for 'sayyohlik yo‘nalish' is 'tourist route'.
1116,tourist route,sayyohlik yo‘nalish,Low,Travel,Context,The lesson uses the vocabulary item _____ in a travel context.,tourist route,family exercise,weekend time,healthy activity,A,The best answer in this context is 'tourist route' (sayyohlik yo‘nalish).
1117,tourist time,sayyohlik vaqt,Low,Travel,EN→UZ,Choose the best Uzbek meaning of 'tourist time'.,ingliz tili xona,o‘qish topshiriq,o‘qish test,sayyohlik vaqt,D,'tourist time' means 'sayyohlik vaqt' in Uzbek. Remember it together with its context.
1118,tourist time,sayyohlik vaqt,Low,Travel,UZ→EN,Choose the English word or phrase that matches the Uzbek meaning 'sayyohlik vaqt'.,reading task,study test,tourist time,English room,C,The English word or phrase for 'sayyohlik vaqt' is 'tourist time'.
1119,tourist time,sayyohlik vaqt,Low,Travel,Context,The lesson uses the vocabulary item _____ in a travel context.,study test,tourist time,English room,reading task,B,The best answer in this context is 'tourist time' (sayyohlik vaqt).
1120,tourist trip,sayyohlik safar,Low,Travel,EN→UZ,Choose the best Uzbek meaning of 'tourist trip'.,sayyohlik safar,o‘qish guruh,o‘qish reja,dars xona,A,'tourist trip' means 'sayyohlik safar' in Uzbek. Remember it together with its context.
1121,tourist trip,sayyohlik safar,Low,Travel,UZ→EN,Choose the English word or phrase that matches the Uzbek meaning 'sayyohlik safar'.,reading group,study plan,lesson room,tourist trip,D,The English word or phrase for 'sayyohlik safar' is 'tourist trip'.
1122,tourist trip,sayyohlik safar,Low,Travel,Context,The lesson uses the vocabulary item _____ in a travel context.,study plan,lesson room,tourist trip,reading group,C,The best answer in this context is 'tourist trip' (sayyohlik safar).
1123,tourist service,sayyohlik xizmat,Low,Travel,EN→UZ,Choose the best Uzbek meaning of 'tourist service'.,dars topshiriq,sayyohlik xizmat,so‘z reja,uy vazifasi xona,B,'tourist service' means 'sayyohlik xizmat' in Uzbek. Remember it together with its context.
1124,tourist service,sayyohlik xizmat,Low,Travel,UZ→EN,Choose the English word or phrase that matches the Uzbek meaning 'sayyohlik xizmat'.,tourist service,word plan,homework room,lesson task,A,The English word or phrase for 'sayyohlik xizmat' is 'tourist service'.
1125,tourist service,sayyohlik xizmat,Low,Travel,Context,The lesson uses the vocabulary item _____ in a travel context.,word plan,homework room,lesson task,tourist service,D,The best answer in this context is 'tourist service' (sayyohlik xizmat).
1126,tourist stop,sayyohlik bekat,Low,Travel,EN→UZ,Choose the best Uzbek meaning of 'tourist stop'.,uy vazifasi xona,dars topshiriq,sayyohlik bekat,so‘z reja,C,'tourist stop' means 'sayyohlik bekat' in Uzbek. Remember it together with its context.
1127,tourist stop,sayyohlik bekat,Low,Travel,UZ→EN,Choose the English word or phrase that matches the Uzbek meaning 'sayyohlik bekat'.,lesson task,tourist stop,word plan,homework room,B,The English word or phrase for 'sayyohlik bekat' is 'tourist stop'.
1128,tourist stop,sayyohlik bekat,Low,Travel,Context,The lesson uses the vocabulary item _____ in a travel context.,tourist stop,word plan,homework room,lesson task,A,The best answer in this context is 'tourist stop' (sayyohlik bekat).
1129,tourist guide,sayyohlik qo‘llanma,Low,Travel,EN→UZ,Choose the best Uzbek meaning of 'tourist guide'.,ertalabki vaqt,uy faoliyat,bo‘sh tartib,sayyohlik qo‘llanma,D,'tourist guide' means 'sayyohlik qo‘llanma' in Uzbek. Remember it together with its context.
1130,tourist guide,sayyohlik qo‘llanma,Low,Travel,UZ→EN,Choose the English word or phrase that matches the Uzbek meaning 'sayyohlik qo‘llanma'.,home activity,free routine,tourist guide,morning time,C,The English word or phrase for 'sayyohlik qo‘llanma' is 'tourist guide'.
1131,tourist guide,sayyohlik qo‘llanma,Low,Travel,Context,The lesson uses the vocabulary item _____ in a travel context.,free routine,tourist guide,morning time,home activity,B,The best answer in this context is 'tourist guide' (sayyohlik qo‘llanma).
1132,tourist plan,sayyohlik reja,Low,Travel,EN→UZ,Choose the best Uzbek meaning of 'tourist plan'.,sayyohlik reja,sinf guruh,o‘qish reja,o‘qish xona,A,'tourist plan' means 'sayyohlik reja' in Uzbek. Remember it together with its context.
1133,tourist plan,sayyohlik reja,Low,Travel,UZ→EN,Choose the English word or phrase that matches the Uzbek meaning 'sayyohlik reja'.,class group,reading plan,study room,tourist plan,D,The English word or phrase for 'sayyohlik reja' is 'tourist plan'.
1134,tourist plan,sayyohlik reja,Low,Travel,Context,The lesson uses the vocabulary item _____ in a travel context.,reading plan,study room,tourist plan,class group,C,The best answer in this context is 'tourist plan' (sayyohlik reja).
1135,tourist information,sayyohlik ma’lumot,Low,Travel,EN→UZ,Choose the best Uzbek meaning of 'tourist information'.,poyezd bekat,sayyohlik ma’lumot,sog‘lom sayr,muntazam mashq,B,'tourist information' means 'sayyohlik ma’lumot' in Uzbek. Remember it together with its context.
1136,tourist information,sayyohlik ma’lumot,Low,Travel,UZ→EN,Choose the English word or phrase that matches the Uzbek meaning 'sayyohlik ma’lumot'.,tourist information,healthy walk,regular exercise,train stop,A,The English word or phrase for 'sayyohlik ma’lumot' is 'tourist information'.
1137,tourist information,sayyohlik ma’lumot,Low,Travel,Context,The lesson uses the vocabulary item _____ in a travel context.,healthy walk,regular exercise,train stop,tourist information,D,The best answer in this context is 'tourist information' (sayyohlik ma’lumot).
1138,academic skill,akademik ko‘nikma,Medium,Education,EN→UZ,Choose the best Uzbek meaning of 'academic skill'.,texnik tarmoq,virtual qurilma,akademik ko‘nikma,xavfsiz yechim,C,'academic skill' means 'akademik ko‘nikma' in Uzbek. Remember it together with its context.
1139,academic skill,akademik ko‘nikma,Medium,Education,UZ→EN,Choose the English word or phrase that matches the Uzbek meaning 'akademik ko‘nikma'.,virtual device,academic skill,secure solution,technical network,B,The English word or phrase for 'akademik ko‘nikma' is 'academic skill'.
1140,academic skill,akademik ko‘nikma,Medium,Education,Context,The lesson uses the vocabulary item _____ in a education context.,academic skill,secure solution,technical network,virtual device,A,The best answer in this context is 'academic skill' (akademik ko‘nikma).
1141,academic practice,akademik mashq,Medium,Education,EN→UZ,Choose the best Uzbek meaning of 'academic practice'.,mustaqil natija,til rivojlanish,lug‘at strategiya,akademik mashq,D,'academic practice' means 'akademik mashq' in Uzbek. Remember it together with its context.
1142,academic practice,akademik mashq,Medium,Education,UZ→EN,Choose the English word or phrase that matches the Uzbek meaning 'akademik mashq'.,language progress,vocabulary strategy,academic practice,independent result,C,The English word or phrase for 'akademik mashq' is 'academic practice'.
1143,academic practice,akademik mashq,Medium,Education,Context,The lesson uses the vocabulary item _____ in a education context.,vocabulary strategy,academic practice,independent result,language progress,B,The best answer in this context is 'academic practice' (akademik mashq).
1144,academic task,akademik topshiriq,Medium,Education,EN→UZ,Choose the best Uzbek meaning of 'academic task'.,akademik topshiriq,muntazam maqsad,guruh baholash,o‘qish rivojlanish,A,'academic task' means 'akademik topshiriq' in Uzbek. Remember it together with its context.
1145,academic task,akademik topshiriq,Medium,Education,UZ→EN,Choose the English word or phrase that matches the Uzbek meaning 'akademik topshiriq'.,regular goal,group assessment,reading progress,academic task,D,The English word or phrase for 'akademik topshiriq' is 'academic task'.
1146,academic task,akademik topshiriq,Medium,Education,Context,The lesson uses the vocabulary item _____ in a education context.,group assessment,reading progress,academic task,regular goal,C,The best answer in this context is 'academic task' (akademik topshiriq).
1147,academic strategy,akademik strategiya,Medium,Education,EN→UZ,Choose the best Uzbek meaning of 'academic strategy'.,onlayn platforma,akademik strategiya,lug‘at fikr-mulohaza,raqamli ilova,B,'academic strategy' means 'akademik strategiya' in Uzbek. Remember it together with its context.
1148,academic strategy,akademik strategiya,Medium,Education,UZ→EN,Choose the English word or phrase that matches the Uzbek meaning 'akademik strategiya'.,academic strategy,vocabulary feedback,digital application,online platform,A,The English word or phrase for 'akademik strategiya' is 'academic strategy'.
1149,academic strategy,akademik strategiya,Medium,Education,Context,The lesson uses the vocabulary item _____ in a education context.,vocabulary feedback,digital application,online platform,academic strategy,D,The best answer in this context is 'academic strategy' (akademik strategiya).
1150,academic progress,akademik rivojlanish,Medium,Education,EN→UZ,Choose the best Uzbek meaning of 'academic progress'.,raqamli yechim,onlayn tarmoq,akademik rivojlanish,o‘rganish mashq,C,'academic progress' means 'akademik rivojlanish' in Uzbek. Remember it together with its context.
1151,academic progress,akademik rivojlanish,Medium,Education,UZ→EN,Choose the English word or phrase that matches the Uzbek meaning 'akademik rivojlanish'.,online network,academic progress,learning practice,digital solution,B,The English word or phrase for 'akademik rivojlanish' is 'academic progress'.
1152,academic progress,akademik rivojlanish,Medium,Education,Context,The lesson uses the vocabulary item _____ in a education context.,academic progress,learning practice,digital solution,online network,A,The best answer in this context is 'academic progress' (akademik rivojlanish).
1153,academic assessment,akademik baholash,Medium,Education,EN→UZ,Choose the best Uzbek meaning of 'academic assessment'.,mahalliy guruh,jamoat loyiha,madaniy qo‘llab-quvvatlash,akademik baholash,D,'academic assessment' means 'akademik baholash' in Uzbek. Remember it together with its context.
1154,academic assessment,akademik baholash,Medium,Education,UZ→EN,Choose the English word or phrase that matches the Uzbek meaning 'akademik baholash'.,public project,cultural support,academic assessment,local group,C,The English word or phrase for 'akademik baholash' is 'academic assessment'.
1155,academic assessment,akademik baholash,Medium,Education,Context,The lesson uses the vocabulary item _____ in a education context.,cultural support,academic assessment,local group,public project,B,The best answer in this context is 'academic assessment' (akademik baholash).
1156,academic method,akademik usul,Medium,Education,EN→UZ,Choose the best Uzbek meaning of 'academic method'.,akademik usul,moliyaviy model,global xarajat,mahsulot strategiya,A,'academic method' means 'akademik usul' in Uzbek. Remember it together with its context.
1157,academic method,akademik usul,Medium,Education,UZ→EN,Choose the English word or phrase that matches the Uzbek meaning 'akademik usul'.,financial model,global cost,product strategy,academic method,D,The English word or phrase for 'akademik usul' is 'academic method'.
1158,academic method,akademik usul,Medium,Education,Context,The lesson uses the vocabulary item _____ in a education context.,global cost,product strategy,academic method,financial model,C,The best answer in this context is 'academic method' (akademik usul).
1159,academic result,akademik natija,Medium,Education,EN→UZ,Choose the best Uzbek meaning of 'academic result'.,jamoat guruh,akademik natija,xizmat qaror,kompaniya xarajat,B,'academic result' means 'akademik natija' in Uzbek. Remember it together with its context.
1160,academic result,akademik natija,Medium,Education,UZ→EN,Choose the English word or phrase that matches the Uzbek meaning 'akademik natija'.,academic result,service decision,company cost,public group,A,The English word or phrase for 'akademik natija' is 'academic result'.
1161,academic result,akademik natija,Medium,Education,Context,The lesson uses the vocabulary item _____ in a education context.,service decision,company cost,public group,academic result,D,The best answer in this context is 'academic result' (akademik natija).
1162,academic goal,akademik maqsad,Medium,Education,EN→UZ,Choose the best Uzbek meaning of 'academic goal'.,muntazam fikr-mulohaza,guruh usul,akademik maqsad,amaliy topshiriq,C,'academic goal' means 'akademik maqsad' in Uzbek. Remember it together with its context.
1163,academic goal,akademik maqsad,Medium,Education,UZ→EN,Choose the English word or phrase that matches the Uzbek meaning 'akademik maqsad'.,group method,academic goal,practical task,regular feedback,B,The English word or phrase for 'akademik maqsad' is 'academic goal'.
1164,academic goal,akademik maqsad,Medium,Education,Context,The lesson uses the vocabulary item _____ in a education context.,academic goal,practical task,regular feedback,group method,A,The best answer in this context is 'academic goal' (akademik maqsad).
1165,academic feedback,akademik fikr-mulohaza,Medium,Education,EN→UZ,Choose the best Uzbek meaning of 'academic feedback'.,akademik maqsad,amaliy usul,mustaqil strategiya,akademik fikr-mulohaza,D,'academic feedback' means 'akademik fikr-mulohaza' in Uzbek. Remember it together with its context.
1166,academic feedback,akademik fikr-mulohaza,Medium,Education,UZ→EN,Choose the English word or phrase that matches the Uzbek meaning 'akademik fikr-mulohaza'.,practical method,independent strategy,academic feedback,academic goal,C,The English word or phrase for 'akademik fikr-mulohaza' is 'academic feedback'.
1167,academic feedback,akademik fikr-mulohaza,Medium,Education,Context,The lesson uses the vocabulary item _____ in a education context.,independent strategy,academic feedback,academic goal,practical method,B,The best answer in this context is 'academic feedback' (akademik fikr-mulohaza).
1168,online skill,onlayn ko‘nikma,Medium,Education,EN→UZ,Choose the best Uzbek meaning of 'online skill'.,onlayn ko‘nikma,foyda,akademik ko‘nikma,onlayn maqsad,A,'online skill' means 'onlayn ko‘nikma' in Uzbek. Remember it together with its context.
1169,online skill,onlayn ko‘nikma,Medium,Education,UZ→EN,Choose the English word or phrase that matches the Uzbek meaning 'onlayn ko‘nikma'.,benefit,academic skill,online goal,online skill,D,The English word or phrase for 'onlayn ko‘nikma' is 'online skill'.
1170,online skill,onlayn ko‘nikma,Medium,Education,Context,The lesson uses the vocabulary item _____ in a education context.,academic skill,online goal,online skill,benefit,C,The best answer in this context is 'online skill' (onlayn ko‘nikma).
1171,online practice,onlayn mashq,Medium,Education,EN→UZ,Choose the best Uzbek meaning of 'online practice'.,ijtimoiy guruh,onlayn mashq,mahsulot qaror,mahalliy o‘zgarish,B,'online practice' means 'onlayn mashq' in Uzbek. Remember it together with its context.
1172,online practice,onlayn mashq,Medium,Education,UZ→EN,Choose the English word or phrase that matches the Uzbek meaning 'onlayn mashq'.,online practice,product decision,local change,social group,A,The English word or phrase for 'onlayn mashq' is 'online practice'.
1173,online practice,onlayn mashq,Medium,Education,Context,The lesson uses the vocabulary item _____ in a education context.,product decision,local change,social group,online practice,D,The best answer in this context is 'online practice' (onlayn mashq).
1174,online task,onlayn topshiriq,Medium,Education,EN→UZ,Choose the best Uzbek meaning of 'online task'.,kompaniya reja,jamoat o‘zlik,onlayn topshiriq,xizmat imkoniyat,C,'online task' means 'onlayn topshiriq' in Uzbek. Remember it together with its context.
1175,online task,onlayn topshiriq,Medium,Education,UZ→EN,Choose the English word or phrase that matches the Uzbek meaning 'onlayn topshiriq'.,public identity,online task,service opportunity,company plan,B,The English word or phrase for 'onlayn topshiriq' is 'online task'.
1176,online task,onlayn topshiriq,Medium,Education,Context,The lesson uses the vocabulary item _____ in a education context.,online task,service opportunity,company plan,public identity,A,The best answer in this context is 'online task' (onlayn topshiriq).
1177,online strategy,onlayn strategiya,Medium,Education,EN→UZ,Choose the best Uzbek meaning of 'online strategy'.,ijtimoiy qadriyat,hamjamiyat o‘zgarish,xalqaro guruh,onlayn strategiya,D,'online strategy' means 'onlayn strategiya' in Uzbek. Remember it together with its context.
1178,online strategy,onlayn strategiya,Medium,Education,UZ→EN,Choose the English word or phrase that matches the Uzbek meaning 'onlayn strategiya'.,community change,international group,online strategy,social value,C,The English word or phrase for 'onlayn strategiya' is 'online strategy'.
1179,online strategy,onlayn strategiya,Medium,Education,Context,The lesson uses the vocabulary item _____ in a education context.,international group,online strategy,social value,community change,B,The best answer in this context is 'online strategy' (onlayn strategiya).
1180,online progress,onlayn rivojlanish,Medium,Education,EN→UZ,Choose the best Uzbek meaning of 'online progress'.,onlayn rivojlanish,madaniy xizmat,hamjamiyat mas’uliyat,yaxshilamoq,A,'online progress' means 'onlayn rivojlanish' in Uzbek. Remember it together with its context.
1181,online progress,onlayn rivojlanish,Medium,Education,UZ→EN,Choose the English word or phrase that matches the Uzbek meaning 'onlayn rivojlanish'.,cultural service,community responsibility,improve,online progress,D,The English word or phrase for 'onlayn rivojlanish' is 'online progress'.
1182,online progress,onlayn rivojlanish,Medium,Education,Context,The lesson uses the vocabulary item _____ in a education context.,community responsibility,improve,online progress,cultural service,C,The best answer in this context is 'online progress' (onlayn rivojlanish).
1183,online assessment,onlayn baholash,Medium,Education,EN→UZ,Choose the best Uzbek meaning of 'online assessment'.,bulutli qurilma,onlayn baholash,mobil yechim,avtomatlashtirilgan tarmoq,B,'online assessment' means 'onlayn baholash' in Uzbek. Remember it together with its context.
1184,online assessment,onlayn baholash,Medium,Education,UZ→EN,Choose the English word or phrase that matches the Uzbek meaning 'onlayn baholash'.,online assessment,mobile solution,automated network,cloud device,A,The English word or phrase for 'onlayn baholash' is 'online assessment'.
1185,online assessment,onlayn baholash,Medium,Education,Context,The lesson uses the vocabulary item _____ in a education context.,mobile solution,automated network,cloud device,online assessment,D,The best answer in this context is 'online assessment' (onlayn baholash).
1186,online method,onlayn usul,Medium,Education,EN→UZ,Choose the best Uzbek meaning of 'online method'.,raqamli vosita,aqlli yechim,onlayn usul,lug‘at rivojlanish,C,'online method' means 'onlayn usul' in Uzbek. Remember it together with its context.
1187,online method,onlayn usul,Medium,Education,UZ→EN,Choose the English word or phrase that matches the Uzbek meaning 'onlayn usul'.,smart solution,online method,vocabulary progress,digital tool,B,The English word or phrase for 'onlayn usul' is 'online method'.
1188,online method,onlayn usul,Medium,Education,Context,The lesson uses the vocabulary item _____ in a education context.,online method,vocabulary progress,digital tool,smart solution,A,The best answer in this context is 'online method' (onlayn usul).
1189,online result,onlayn natija,Medium,Education,EN→UZ,Choose the best Uzbek meaning of 'online result'.,aqlli xizmat,mobil vosita,xavfsiz yechim,onlayn natija,D,'online result' means 'onlayn natija' in Uzbek. Remember it together with its context.
1190,online result,onlayn natija,Medium,Education,UZ→EN,Choose the English word or phrase that matches the Uzbek meaning 'onlayn natija'.,mobile tool,secure solution,online result,smart service,C,The English word or phrase for 'onlayn natija' is 'online result'.
1191,online result,onlayn natija,Medium,Education,Context,The lesson uses the vocabulary item _____ in a education context.,secure solution,online result,smart service,mobile tool,B,The best answer in this context is 'online result' (onlayn natija).
1192,online goal,onlayn maqsad,Medium,Education,EN→UZ,Choose the best Uzbek meaning of 'online goal'.,onlayn maqsad,global talab,xizmat fikr,kompaniya model,A,'online goal' means 'onlayn maqsad' in Uzbek. Remember it together with its context.
1193,online goal,onlayn maqsad,Medium,Education,UZ→EN,Choose the English word or phrase that matches the Uzbek meaning 'onlayn maqsad'.,global demand,service feedback,company model,online goal,D,The English word or phrase for 'onlayn maqsad' is 'online goal'.
1194,online goal,onlayn maqsad,Medium,Education,Context,The lesson uses the vocabulary item _____ in a education context.,service feedback,company model,online goal,global demand,C,The best answer in this context is 'online goal' (onlayn maqsad).
1195,online feedback,onlayn fikr-mulohaza,Medium,Education,EN→UZ,Choose the best Uzbek meaning of 'online feedback'.,mahsulot daromad,onlayn fikr-mulohaza,moliyaviy imkoniyat,global model,B,'online feedback' means 'onlayn fikr-mulohaza' in Uzbek. Remember it together with its context.
1196,online feedback,onlayn fikr-mulohaza,Medium,Education,UZ→EN,Choose the English word or phrase that matches the Uzbek meaning 'onlayn fikr-mulohaza'.,online feedback,financial opportunity,global model,product revenue,A,The English word or phrase for 'onlayn fikr-mulohaza' is 'online feedback'.
1197,online feedback,onlayn fikr-mulohaza,Medium,Education,Context,The lesson uses the vocabulary item _____ in a education context.,financial opportunity,global model,product revenue,online feedback,D,The best answer in this context is 'online feedback' (onlayn fikr-mulohaza).
1198,practical skill,amaliy ko‘nikma,Medium,Education,EN→UZ,Choose the best Uzbek meaning of 'practical skill'.,mahalliy mas’uliyat,ijtimoiy masala,amaliy ko‘nikma,mahsulot fikr,C,'practical skill' means 'amaliy ko‘nikma' in Uzbek. Remember it together with its context.
1199,practical skill,amaliy ko‘nikma,Medium,Education,UZ→EN,Choose the English word or phrase that matches the Uzbek meaning 'amaliy ko‘nikma'.,social issue,practical skill,product feedback,local responsibility,B,The English word or phrase for 'amaliy ko‘nikma' is 'practical skill'.
1200,practical skill,amaliy ko‘nikma,Medium,Education,Context,The lesson uses the vocabulary item _____ in a education context.,practical skill,product feedback,local responsibility,social issue,A,The best answer in this context is 'practical skill' (amaliy ko‘nikma).
1201,practical practice,amaliy mashq,Medium,Education,EN→UZ,Choose the best Uzbek meaning of 'practical practice'.,virtual kirish,mijoz model,savdo daromad,amaliy mashq,D,'practical practice' means 'amaliy mashq' in Uzbek. Remember it together with its context.
1202,practical practice,amaliy mashq,Medium,Education,UZ→EN,Choose the English word or phrase that matches the Uzbek meaning 'amaliy mashq'.,customer model,sales revenue,practical practice,virtual access,C,The English word or phrase for 'amaliy mashq' is 'practical practice'.
1203,practical practice,amaliy mashq,Medium,Education,Context,The lesson uses the vocabulary item _____ in a education context.,sales revenue,practical practice,virtual access,customer model,B,The best answer in this context is 'practical practice' (amaliy mashq).
1204,practical task,amaliy topshiriq,Medium,Education,EN→UZ,Choose the best Uzbek meaning of 'practical task'.,amaliy topshiriq,virtual tizim,ma’lumot jarayon,bozor xarajat,A,'practical task' means 'amaliy topshiriq' in Uzbek. Remember it together with its context.
1205,practical task,amaliy topshiriq,Medium,Education,UZ→EN,Choose the English word or phrase that matches the Uzbek meaning 'amaliy topshiriq'.,virtual system,data process,market cost,practical task,D,The English word or phrase for 'amaliy topshiriq' is 'practical task'.
1206,practical task,amaliy topshiriq,Medium,Education,Context,The lesson uses the vocabulary item _____ in a education context.,data process,market cost,practical task,virtual system,C,The best answer in this context is 'practical task' (amaliy topshiriq).
1207,practical strategy,amaliy strategiya,Medium,Education,EN→UZ,Choose the best Uzbek meaning of 'practical strategy'.,global xarajat,amaliy strategiya,savdo fikr,moliyaviy model,B,'practical strategy' means 'amaliy strategiya' in Uzbek. Remember it together with its context.
1208,practical strategy,amaliy strategiya,Medium,Education,UZ→EN,Choose the English word or phrase that matches the Uzbek meaning 'amaliy strategiya'.,practical strategy,sales feedback,financial model,global cost,A,The English word or phrase for 'amaliy strategiya' is 'practical strategy'.
1209,practical strategy,amaliy strategiya,Medium,Education,Context,The lesson uses the vocabulary item _____ in a education context.,sales feedback,financial model,global cost,practical strategy,D,The best answer in this context is 'practical strategy' (amaliy strategiya).
1210,practical progress,amaliy rivojlanish,Medium,Education,EN→UZ,Choose the best Uzbek meaning of 'practical progress'.,moliyaviy imkoniyat,global model,amaliy rivojlanish,biznes strategiya,C,'practical progress' means 'amaliy rivojlanish' in Uzbek. Remember it together with its context.
1211,practical progress,amaliy rivojlanish,Medium,Education,UZ→EN,Choose the English word or phrase that matches the Uzbek meaning 'amaliy rivojlanish'.,global model,practical progress,business strategy,financial opportunity,B,The English word or phrase for 'amaliy rivojlanish' is 'practical progress'.
1212,practical progress,amaliy rivojlanish,Medium,Education,Context,The lesson uses the vocabulary item _____ in a education context.,practical progress,business strategy,financial opportunity,global model,A,The best answer in this context is 'practical progress' (amaliy rivojlanish).
1213,practical assessment,amaliy baholash,Medium,Education,EN→UZ,Choose the best Uzbek meaning of 'practical assessment'.,muntazam fikr-mulohaza,guruh usul,o‘qish baholash,amaliy baholash,D,'practical assessment' means 'amaliy baholash' in Uzbek. Remember it together with its context.
1214,practical assessment,amaliy baholash,Medium,Education,UZ→EN,Choose the English word or phrase that matches the Uzbek meaning 'amaliy baholash'.,group method,reading assessment,practical assessment,regular feedback,C,The English word or phrase for 'amaliy baholash' is 'practical assessment'.
1215,practical assessment,amaliy baholash,Medium,Education,Context,The lesson uses the vocabulary item _____ in a education context.,reading assessment,practical assessment,regular feedback,group method,B,The best answer in this context is 'practical assessment' (amaliy baholash).
1216,practical method,amaliy usul,Medium,Education,EN→UZ,Choose the best Uzbek meaning of 'practical method'.,amaliy usul,muammo,akademik mashq,onlayn maqsad,A,'practical method' means 'amaliy usul' in Uzbek. Remember it together with its context.
1217,practical method,amaliy usul,Medium,Education,UZ→EN,Choose the English word or phrase that matches the Uzbek meaning 'amaliy usul'.,problem,academic practice,online goal,practical method,D,The English word or phrase for 'amaliy usul' is 'practical method'.
1218,practical method,amaliy usul,Medium,Education,Context,The lesson uses the vocabulary item _____ in a education context.,academic practice,online goal,practical method,problem,C,The best answer in this context is 'practical method' (amaliy usul).
1219,practical result,amaliy natija,Medium,Education,EN→UZ,Choose the best Uzbek meaning of 'practical result'.,mustaqil fikr-mulohaza,amaliy natija,onlayn rivojlanish,muntazam topshiriq,B,'practical result' means 'amaliy natija' in Uzbek. Remember it together with its context.
1220,practical result,amaliy natija,Medium,Education,UZ→EN,Choose the English word or phrase that matches the Uzbek meaning 'amaliy natija'.,practical result,online progress,regular task,independent feedback,A,The English word or phrase for 'amaliy natija' is 'practical result'.
1221,practical result,amaliy natija,Medium,Education,Context,The lesson uses the vocabulary item _____ in a education context.,online progress,regular task,independent feedback,practical result,D,The best answer in this context is 'practical result' (amaliy natija).
1222,practical goal,amaliy maqsad,Medium,Education,EN→UZ,Choose the best Uzbek meaning of 'practical goal'.,virtual vosita,ma’lumot yechim,amaliy maqsad,texnik xizmat,C,'practical goal' means 'amaliy maqsad' in Uzbek. Remember it together with its context.
1223,practical goal,amaliy maqsad,Medium,Education,UZ→EN,Choose the English word or phrase that matches the Uzbek meaning 'amaliy maqsad'.,data solution,practical goal,technical service,virtual tool,B,The English word or phrase for 'amaliy maqsad' is 'practical goal'.
1224,practical goal,amaliy maqsad,Medium,Education,Context,The lesson uses the vocabulary item _____ in a education context.,practical goal,technical service,virtual tool,data solution,A,The best answer in this context is 'practical goal' (amaliy maqsad).
1225,practical feedback,amaliy fikr-mulohaza,Medium,Education,EN→UZ,Choose the best Uzbek meaning of 'practical feedback'.,avtomatlashtirilgan vosita,texnik yechim,virtual tarmoq,amaliy fikr-mulohaza,D,'practical feedback' means 'amaliy fikr-mulohaza' in Uzbek. Remember it together with its context.
1226,practical feedback,amaliy fikr-mulohaza,Medium,Education,UZ→EN,Choose the English word or phrase that matches the Uzbek meaning 'amaliy fikr-mulohaza'.,technical solution,virtual network,practical feedback,automated tool,C,The English word or phrase for 'amaliy fikr-mulohaza' is 'practical feedback'.
1227,practical feedback,amaliy fikr-mulohaza,Medium,Education,Context,The lesson uses the vocabulary item _____ in a education context.,virtual network,practical feedback,automated tool,technical solution,B,The best answer in this context is 'practical feedback' (amaliy fikr-mulohaza).
1228,regular skill,muntazam ko‘nikma,Medium,Education,EN→UZ,Choose the best Uzbek meaning of 'regular skill'.,muntazam ko‘nikma,o‘rganish baholash,aqlli qurilma,onlayn kirish,A,'regular skill' means 'muntazam ko‘nikma' in Uzbek. Remember it together with its context.
1229,regular skill,muntazam ko‘nikma,Medium,Education,UZ→EN,Choose the English word or phrase that matches the Uzbek meaning 'muntazam ko‘nikma'.,learning assessment,smart device,online access,regular skill,D,The English word or phrase for 'muntazam ko‘nikma' is 'regular skill'.
1230,regular skill,muntazam ko‘nikma,Medium,Education,Context,The lesson uses the vocabulary item _____ in a education context.,smart device,online access,regular skill,learning assessment,C,The best answer in this context is 'regular skill' (muntazam ko‘nikma).
1231,regular practice,muntazam mashq,Medium,Education,EN→UZ,Choose the best Uzbek meaning of 'regular practice'.,amaliy natija,muntazam mashq,xabar,onlayn ko‘nikma,B,'regular practice' means 'muntazam mashq' in Uzbek. Remember it together with its context.
1232,regular practice,muntazam mashq,Medium,Education,UZ→EN,Choose the English word or phrase that matches the Uzbek meaning 'muntazam mashq'.,regular practice,message,online skill,practical result,A,The English word or phrase for 'muntazam mashq' is 'regular practice'.
1233,regular practice,muntazam mashq,Medium,Education,Context,The lesson uses the vocabulary item _____ in a education context.,message,online skill,practical result,regular practice,D,The best answer in this context is 'regular practice' (muntazam mashq).
1234,regular task,muntazam topshiriq,Medium,Education,EN→UZ,Choose the best Uzbek meaning of 'regular task'.,akademik mashq,onlayn maqsad,muntazam topshiriq,muammo,C,'regular task' means 'muntazam topshiriq' in Uzbek. Remember it together with its context.
1235,regular task,muntazam topshiriq,Medium,Education,UZ→EN,Choose the English word or phrase that matches the Uzbek meaning 'muntazam topshiriq'.,online goal,regular task,problem,academic practice,B,The English word or phrase for 'muntazam topshiriq' is 'regular task'.
1236,regular task,muntazam topshiriq,Medium,Education,Context,The lesson uses the vocabulary item _____ in a education context.,regular task,problem,academic practice,online goal,A,The best answer in this context is 'regular task' (muntazam topshiriq).
1237,regular strategy,muntazam strategiya,Medium,Education,EN→UZ,Choose the best Uzbek meaning of 'regular strategy'.,muntazam rivojlanish,guruh mashq,til maqsad,muntazam strategiya,D,'regular strategy' means 'muntazam strategiya' in Uzbek. Remember it together with its context.
1238,regular strategy,muntazam strategiya,Medium,Education,UZ→EN,Choose the English word or phrase that matches the Uzbek meaning 'muntazam strategiya'.,group practice,language goal,regular strategy,regular progress,C,The English word or phrase for 'muntazam strategiya' is 'regular strategy'.
1239,regular strategy,muntazam strategiya,Medium,Education,Context,The lesson uses the vocabulary item _____ in a education context.,language goal,regular strategy,regular progress,group practice,B,The best answer in this context is 'regular strategy' (muntazam strategiya).
1240,regular progress,muntazam rivojlanish,Medium,Education,EN→UZ,Choose the best Uzbek meaning of 'regular progress'.,muntazam rivojlanish,muntazam usul,guruh strategiya,o‘qish ko‘nikma,A,'regular progress' means 'muntazam rivojlanish' in Uzbek. Remember it together with its context.
1241,regular progress,muntazam rivojlanish,Medium,Education,UZ→EN,Choose the English word or phrase that matches the Uzbek meaning 'muntazam rivojlanish'.,regular method,group strategy,reading skill,regular progress,D,The English word or phrase for 'muntazam rivojlanish' is 'regular progress'.
1242,regular progress,muntazam rivojlanish,Medium,Education,Context,The lesson uses the vocabulary item _____ in a education context.,group strategy,reading skill,regular progress,regular method,C,The best answer in this context is 'regular progress' (muntazam rivojlanish).
1243,regular assessment,muntazam baholash,Medium,Education,EN→UZ,Choose the best Uzbek meaning of 'regular assessment'.,mahsulot talab,muntazam baholash,moliyaviy qaror,global reja,B,'regular assessment' means 'muntazam baholash' in Uzbek. Remember it together with its context.
1244,regular assessment,muntazam baholash,Medium,Education,UZ→EN,Choose the English word or phrase that matches the Uzbek meaning 'muntazam baholash'.,regular assessment,financial decision,global plan,product demand,A,The English word or phrase for 'muntazam baholash' is 'regular assessment'.
1245,regular assessment,muntazam baholash,Medium,Education,Context,The lesson uses the vocabulary item _____ in a education context.,financial decision,global plan,product demand,regular assessment,D,The best answer in this context is 'regular assessment' (muntazam baholash).
1246,regular method,muntazam usul,Medium,Education,EN→UZ,Choose the best Uzbek meaning of 'regular method'.,bozor o‘sish,savdo qaror,muntazam usul,ma’lumot platforma,C,'regular method' means 'muntazam usul' in Uzbek. Remember it together with its context.
1247,regular method,muntazam usul,Medium,Education,UZ→EN,Choose the English word or phrase that matches the Uzbek meaning 'muntazam usul'.,sales decision,regular method,data platform,market growth,B,The English word or phrase for 'muntazam usul' is 'regular method'.
1248,regular method,muntazam usul,Medium,Education,Context,The lesson uses the vocabulary item _____ in a education context.,regular method,data platform,market growth,sales decision,A,The best answer in this context is 'regular method' (muntazam usul).
1249,regular result,muntazam natija,Medium,Education,EN→UZ,Choose the best Uzbek meaning of 'regular result'.,savdo daromad,moliyaviy o‘sish,mahalliy imkoniyat,muntazam natija,D,'regular result' means 'muntazam natija' in Uzbek. Remember it together with its context.
1250,regular result,muntazam natija,Medium,Education,UZ→EN,Choose the English word or phrase that matches the Uzbek meaning 'muntazam natija'.,financial growth,local opportunity,regular result,sales revenue,C,The English word or phrase for 'muntazam natija' is 'regular result'.
1251,regular result,muntazam natija,Medium,Education,Context,The lesson uses the vocabulary item _____ in a education context.,local opportunity,regular result,sales revenue,financial growth,B,The best answer in this context is 'regular result' (muntazam natija).
1252,regular goal,muntazam maqsad,Medium,Education,EN→UZ,Choose the best Uzbek meaning of 'regular goal'.,muntazam maqsad,noto‘g‘ri,yechim,akademik topshiriq,A,'regular goal' means 'muntazam maqsad' in Uzbek. Remember it together with its context.
1253,regular goal,muntazam maqsad,Medium,Education,UZ→EN,Choose the English word or phrase that matches the Uzbek meaning 'muntazam maqsad'.,incorrect,solution,academic task,regular goal,D,The English word or phrase for 'muntazam maqsad' is 'regular goal'.
1254,regular goal,muntazam maqsad,Medium,Education,Context,The lesson uses the vocabulary item _____ in a education context.,solution,academic task,regular goal,incorrect,C,The best answer in this context is 'regular goal' (muntazam maqsad).
1255,regular feedback,muntazam fikr-mulohaza,Medium,Education,EN→UZ,Choose the best Uzbek meaning of 'regular feedback'.,qurilma,muntazam fikr-mulohaza,milliy loyiha,o‘xshash,B,'regular feedback' means 'muntazam fikr-mulohaza' in Uzbek. Remember it together with its context.
1256,regular feedback,muntazam fikr-mulohaza,Medium,Education,UZ→EN,Choose the English word or phrase that matches the Uzbek meaning 'muntazam fikr-mulohaza'.,regular feedback,national project,similar,device,A,The English word or phrase for 'muntazam fikr-mulohaza' is 'regular feedback'.
1257,regular feedback,muntazam fikr-mulohaza,Medium,Education,Context,The lesson uses the vocabulary item _____ in a education context.,national project,similar,device,regular feedback,D,The best answer in this context is 'regular feedback' (muntazam fikr-mulohaza).
1258,independent skill,mustaqil ko‘nikma,Medium,Education,EN→UZ,Choose the best Uzbek meaning of 'independent skill'.,onlayn tarmoq,xavfsiz qurilma,mustaqil ko‘nikma,raqamli yechim,C,'independent skill' means 'mustaqil ko‘nikma' in Uzbek. Remember it together with its context.
1259,independent skill,mustaqil ko‘nikma,Medium,Education,UZ→EN,Choose the English word or phrase that matches the Uzbek meaning 'mustaqil ko‘nikma'.,secure device,independent skill,digital solution,online network,B,The English word or phrase for 'mustaqil ko‘nikma' is 'independent skill'.
1260,independent skill,mustaqil ko‘nikma,Medium,Education,Context,The lesson uses the vocabulary item _____ in a education context.,independent skill,digital solution,online network,secure device,A,The best answer in this context is 'independent skill' (mustaqil ko‘nikma).
1261,independent practice,mustaqil mashq,Medium,Education,EN→UZ,Choose the best Uzbek meaning of 'independent practice'.,akademik usul,amaliy strategiya,mustaqil ko‘nikma,mustaqil mashq,D,'independent practice' means 'mustaqil mashq' in Uzbek. Remember it together with its context.
1262,independent practice,mustaqil mashq,Medium,Education,UZ→EN,Choose the English word or phrase that matches the Uzbek meaning 'mustaqil mashq'.,practical strategy,independent skill,independent practice,academic method,C,The English word or phrase for 'mustaqil mashq' is 'independent practice'.
1263,independent practice,mustaqil mashq,Medium,Education,Context,The lesson uses the vocabulary item _____ in a education context.,independent skill,independent practice,academic method,practical strategy,B,The best answer in this context is 'independent practice' (mustaqil mashq).
1264,independent task,mustaqil topshiriq,Medium,Education,EN→UZ,Choose the best Uzbek meaning of 'independent task'.,mustaqil topshiriq,mijoz,onlayn rivojlanish,muntazam mashq,A,'independent task' means 'mustaqil topshiriq' in Uzbek. Remember it together with its context.
1265,independent task,mustaqil topshiriq,Medium,Education,UZ→EN,Choose the English word or phrase that matches the Uzbek meaning 'mustaqil topshiriq'.,customer,online progress,regular practice,independent task,D,The English word or phrase for 'mustaqil topshiriq' is 'independent task'.
1266,independent task,mustaqil topshiriq,Medium,Education,Context,The lesson uses the vocabulary item _____ in a education context.,online progress,regular practice,independent task,customer,C,The best answer in this context is 'independent task' (mustaqil topshiriq).
1267,independent strategy,mustaqil strategiya,Medium,Education,EN→UZ,Choose the best Uzbek meaning of 'independent strategy'.,lug‘at strategiya,mustaqil strategiya,mustaqil natija,til rivojlanish,B,'independent strategy' means 'mustaqil strategiya' in Uzbek. Remember it together with its context.
1268,independent strategy,mustaqil strategiya,Medium,Education,UZ→EN,Choose the English word or phrase that matches the Uzbek meaning 'mustaqil strategiya'.,independent strategy,independent result,language progress,vocabulary strategy,A,The English word or phrase for 'mustaqil strategiya' is 'independent strategy'.
1269,independent strategy,mustaqil strategiya,Medium,Education,Context,The lesson uses the vocabulary item _____ in a education context.,independent result,language progress,vocabulary strategy,independent strategy,D,The best answer in this context is 'independent strategy' (mustaqil strategiya).
1270,independent progress,mustaqil rivojlanish,Medium,Education,EN→UZ,Choose the best Uzbek meaning of 'independent progress'.,til usul,lug‘at baholash,mustaqil rivojlanish,mustaqil fikr-mulohaza,C,'independent progress' means 'mustaqil rivojlanish' in Uzbek. Remember it together with its context.
1271,independent progress,mustaqil rivojlanish,Medium,Education,UZ→EN,Choose the English word or phrase that matches the Uzbek meaning 'mustaqil rivojlanish'.,vocabulary assessment,independent progress,independent feedback,language method,B,The English word or phrase for 'mustaqil rivojlanish' is 'independent progress'.
1272,independent progress,mustaqil rivojlanish,Medium,Education,Context,The lesson uses the vocabulary item _____ in a education context.,independent progress,independent feedback,language method,vocabulary assessment,A,The best answer in this context is 'independent progress' (mustaqil rivojlanish).
1273,independent assessment,mustaqil baholash,Medium,Education,EN→UZ,Choose the best Uzbek meaning of 'independent assessment'.,global strategiya,xizmat imkoniyat,kompaniya reja,mustaqil baholash,D,'independent assessment' means 'mustaqil baholash' in Uzbek. Remember it together with its context.
1274,independent assessment,mustaqil baholash,Medium,Education,UZ→EN,Choose the English word or phrase that matches the Uzbek meaning 'mustaqil baholash'.,service opportunity,company plan,independent assessment,global strategy,C,The English word or phrase for 'mustaqil baholash' is 'independent assessment'.
1275,independent assessment,mustaqil baholash,Medium,Education,Context,The lesson uses the vocabulary item _____ in a education context.,company plan,independent assessment,global strategy,service opportunity,B,The best answer in this context is 'independent assessment' (mustaqil baholash).
1276,independent method,mustaqil usul,Medium,Education,EN→UZ,Choose the best Uzbek meaning of 'independent method'.,mustaqil usul,mijoz model,savdo daromad,moliyaviy o‘sish,A,'independent method' means 'mustaqil usul' in Uzbek. Remember it together with its context.
1277,independent method,mustaqil usul,Medium,Education,UZ→EN,Choose the English word or phrase that matches the Uzbek meaning 'mustaqil usul'.,customer model,sales revenue,financial growth,independent method,D,The English word or phrase for 'mustaqil usul' is 'independent method'.
1278,independent method,mustaqil usul,Medium,Education,Context,The lesson uses the vocabulary item _____ in a education context.,sales revenue,financial growth,independent method,customer model,C,The best answer in this context is 'independent method' (mustaqil usul).
1279,independent result,mustaqil natija,Medium,Education,EN→UZ,Choose the best Uzbek meaning of 'independent result'.,xizmat strategiya,mustaqil natija,biznes model,mahalliy daromad,B,'independent result' means 'mustaqil natija' in Uzbek. Remember it together with its context.
1280,independent result,mustaqil natija,Medium,Education,UZ→EN,Choose the English word or phrase that matches the Uzbek meaning 'mustaqil natija'.,independent result,business model,local revenue,service strategy,A,The English word or phrase for 'mustaqil natija' is 'independent result'.
1281,independent result,mustaqil natija,Medium,Education,Context,The lesson uses the vocabulary item _____ in a education context.,business model,local revenue,service strategy,independent result,D,The best answer in this context is 'independent result' (mustaqil natija).
1282,independent goal,mustaqil maqsad,Medium,Education,EN→UZ,Choose the best Uzbek meaning of 'independent goal'.,xizmat,onlayn baholash,mustaqil maqsad,tasvirlamoq,C,'independent goal' means 'mustaqil maqsad' in Uzbek. Remember it together with its context.
1283,independent goal,mustaqil maqsad,Medium,Education,UZ→EN,Choose the English word or phrase that matches the Uzbek meaning 'mustaqil maqsad'.,online assessment,independent goal,describe,service,B,The English word or phrase for 'mustaqil maqsad' is 'independent goal'.
1284,independent goal,mustaqil maqsad,Medium,Education,Context,The lesson uses the vocabulary item _____ in a education context.,independent goal,describe,service,online assessment,A,The best answer in this context is 'independent goal' (mustaqil maqsad).
1285,independent feedback,mustaqil fikr-mulohaza,Medium,Education,EN→UZ,Choose the best Uzbek meaning of 'independent feedback'.,noto‘g‘ri,yechim,akademik topshiriq,mustaqil fikr-mulohaza,D,'independent feedback' means 'mustaqil fikr-mulohaza' in Uzbek. Remember it together with its context.
1286,independent feedback,mustaqil fikr-mulohaza,Medium,Education,UZ→EN,Choose the English word or phrase that matches the Uzbek meaning 'mustaqil fikr-mulohaza'.,solution,academic task,independent feedback,incorrect,C,The English word or phrase for 'mustaqil fikr-mulohaza' is 'independent feedback'.
1287,independent feedback,mustaqil fikr-mulohaza,Medium,Education,Context,The lesson uses the vocabulary item _____ in a education context.,academic task,independent feedback,incorrect,solution,B,The best answer in this context is 'independent feedback' (mustaqil fikr-mulohaza).
1288,group skill,guruh ko‘nikma,Medium,Education,EN→UZ,Choose the best Uzbek meaning of 'group skill'.,guruh ko‘nikma,kompaniya imkoniyat,jamoat qo‘llab-quvvatlash,madaniy o‘zlik,A,'group skill' means 'guruh ko‘nikma' in Uzbek. Remember it together with its context.
1289,group skill,guruh ko‘nikma,Medium,Education,UZ→EN,Choose the English word or phrase that matches the Uzbek meaning 'guruh ko‘nikma'.,company opportunity,public support,cultural identity,group skill,D,The English word or phrase for 'guruh ko‘nikma' is 'group skill'.
1290,group skill,guruh ko‘nikma,Medium,Education,Context,The lesson uses the vocabulary item _____ in a education context.,public support,cultural identity,group skill,company opportunity,C,The best answer in this context is 'group skill' (guruh ko‘nikma).
1291,group practice,guruh mashq,Medium,Education,EN→UZ,Choose the best Uzbek meaning of 'group practice'.,biznes talab,guruh mashq,ma’lumot yechim,bozor reja,B,'group practice' means 'guruh mashq' in Uzbek. Remember it together with its context.
1292,group practice,guruh mashq,Medium,Education,UZ→EN,Choose the English word or phrase that matches the Uzbek meaning 'guruh mashq'.,group practice,data solution,market plan,business demand,A,The English word or phrase for 'guruh mashq' is 'group practice'.
1293,group practice,guruh mashq,Medium,Education,Context,The lesson uses the vocabulary item _____ in a education context.,data solution,market plan,business demand,group practice,D,The best answer in this context is 'group practice' (guruh mashq).
1294,group task,guruh topshiriq,Medium,Education,EN→UZ,Choose the best Uzbek meaning of 'group task'.,mijoz model,savdo daromad,guruh topshiriq,virtual kirish,C,'group task' means 'guruh topshiriq' in Uzbek. Remember it together with its context.
1295,group task,guruh topshiriq,Medium,Education,UZ→EN,Choose the English word or phrase that matches the Uzbek meaning 'guruh topshiriq'.,sales revenue,group task,virtual access,customer model,B,The English word or phrase for 'guruh topshiriq' is 'group task'.
1296,group task,guruh topshiriq,Medium,Education,Context,The lesson uses the vocabulary item _____ in a education context.,group task,virtual access,customer model,sales revenue,A,The best answer in this context is 'group task' (guruh topshiriq).
1297,group strategy,guruh strategiya,Medium,Education,EN→UZ,Choose the best Uzbek meaning of 'group strategy'.,biznes imkoniyat,mahalliy model,xizmat daromad,guruh strategiya,D,'group strategy' means 'guruh strategiya' in Uzbek. Remember it together with its context.
1298,group strategy,guruh strategiya,Medium,Education,UZ→EN,Choose the English word or phrase that matches the Uzbek meaning 'guruh strategiya'.,local model,service revenue,group strategy,business opportunity,C,The English word or phrase for 'guruh strategiya' is 'group strategy'.
1299,group strategy,guruh strategiya,Medium,Education,Context,The lesson uses the vocabulary item _____ in a education context.,service revenue,group strategy,business opportunity,local model,B,The best answer in this context is 'group strategy' (guruh strategiya).
1300,group progress,guruh rivojlanish,Medium,Education,EN→UZ,Choose the best Uzbek meaning of 'group progress'.,guruh rivojlanish,moliyaviy o‘sish,mahalliy imkoniyat,xizmat reja,A,'group progress' means 'guruh rivojlanish' in Uzbek. Remember it together with its context.
1301,group progress,guruh rivojlanish,Medium,Education,UZ→EN,Choose the English word or phrase that matches the Uzbek meaning 'guruh rivojlanish'.,financial growth,local opportunity,service plan,group progress,D,The English word or phrase for 'guruh rivojlanish' is 'group progress'.
1302,group progress,guruh rivojlanish,Medium,Education,Context,The lesson uses the vocabulary item _____ in a education context.,local opportunity,service plan,group progress,financial growth,C,The best answer in this context is 'group progress' (guruh rivojlanish).
1303,group assessment,guruh baholash,Medium,Education,EN→UZ,Choose the best Uzbek meaning of 'group assessment'.,lug‘at rivojlanish,guruh baholash,mustaqil natija,til baholash,B,'group assessment' means 'guruh baholash' in Uzbek. Remember it together with its context.
1304,group assessment,guruh baholash,Medium,Education,UZ→EN,Choose the English word or phrase that matches the Uzbek meaning 'guruh baholash'.,group assessment,independent result,language assessment,vocabulary progress,A,The English word or phrase for 'guruh baholash' is 'group assessment'.
1305,group assessment,guruh baholash,Medium,Education,Context,The lesson uses the vocabulary item _____ in a education context.,independent result,language assessment,vocabulary progress,group assessment,D,The best answer in this context is 'group assessment' (guruh baholash).
1306,group method,guruh usul,Medium,Education,EN→UZ,Choose the best Uzbek meaning of 'group method'.,onlayn ko‘nikma,amaliy natija,guruh usul,xabar,C,'group method' means 'guruh usul' in Uzbek. Remember it together with its context.
1307,group method,guruh usul,Medium,Education,UZ→EN,Choose the English word or phrase that matches the Uzbek meaning 'guruh usul'.,practical result,group method,message,online skill,B,The English word or phrase for 'guruh usul' is 'group method'.
1308,group method,guruh usul,Medium,Education,Context,The lesson uses the vocabulary item _____ in a education context.,group method,message,online skill,practical result,A,The best answer in this context is 'group method' (guruh usul).
1309,group result,guruh natija,Medium,Education,EN→UZ,Choose the best Uzbek meaning of 'group result'.,amaliy strategiya,mustaqil ko‘nikma,guruh maqsad,guruh natija,D,'group result' means 'guruh natija' in Uzbek. Remember it together with its context.
1310,group result,guruh natija,Medium,Education,UZ→EN,Choose the English word or phrase that matches the Uzbek meaning 'guruh natija'.,independent skill,group goal,group result,practical strategy,C,The English word or phrase for 'guruh natija' is 'group result'.
1311,group result,guruh natija,Medium,Education,Context,The lesson uses the vocabulary item _____ in a education context.,group goal,group result,practical strategy,independent skill,B,The best answer in this context is 'group result' (guruh natija).
1312,group goal,guruh maqsad,Medium,Education,EN→UZ,Choose the best Uzbek meaning of 'group goal'.,guruh maqsad,bulutli platforma,ma’lumot tizim,mijoz qaror,A,'group goal' means 'guruh maqsad' in Uzbek. Remember it together with its context.
1313,group goal,guruh maqsad,Medium,Education,UZ→EN,Choose the English word or phrase that matches the Uzbek meaning 'guruh maqsad'.,cloud platform,data system,customer decision,group goal,D,The English word or phrase for 'guruh maqsad' is 'group goal'.
1314,group goal,guruh maqsad,Medium,Education,Context,The lesson uses the vocabulary item _____ in a education context.,data system,customer decision,group goal,cloud platform,C,The best answer in this context is 'group goal' (guruh maqsad).
1315,group feedback,guruh fikr-mulohaza,Medium,Education,EN→UZ,Choose the best Uzbek meaning of 'group feedback'.,ma’lumot xizmat,guruh fikr-mulohaza,texnik tizim,bulutli jarayon,B,'group feedback' means 'guruh fikr-mulohaza' in Uzbek. Remember it together with its context.
1316,group feedback,guruh fikr-mulohaza,Medium,Education,UZ→EN,Choose the English word or phrase that matches the Uzbek meaning 'guruh fikr-mulohaza'.,group feedback,technical system,cloud process,data service,A,The English word or phrase for 'guruh fikr-mulohaza' is 'group feedback'.
1317,group feedback,guruh fikr-mulohaza,Medium,Education,Context,The lesson uses the vocabulary item _____ in a education context.,technical system,cloud process,data service,group feedback,D,The best answer in this context is 'group feedback' (guruh fikr-mulohaza).
1318,language skill,til ko‘nikma,Medium,Education,EN→UZ,Choose the best Uzbek meaning of 'language skill'.,ma’lumot xizmat,bozor strategiya,til ko‘nikma,bulutli jarayon,C,'language skill' means 'til ko‘nikma' in Uzbek. Remember it together with its context.
1319,language skill,til ko‘nikma,Medium,Education,UZ→EN,Choose the English word or phrase that matches the Uzbek meaning 'til ko‘nikma'.,market strategy,language skill,cloud process,data service,B,The English word or phrase for 'til ko‘nikma' is 'language skill'.
1320,language skill,til ko‘nikma,Medium,Education,Context,The lesson uses the vocabulary item _____ in a education context.,language skill,cloud process,data service,market strategy,A,The best answer in this context is 'language skill' (til ko‘nikma).
1321,language practice,til mashq,Medium,Education,EN→UZ,Choose the best Uzbek meaning of 'language practice'.,o‘qish maqsad,o‘rganish baholash,aqlli qurilma,til mashq,D,'language practice' means 'til mashq' in Uzbek. Remember it together with its context.
1322,language practice,til mashq,Medium,Education,UZ→EN,Choose the English word or phrase that matches the Uzbek meaning 'til mashq'.,learning assessment,smart device,language practice,reading goal,C,The English word or phrase for 'til mashq' is 'language practice'.
1323,language practice,til mashq,Medium,Education,Context,The lesson uses the vocabulary item _____ in a education context.,smart device,language practice,reading goal,learning assessment,B,The best answer in this context is 'language practice' (til mashq).
1324,language task,til topshiriq,Medium,Education,EN→UZ,Choose the best Uzbek meaning of 'language task'.,til topshiriq,til natija,lug‘at usul,raqamli platforma,A,'language task' means 'til topshiriq' in Uzbek. Remember it together with its context.
1325,language task,til topshiriq,Medium,Education,UZ→EN,Choose the English word or phrase that matches the Uzbek meaning 'til topshiriq'.,language result,vocabulary method,digital platform,language task,D,The English word or phrase for 'til topshiriq' is 'language task'.
1326,language task,til topshiriq,Medium,Education,Context,The lesson uses the vocabulary item _____ in a education context.,vocabulary method,digital platform,language task,language result,C,The best answer in this context is 'language task' (til topshiriq).
1327,language strategy,til strategiya,Medium,Education,EN→UZ,Choose the best Uzbek meaning of 'language strategy'.,avtomatlashtirilgan qurilma,til strategiya,aqlli yechim,mobil tarmoq,B,'language strategy' means 'til strategiya' in Uzbek. Remember it together with its context.
1328,language strategy,til strategiya,Medium,Education,UZ→EN,Choose the English word or phrase that matches the Uzbek meaning 'til strategiya'.,language strategy,smart solution,mobile network,automated device,A,The English word or phrase for 'til strategiya' is 'language strategy'.
1329,language strategy,til strategiya,Medium,Education,Context,The lesson uses the vocabulary item _____ in a education context.,smart solution,mobile network,automated device,language strategy,D,The best answer in this context is 'language strategy' (til strategiya).
1330,language progress,til rivojlanish,Medium,Education,EN→UZ,Choose the best Uzbek meaning of 'language progress'.,mobil jarayon,avtomatlashtirilgan xizmat,til rivojlanish,onlayn tizim,C,'language progress' means 'til rivojlanish' in Uzbek. Remember it together with its context.
1331,language progress,til rivojlanish,Medium,Education,UZ→EN,Choose the English word or phrase that matches the Uzbek meaning 'til rivojlanish'.,automated service,language progress,online system,mobile process,B,The English word or phrase for 'til rivojlanish' is 'language progress'.
1332,language progress,til rivojlanish,Medium,Education,Context,The lesson uses the vocabulary item _____ in a education context.,language progress,online system,mobile process,automated service,A,The best answer in this context is 'language progress' (til rivojlanish).
1333,language assessment,til baholash,Medium,Education,EN→UZ,Choose the best Uzbek meaning of 'language assessment'.,madaniy tadbir,hamjamiyat qadriyat,mashq qilmoq,til baholash,D,'language assessment' means 'til baholash' in Uzbek. Remember it together with its context.
1334,language assessment,til baholash,Medium,Education,UZ→EN,Choose the English word or phrase that matches the Uzbek meaning 'til baholash'.,community value,practice,language assessment,cultural event,C,The English word or phrase for 'til baholash' is 'language assessment'.
1335,language assessment,til baholash,Medium,Education,Context,The lesson uses the vocabulary item _____ in a education context.,practice,language assessment,cultural event,community value,B,The best answer in this context is 'language assessment' (til baholash).
1336,language method,til usul,Medium,Education,EN→UZ,Choose the best Uzbek meaning of 'language method'.,til usul,xizmat model,kompaniya daromad,jamoat tadbir,A,'language method' means 'til usul' in Uzbek. Remember it together with its context.
1337,language method,til usul,Medium,Education,UZ→EN,Choose the English word or phrase that matches the Uzbek meaning 'til usul'.,service model,company revenue,public event,language method,D,The English word or phrase for 'til usul' is 'language method'.
1338,language method,til usul,Medium,Education,Context,The lesson uses the vocabulary item _____ in a education context.,company revenue,public event,language method,service model,C,The best answer in this context is 'language method' (til usul).
1339,language result,til natija,Medium,Education,EN→UZ,Choose the best Uzbek meaning of 'language result'.,hamjamiyat tadbir,til natija,mahalliy mas’uliyat,ijtimoiy masala,B,'language result' means 'til natija' in Uzbek. Remember it together with its context.
1340,language result,til natija,Medium,Education,UZ→EN,Choose the English word or phrase that matches the Uzbek meaning 'til natija'.,language result,local responsibility,social issue,community event,A,The English word or phrase for 'til natija' is 'language result'.
1341,language result,til natija,Medium,Education,Context,The lesson uses the vocabulary item _____ in a education context.,local responsibility,social issue,community event,language result,D,The best answer in this context is 'language result' (til natija).
1342,language goal,til maqsad,Medium,Education,EN→UZ,Choose the best Uzbek meaning of 'language goal'.,til natija,lug‘at natija,til maqsad,guruh ko‘nikma,C,'language goal' means 'til maqsad' in Uzbek. Remember it together with its context.
1343,language goal,til maqsad,Medium,Education,UZ→EN,Choose the English word or phrase that matches the Uzbek meaning 'til maqsad'.,vocabulary result,language goal,group skill,language result,B,The English word or phrase for 'til maqsad' is 'language goal'.
1344,language goal,til maqsad,Medium,Education,Context,The lesson uses the vocabulary item _____ in a education context.,language goal,group skill,language result,vocabulary result,A,The best answer in this context is 'language goal' (til maqsad).
1345,language feedback,til fikr-mulohaza,Medium,Education,EN→UZ,Choose the best Uzbek meaning of 'language feedback'.,muntazam natija,guruh rivojlanish,o‘qish rivojlanish,til fikr-mulohaza,D,'language feedback' means 'til fikr-mulohaza' in Uzbek. Remember it together with its context.
1346,language feedback,til fikr-mulohaza,Medium,Education,UZ→EN,Choose the English word or phrase that matches the Uzbek meaning 'til fikr-mulohaza'.,group progress,reading progress,language feedback,regular result,C,The English word or phrase for 'til fikr-mulohaza' is 'language feedback'.
1347,language feedback,til fikr-mulohaza,Medium,Education,Context,The lesson uses the vocabulary item _____ in a education context.,reading progress,language feedback,regular result,group progress,B,The best answer in this context is 'language feedback' (til fikr-mulohaza).
1348,reading skill,o‘qish ko‘nikma,Medium,Education,EN→UZ,Choose the best Uzbek meaning of 'reading skill'.,o‘qish ko‘nikma,til maqsad,lug‘at maqsad,raqamli tarmoq,A,'reading skill' means 'o‘qish ko‘nikma' in Uzbek. Remember it together with its context.
1349,reading skill,o‘qish ko‘nikma,Medium,Education,UZ→EN,Choose the English word or phrase that matches the Uzbek meaning 'o‘qish ko‘nikma'.,language goal,vocabulary goal,digital network,reading skill,D,The English word or phrase for 'o‘qish ko‘nikma' is 'reading skill'.
1350,reading skill,o‘qish ko‘nikma,Medium,Education,Context,The lesson uses the vocabulary item _____ in a education context.,vocabulary goal,digital network,reading skill,language goal,C,The best answer in this context is 'reading skill' (o‘qish ko‘nikma).
1351,reading strategy,o‘qish strategiya,Medium,Education,EN→UZ,Choose the best Uzbek meaning of 'reading strategy'.,mustaqil strategiya,o‘qish strategiya,akademik fikr-mulohaza,amaliy usul,B,'reading strategy' means 'o‘qish strategiya' in Uzbek. Remember it together with its context.
1352,reading strategy,o‘qish strategiya,Medium,Education,UZ→EN,Choose the English word or phrase that matches the Uzbek meaning 'o‘qish strategiya'.,reading strategy,academic feedback,practical method,independent strategy,A,The English word or phrase for 'o‘qish strategiya' is 'reading strategy'.
1353,reading strategy,o‘qish strategiya,Medium,Education,Context,The lesson uses the vocabulary item _____ in a education context.,academic feedback,practical method,independent strategy,reading strategy,D,The best answer in this context is 'reading strategy' (o‘qish strategiya).
1354,reading progress,o‘qish rivojlanish,Medium,Education,EN→UZ,Choose the best Uzbek meaning of 'reading progress'.,amaliy maqsad,mustaqil baholash,o‘qish rivojlanish,onlayn mashq,C,'reading progress' means 'o‘qish rivojlanish' in Uzbek. Remember it together with its context.
1355,reading progress,o‘qish rivojlanish,Medium,Education,UZ→EN,Choose the English word or phrase that matches the Uzbek meaning 'o‘qish rivojlanish'.,independent assessment,reading progress,online practice,practical goal,B,The English word or phrase for 'o‘qish rivojlanish' is 'reading progress'.
1356,reading progress,o‘qish rivojlanish,Medium,Education,Context,The lesson uses the vocabulary item _____ in a education context.,reading progress,online practice,practical goal,independent assessment,A,The best answer in this context is 'reading progress' (o‘qish rivojlanish).
1357,reading assessment,o‘qish baholash,Medium,Education,EN→UZ,Choose the best Uzbek meaning of 'reading assessment'.,savdo daromad,moliyaviy o‘sish,mahalliy imkoniyat,o‘qish baholash,D,'reading assessment' means 'o‘qish baholash' in Uzbek. Remember it together with its context.
1358,reading assessment,o‘qish baholash,Medium,Education,UZ→EN,Choose the English word or phrase that matches the Uzbek meaning 'o‘qish baholash'.,financial growth,local opportunity,reading assessment,sales revenue,C,The English word or phrase for 'o‘qish baholash' is 'reading assessment'.
1359,reading assessment,o‘qish baholash,Medium,Education,Context,The lesson uses the vocabulary item _____ in a education context.,local opportunity,reading assessment,sales revenue,financial growth,B,The best answer in this context is 'reading assessment' (o‘qish baholash).
1360,reading method,o‘qish usul,Medium,Education,EN→UZ,Choose the best Uzbek meaning of 'reading method'.,o‘qish usul,texnik kirish,virtual ilova,mijoz daromad,A,'reading method' means 'o‘qish usul' in Uzbek. Remember it together with its context.
1361,reading method,o‘qish usul,Medium,Education,UZ→EN,Choose the English word or phrase that matches the Uzbek meaning 'o‘qish usul'.,technical access,virtual application,customer revenue,reading method,D,The English word or phrase for 'o‘qish usul' is 'reading method'.
1362,reading method,o‘qish usul,Medium,Education,Context,The lesson uses the vocabulary item _____ in a education context.,virtual application,customer revenue,reading method,technical access,C,The best answer in this context is 'reading method' (o‘qish usul).
1363,reading result,o‘qish natija,Medium,Education,EN→UZ,Choose the best Uzbek meaning of 'reading result'.,biznes daromad,o‘qish natija,ma’lumot kirish,bozor model,B,'reading result' means 'o‘qish natija' in Uzbek. Remember it together with its context.
1364,reading result,o‘qish natija,Medium,Education,UZ→EN,Choose the English word or phrase that matches the Uzbek meaning 'o‘qish natija'.,reading result,data access,market model,business revenue,A,The English word or phrase for 'o‘qish natija' is 'reading result'.
1365,reading result,o‘qish natija,Medium,Education,Context,The lesson uses the vocabulary item _____ in a education context.,data access,market model,business revenue,reading result,D,The best answer in this context is 'reading result' (o‘qish natija).
1366,reading goal,o‘qish maqsad,Medium,Education,EN→UZ,Choose the best Uzbek meaning of 'reading goal'.,mashq qilmoq,ta’sir,o‘qish maqsad,hamjamiyat qadriyat,C,'reading goal' means 'o‘qish maqsad' in Uzbek. Remember it together with its context.
1367,reading goal,o‘qish maqsad,Medium,Education,UZ→EN,Choose the English word or phrase that matches the Uzbek meaning 'o‘qish maqsad'.,effect,reading goal,community value,practice,B,The English word or phrase for 'o‘qish maqsad' is 'reading goal'.
1368,reading goal,o‘qish maqsad,Medium,Education,Context,The lesson uses the vocabulary item _____ in a education context.,reading goal,community value,practice,effect,A,The best answer in this context is 'reading goal' (o‘qish maqsad).
1369,reading feedback,o‘qish fikr-mulohaza,Medium,Education,EN→UZ,Choose the best Uzbek meaning of 'reading feedback'.,madaniy o‘zgarish,milliy guruh,natija,o‘qish fikr-mulohaza,D,'reading feedback' means 'o‘qish fikr-mulohaza' in Uzbek. Remember it together with its context.
1370,reading feedback,o‘qish fikr-mulohaza,Medium,Education,UZ→EN,Choose the English word or phrase that matches the Uzbek meaning 'o‘qish fikr-mulohaza'.,national group,result,reading feedback,cultural change,C,The English word or phrase for 'o‘qish fikr-mulohaza' is 'reading feedback'.
1371,reading feedback,o‘qish fikr-mulohaza,Medium,Education,Context,The lesson uses the vocabulary item _____ in a education context.,result,reading feedback,cultural change,national group,B,The best answer in this context is 'reading feedback' (o‘qish fikr-mulohaza).
1372,vocabulary skill,lug‘at ko‘nikma,Medium,Education,EN→UZ,Choose the best Uzbek meaning of 'vocabulary skill'.,lug‘at ko‘nikma,onlayn fikr-mulohaza,muntazam usul,guruh strategiya,A,'vocabulary skill' means 'lug‘at ko‘nikma' in Uzbek. Remember it together with its context.
1373,vocabulary skill,lug‘at ko‘nikma,Medium,Education,UZ→EN,Choose the English word or phrase that matches the Uzbek meaning 'lug‘at ko‘nikma'.,online feedback,regular method,group strategy,vocabulary skill,D,The English word or phrase for 'lug‘at ko‘nikma' is 'vocabulary skill'.
1374,vocabulary skill,lug‘at ko‘nikma,Medium,Education,Context,The lesson uses the vocabulary item _____ in a education context.,regular method,group strategy,vocabulary skill,online feedback,C,The best answer in this context is 'vocabulary skill' (lug‘at ko‘nikma).
1375,vocabulary practice,lug‘at mashq,Medium,Education,EN→UZ,Choose the best Uzbek meaning of 'vocabulary practice'.,milliy qadriyat,lug‘at mashq,ijtimoiy masala,hamjamiyat tadbir,B,'vocabulary practice' means 'lug‘at mashq' in Uzbek. Remember it together with its context.
1376,vocabulary practice,lug‘at mashq,Medium,Education,UZ→EN,Choose the English word or phrase that matches the Uzbek meaning 'lug‘at mashq'.,vocabulary practice,social issue,community event,national value,A,The English word or phrase for 'lug‘at mashq' is 'vocabulary practice'.
1377,vocabulary practice,lug‘at mashq,Medium,Education,Context,The lesson uses the vocabulary item _____ in a education context.,social issue,community event,national value,vocabulary practice,D,The best answer in this context is 'vocabulary practice' (lug‘at mashq).
1378,vocabulary task,lug‘at topshiriq,Medium,Education,EN→UZ,Choose the best Uzbek meaning of 'vocabulary task'.,madaniy guruh,hamjamiyat loyiha,lug‘at topshiriq,jamoat o‘zgarish,C,'vocabulary task' means 'lug‘at topshiriq' in Uzbek. Remember it together with its context.
1379,vocabulary task,lug‘at topshiriq,Medium,Education,UZ→EN,Choose the English word or phrase that matches the Uzbek meaning 'lug‘at topshiriq'.,community project,vocabulary task,public change,cultural group,B,The English word or phrase for 'lug‘at topshiriq' is 'vocabulary task'.
1380,vocabulary task,lug‘at topshiriq,Medium,Education,Context,The lesson uses the vocabulary item _____ in a education context.,vocabulary task,public change,cultural group,community project,A,The best answer in this context is 'vocabulary task' (lug‘at topshiriq).
1381,vocabulary strategy,lug‘at strategiya,Medium,Education,EN→UZ,Choose the best Uzbek meaning of 'vocabulary strategy'.,yaxshilamoq,sabab,hamjamiyat,lug‘at strategiya,D,'vocabulary strategy' means 'lug‘at strategiya' in Uzbek. Remember it together with its context.
1382,vocabulary strategy,lug‘at strategiya,Medium,Education,UZ→EN,Choose the English word or phrase that matches the Uzbek meaning 'lug‘at strategiya'.,reason,community,vocabulary strategy,improve,C,The English word or phrase for 'lug‘at strategiya' is 'vocabulary strategy'.
1383,vocabulary strategy,lug‘at strategiya,Medium,Education,Context,The lesson uses the vocabulary item _____ in a education context.,community,vocabulary strategy,improve,reason,B,The best answer in this context is 'vocabulary strategy' (lug‘at strategiya).
1384,vocabulary progress,lug‘at rivojlanish,Medium,Education,EN→UZ,Choose the best Uzbek meaning of 'vocabulary progress'.,lug‘at rivojlanish,takrorlamoq,dalil,biznes,A,'vocabulary progress' means 'lug‘at rivojlanish' in Uzbek. Remember it together with its context.
1385,vocabulary progress,lug‘at rivojlanish,Medium,Education,UZ→EN,Choose the English word or phrase that matches the Uzbek meaning 'lug‘at rivojlanish'.,review,evidence,business,vocabulary progress,D,The English word or phrase for 'lug‘at rivojlanish' is 'vocabulary progress'.
1386,vocabulary progress,lug‘at rivojlanish,Medium,Education,Context,The lesson uses the vocabulary item _____ in a education context.,evidence,business,vocabulary progress,review,C,The best answer in this context is 'vocabulary progress' (lug‘at rivojlanish).
1387,vocabulary assessment,lug‘at baholash,Medium,Education,EN→UZ,Choose the best Uzbek meaning of 'vocabulary assessment'.,mijoz imkoniyat,lug‘at baholash,bulutli xizmat,ma’lumot vosita,B,'vocabulary assessment' means 'lug‘at baholash' in Uzbek. Remember it together with its context.
1388,vocabulary assessment,lug‘at baholash,Medium,Education,UZ→EN,Choose the English word or phrase that matches the Uzbek meaning 'lug‘at baholash'.,vocabulary assessment,cloud service,data tool,customer opportunity,A,The English word or phrase for 'lug‘at baholash' is 'vocabulary assessment'.
1389,vocabulary assessment,lug‘at baholash,Medium,Education,Context,The lesson uses the vocabulary item _____ in a education context.,cloud service,data tool,customer opportunity,vocabulary assessment,D,The best answer in this context is 'vocabulary assessment' (lug‘at baholash).
1390,vocabulary method,lug‘at usul,Medium,Education,EN→UZ,Choose the best Uzbek meaning of 'vocabulary method'.,mobil jarayon,avtomatlashtirilgan xizmat,lug‘at usul,onlayn tizim,C,'vocabulary method' means 'lug‘at usul' in Uzbek. Remember it together with its context.
1391,vocabulary method,lug‘at usul,Medium,Education,UZ→EN,Choose the English word or phrase that matches the Uzbek meaning 'lug‘at usul'.,automated service,vocabulary method,online system,mobile process,B,The English word or phrase for 'lug‘at usul' is 'vocabulary method'.
1392,vocabulary method,lug‘at usul,Medium,Education,Context,The lesson uses the vocabulary item _____ in a education context.,vocabulary method,online system,mobile process,automated service,A,The best answer in this context is 'vocabulary method' (lug‘at usul).
1393,vocabulary result,lug‘at natija,Medium,Education,EN→UZ,Choose the best Uzbek meaning of 'vocabulary result'.,avtomatlashtirilgan tizim,texnik jarayon,virtual xizmat,lug‘at natija,D,'vocabulary result' means 'lug‘at natija' in Uzbek. Remember it together with its context.
1394,vocabulary result,lug‘at natija,Medium,Education,UZ→EN,Choose the English word or phrase that matches the Uzbek meaning 'lug‘at natija'.,technical process,virtual service,vocabulary result,automated system,C,The English word or phrase for 'lug‘at natija' is 'vocabulary result'.
1395,vocabulary result,lug‘at natija,Medium,Education,Context,The lesson uses the vocabulary item _____ in a education context.,virtual service,vocabulary result,automated system,technical process,B,The best answer in this context is 'vocabulary result' (lug‘at natija).
1396,vocabulary goal,lug‘at maqsad,Medium,Education,EN→UZ,Choose the best Uzbek meaning of 'vocabulary goal'.,lug‘at maqsad,kompaniya imkoniyat,jamoat qo‘llab-quvvatlash,madaniy o‘zlik,A,'vocabulary goal' means 'lug‘at maqsad' in Uzbek. Remember it together with its context.
1397,vocabulary goal,lug‘at maqsad,Medium,Education,UZ→EN,Choose the English word or phrase that matches the Uzbek meaning 'lug‘at maqsad'.,company opportunity,public support,cultural identity,vocabulary goal,D,The English word or phrase for 'lug‘at maqsad' is 'vocabulary goal'.
1398,vocabulary goal,lug‘at maqsad,Medium,Education,Context,The lesson uses the vocabulary item _____ in a education context.,public support,cultural identity,vocabulary goal,company opportunity,C,The best answer in this context is 'vocabulary goal' (lug‘at maqsad).
1399,vocabulary feedback,lug‘at fikr-mulohaza,Medium,Education,EN→UZ,Choose the best Uzbek meaning of 'vocabulary feedback'.,ijtimoiy xizmat,lug‘at fikr-mulohaza,mahsulot reja,mahalliy o‘zlik,B,'vocabulary feedback' means 'lug‘at fikr-mulohaza' in Uzbek. Remember it together with its context.
1400,vocabulary feedback,lug‘at fikr-mulohaza,Medium,Education,UZ→EN,Choose the English word or phrase that matches the Uzbek meaning 'lug‘at fikr-mulohaza'.,vocabulary feedback,product plan,local identity,social service,A,The English word or phrase for 'lug‘at fikr-mulohaza' is 'vocabulary feedback'.
1401,vocabulary feedback,lug‘at fikr-mulohaza,Medium,Education,Context,The lesson uses the vocabulary item _____ in a education context.,product plan,local identity,social service,vocabulary feedback,D,The best answer in this context is 'vocabulary feedback' (lug‘at fikr-mulohaza).
1402,learning skill,o‘rganish ko‘nikma,Medium,Education,EN→UZ,Choose the best Uzbek meaning of 'learning skill'.,mijoz model,savdo daromad,o‘rganish ko‘nikma,virtual kirish,C,'learning skill' means 'o‘rganish ko‘nikma' in Uzbek. Remember it together with its context.
1403,learning skill,o‘rganish ko‘nikma,Medium,Education,UZ→EN,Choose the English word or phrase that matches the Uzbek meaning 'o‘rganish ko‘nikma'.,sales revenue,learning skill,virtual access,customer model,B,The English word or phrase for 'o‘rganish ko‘nikma' is 'learning skill'.
1404,learning skill,o‘rganish ko‘nikma,Medium,Education,Context,The lesson uses the vocabulary item _____ in a education context.,learning skill,virtual access,customer model,sales revenue,A,The best answer in this context is 'learning skill' (o‘rganish ko‘nikma).
1405,learning practice,o‘rganish mashq,Medium,Education,EN→UZ,Choose the best Uzbek meaning of 'learning practice'.,lug‘at fikr-mulohaza,raqamli jarayon,onlayn xizmat,o‘rganish mashq,D,'learning practice' means 'o‘rganish mashq' in Uzbek. Remember it together with its context.
1406,learning practice,o‘rganish mashq,Medium,Education,UZ→EN,Choose the English word or phrase that matches the Uzbek meaning 'o‘rganish mashq'.,digital process,online service,learning practice,vocabulary feedback,C,The English word or phrase for 'o‘rganish mashq' is 'learning practice'.
1407,learning practice,o‘rganish mashq,Medium,Education,Context,The lesson uses the vocabulary item _____ in a education context.,online service,learning practice,vocabulary feedback,digital process,B,The best answer in this context is 'learning practice' (o‘rganish mashq).
1408,learning task,o‘rganish topshiriq,Medium,Education,EN→UZ,Choose the best Uzbek meaning of 'learning task'.,o‘rganish topshiriq,lug‘at ko‘nikma,o‘rganish maqsad,aqlli tarmoq,A,'learning task' means 'o‘rganish topshiriq' in Uzbek. Remember it together with its context.
1409,learning task,o‘rganish topshiriq,Medium,Education,UZ→EN,Choose the English word or phrase that matches the Uzbek meaning 'o‘rganish topshiriq'.,vocabulary skill,learning goal,smart network,learning task,D,The English word or phrase for 'o‘rganish topshiriq' is 'learning task'.
1410,learning task,o‘rganish topshiriq,Medium,Education,Context,The lesson uses the vocabulary item _____ in a education context.,learning goal,smart network,learning task,vocabulary skill,C,The best answer in this context is 'learning task' (o‘rganish topshiriq).
1411,learning strategy,o‘rganish strategiya,Medium,Education,EN→UZ,Choose the best Uzbek meaning of 'learning strategy'.,texnik xizmat,o‘rganish strategiya,mobil tizim,xavfsiz jarayon,B,'learning strategy' means 'o‘rganish strategiya' in Uzbek. Remember it together with its context.
1412,learning strategy,o‘rganish strategiya,Medium,Education,UZ→EN,Choose the English word or phrase that matches the Uzbek meaning 'o‘rganish strategiya'.,learning strategy,mobile system,secure process,technical service,A,The English word or phrase for 'o‘rganish strategiya' is 'learning strategy'.
1413,learning strategy,o‘rganish strategiya,Medium,Education,Context,The lesson uses the vocabulary item _____ in a education context.,mobile system,secure process,technical service,learning strategy,D,The best answer in this context is 'learning strategy' (o‘rganish strategiya).
1414,learning progress,o‘rganish rivojlanish,Medium,Education,EN→UZ,Choose the best Uzbek meaning of 'learning progress'.,xavfsiz kirish,texnik ilova,o‘rganish rivojlanish,mobil qurilma,C,'learning progress' means 'o‘rganish rivojlanish' in Uzbek. Remember it together with its context.
1415,learning progress,o‘rganish rivojlanish,Medium,Education,UZ→EN,Choose the English word or phrase that matches the Uzbek meaning 'o‘rganish rivojlanish'.,technical application,learning progress,mobile device,secure access,B,The English word or phrase for 'o‘rganish rivojlanish' is 'learning progress'.
1416,learning progress,o‘rganish rivojlanish,Medium,Education,Context,The lesson uses the vocabulary item _____ in a education context.,learning progress,mobile device,secure access,technical application,A,The best answer in this context is 'learning progress' (o‘rganish rivojlanish).
1417,learning assessment,o‘rganish baholash,Medium,Education,EN→UZ,Choose the best Uzbek meaning of 'learning assessment'.,hamjamiyat o‘zlik,xalqaro xizmat,farqli,o‘rganish baholash,D,'learning assessment' means 'o‘rganish baholash' in Uzbek. Remember it together with its context.
1418,learning assessment,o‘rganish baholash,Medium,Education,UZ→EN,Choose the English word or phrase that matches the Uzbek meaning 'o‘rganish baholash'.,international service,different,learning assessment,community identity,C,The English word or phrase for 'o‘rganish baholash' is 'learning assessment'.
1419,learning assessment,o‘rganish baholash,Medium,Education,Context,The lesson uses the vocabulary item _____ in a education context.,different,learning assessment,community identity,international service,B,The best answer in this context is 'learning assessment' (o‘rganish baholash).
1420,learning method,o‘rganish usul,Medium,Education,EN→UZ,Choose the best Uzbek meaning of 'learning method'.,o‘rganish usul,mahsulot imkoniyat,mahalliy qo‘llab-quvvatlash,ijtimoiy o‘zlik,A,'learning method' means 'o‘rganish usul' in Uzbek. Remember it together with its context.
1421,learning method,o‘rganish usul,Medium,Education,UZ→EN,Choose the English word or phrase that matches the Uzbek meaning 'o‘rganish usul'.,product opportunity,local support,social identity,learning method,D,The English word or phrase for 'o‘rganish usul' is 'learning method'.
1422,learning method,o‘rganish usul,Medium,Education,Context,The lesson uses the vocabulary item _____ in a education context.,local support,social identity,learning method,product opportunity,C,The best answer in this context is 'learning method' (o‘rganish usul).
1423,learning result,o‘rganish natija,Medium,Education,EN→UZ,Choose the best Uzbek meaning of 'learning result'.,milliy o‘zlik,o‘rganish natija,jamoat loyiha,madaniy qo‘llab-quvvatlash,B,'learning result' means 'o‘rganish natija' in Uzbek. Remember it together with its context.
1424,learning result,o‘rganish natija,Medium,Education,UZ→EN,Choose the English word or phrase that matches the Uzbek meaning 'o‘rganish natija'.,learning result,public project,cultural support,national identity,A,The English word or phrase for 'o‘rganish natija' is 'learning result'.
1425,learning result,o‘rganish natija,Medium,Education,Context,The lesson uses the vocabulary item _____ in a education context.,public project,cultural support,national identity,learning result,D,The best answer in this context is 'learning result' (o‘rganish natija).
1426,learning goal,o‘rganish maqsad,Medium,Education,EN→UZ,Choose the best Uzbek meaning of 'learning goal'.,lug‘at mashq,o‘rganish fikr-mulohaza,o‘rganish maqsad,til topshiriq,C,'learning goal' means 'o‘rganish maqsad' in Uzbek. Remember it together with its context.
1427,learning goal,o‘rganish maqsad,Medium,Education,UZ→EN,Choose the English word or phrase that matches the Uzbek meaning 'o‘rganish maqsad'.,learning feedback,learning goal,language task,vocabulary practice,B,The English word or phrase for 'o‘rganish maqsad' is 'learning goal'.
1428,learning goal,o‘rganish maqsad,Medium,Education,Context,The lesson uses the vocabulary item _____ in a education context.,learning goal,language task,vocabulary practice,learning feedback,A,The best answer in this context is 'learning goal' (o‘rganish maqsad).
1429,learning feedback,o‘rganish fikr-mulohaza,Medium,Education,EN→UZ,Choose the best Uzbek meaning of 'learning feedback'.,mustaqil fikr-mulohaza,til usul,lug‘at baholash,o‘rganish fikr-mulohaza,D,'learning feedback' means 'o‘rganish fikr-mulohaza' in Uzbek. Remember it together with its context.
1430,learning feedback,o‘rganish fikr-mulohaza,Medium,Education,UZ→EN,Choose the English word or phrase that matches the Uzbek meaning 'o‘rganish fikr-mulohaza'.,language method,vocabulary assessment,learning feedback,independent feedback,C,The English word or phrase for 'o‘rganish fikr-mulohaza' is 'learning feedback'.
1431,learning feedback,o‘rganish fikr-mulohaza,Medium,Education,Context,The lesson uses the vocabulary item _____ in a education context.,vocabulary assessment,learning feedback,independent feedback,language method,B,The best answer in this context is 'learning feedback' (o‘rganish fikr-mulohaza).
1432,digital system,raqamli tizim,Medium,Technology,EN→UZ,Choose the best Uzbek meaning of 'digital system'.,raqamli tizim,mijoz fikr,savdo model,moliyaviy daromad,A,'digital system' means 'raqamli tizim' in Uzbek. Remember it together with its context.
1433,digital system,raqamli tizim,Medium,Technology,UZ→EN,Choose the English word or phrase that matches the Uzbek meaning 'raqamli tizim'.,customer feedback,sales model,financial revenue,digital system,D,The English word or phrase for 'raqamli tizim' is 'digital system'.
1434,digital system,raqamli tizim,Medium,Technology,Context,The lesson uses the vocabulary item _____ in a technology context.,sales model,financial revenue,digital system,customer feedback,C,The best answer in this context is 'digital system' (raqamli tizim).
1435,digital tool,raqamli vosita,Medium,Technology,EN→UZ,Choose the best Uzbek meaning of 'digital tool'.,akademik fikr-mulohaza,raqamli vosita,kamaymoq,manba,B,'digital tool' means 'raqamli vosita' in Uzbek. Remember it together with its context.
1436,digital tool,raqamli vosita,Medium,Technology,UZ→EN,Choose the English word or phrase that matches the Uzbek meaning 'raqamli vosita'.,digital tool,decrease,source,academic feedback,A,The English word or phrase for 'raqamli vosita' is 'digital tool'.
1437,digital tool,raqamli vosita,Medium,Technology,Context,The lesson uses the vocabulary item _____ in a technology context.,decrease,source,academic feedback,digital tool,D,The best answer in this context is 'digital tool' (raqamli vosita).
1438,digital device,raqamli qurilma,Medium,Technology,EN→UZ,Choose the best Uzbek meaning of 'digital device'.,bulutli platforma,ma’lumot tizim,raqamli qurilma,avtomatlashtirilgan ilova,C,'digital device' means 'raqamli qurilma' in Uzbek. Remember it together with its context.
1439,digital device,raqamli qurilma,Medium,Technology,UZ→EN,Choose the English word or phrase that matches the Uzbek meaning 'raqamli qurilma'.,data system,digital device,automated application,cloud platform,B,The English word or phrase for 'raqamli qurilma' is 'digital device'.
1440,digital device,raqamli qurilma,Medium,Technology,Context,The lesson uses the vocabulary item _____ in a technology context.,digital device,automated application,cloud platform,data system,A,The best answer in this context is 'digital device' (raqamli qurilma).
1441,digital platform,raqamli platforma,Medium,Technology,EN→UZ,Choose the best Uzbek meaning of 'digital platform'.,qaror,onlayn usul,muntazam strategiya,raqamli platforma,D,'digital platform' means 'raqamli platforma' in Uzbek. Remember it together with its context.
1442,digital platform,raqamli platforma,Medium,Technology,UZ→EN,Choose the English word or phrase that matches the Uzbek meaning 'raqamli platforma'.,online method,regular strategy,digital platform,decision,C,The English word or phrase for 'raqamli platforma' is 'digital platform'.
1443,digital platform,raqamli platforma,Medium,Technology,Context,The lesson uses the vocabulary item _____ in a technology context.,regular strategy,digital platform,decision,online method,B,The best answer in this context is 'digital platform' (raqamli platforma).
1444,digital service,raqamli xizmat,Medium,Technology,EN→UZ,Choose the best Uzbek meaning of 'digital service'.,raqamli xizmat,mahsulot model,mahalliy masala,ijtimoiy tadbir,A,'digital service' means 'raqamli xizmat' in Uzbek. Remember it together with its context.
1445,digital service,raqamli xizmat,Medium,Technology,UZ→EN,Choose the English word or phrase that matches the Uzbek meaning 'raqamli xizmat'.,product model,local issue,social event,digital service,D,The English word or phrase for 'raqamli xizmat' is 'digital service'.
1446,digital service,raqamli xizmat,Medium,Technology,Context,The lesson uses the vocabulary item _____ in a technology context.,local issue,social event,digital service,product model,C,The best answer in this context is 'digital service' (raqamli xizmat).
1447,digital network,raqamli tarmoq,Medium,Technology,EN→UZ,Choose the best Uzbek meaning of 'digital network'.,hamjamiyat qo‘llab-quvvatlash,raqamli tarmoq,jamoat guruh,ijtimoiy loyiha,B,'digital network' means 'raqamli tarmoq' in Uzbek. Remember it together with its context.
1448,digital network,raqamli tarmoq,Medium,Technology,UZ→EN,Choose the English word or phrase that matches the Uzbek meaning 'raqamli tarmoq'.,digital network,public group,social project,community support,A,The English word or phrase for 'raqamli tarmoq' is 'digital network'.
1449,digital network,raqamli tarmoq,Medium,Technology,Context,The lesson uses the vocabulary item _____ in a technology context.,public group,social project,community support,digital network,D,The best answer in this context is 'digital network' (raqamli tarmoq).
1450,digital application,raqamli ilova,Medium,Technology,EN→UZ,Choose the best Uzbek meaning of 'digital application'.,ijtimoiy masala,hamjamiyat tadbir,raqamli ilova,mahalliy mas’uliyat,C,'digital application' means 'raqamli ilova' in Uzbek. Remember it together with its context.
1451,digital application,raqamli ilova,Medium,Technology,UZ→EN,Choose the English word or phrase that matches the Uzbek meaning 'raqamli ilova'.,community event,digital application,local responsibility,social issue,B,The English word or phrase for 'raqamli ilova' is 'digital application'.
1452,digital application,raqamli ilova,Medium,Technology,Context,The lesson uses the vocabulary item _____ in a technology context.,digital application,local responsibility,social issue,community event,A,The best answer in this context is 'digital application' (raqamli ilova).
1453,digital process,raqamli jarayon,Medium,Technology,EN→UZ,Choose the best Uzbek meaning of 'digital process'.,mahalliy tadbir,jamoat qadriyat,madaniy o‘zgarish,raqamli jarayon,D,'digital process' means 'raqamli jarayon' in Uzbek. Remember it together with its context.
1454,digital process,raqamli jarayon,Medium,Technology,UZ→EN,Choose the English word or phrase that matches the Uzbek meaning 'raqamli jarayon'.,public value,cultural change,digital process,local event,C,The English word or phrase for 'raqamli jarayon' is 'digital process'.
1455,digital process,raqamli jarayon,Medium,Technology,Context,The lesson uses the vocabulary item _____ in a technology context.,cultural change,digital process,local event,public value,B,The best answer in this context is 'digital process' (raqamli jarayon).
1456,digital solution,raqamli yechim,Medium,Technology,EN→UZ,Choose the best Uzbek meaning of 'digital solution'.,raqamli yechim,amaliy strategiya,mustaqil ko‘nikma,guruh natija,A,'digital solution' means 'raqamli yechim' in Uzbek. Remember it together with its context.
1457,digital solution,raqamli yechim,Medium,Technology,UZ→EN,Choose the English word or phrase that matches the Uzbek meaning 'raqamli yechim'.,practical strategy,independent skill,group result,digital solution,D,The English word or phrase for 'raqamli yechim' is 'digital solution'.
1458,digital solution,raqamli yechim,Medium,Technology,Context,The lesson uses the vocabulary item _____ in a technology context.,independent skill,group result,digital solution,practical strategy,C,The best answer in this context is 'digital solution' (raqamli yechim).
1459,digital access,raqamli kirish,Medium,Technology,EN→UZ,Choose the best Uzbek meaning of 'digital access'.,ma’lumot qurilma,raqamli kirish,avtomatlashtirilgan yechim,bulutli tarmoq,B,'digital access' means 'raqamli kirish' in Uzbek. Remember it together with its context.
1460,digital access,raqamli kirish,Medium,Technology,UZ→EN,Choose the English word or phrase that matches the Uzbek meaning 'raqamli kirish'.,digital access,automated solution,cloud network,data device,A,The English word or phrase for 'raqamli kirish' is 'digital access'.
1461,digital access,raqamli kirish,Medium,Technology,Context,The lesson uses the vocabulary item _____ in a technology context.,automated solution,cloud network,data device,digital access,D,The best answer in this context is 'digital access' (raqamli kirish).
1462,smart system,aqlli tizim,Medium,Technology,EN→UZ,Choose the best Uzbek meaning of 'smart system'.,mustaqil ko‘nikma,guruh natija,aqlli tizim,amaliy strategiya,C,'smart system' means 'aqlli tizim' in Uzbek. Remember it together with its context.
1463,smart system,aqlli tizim,Medium,Technology,UZ→EN,Choose the English word or phrase that matches the Uzbek meaning 'aqlli tizim'.,group result,smart system,practical strategy,independent skill,B,The English word or phrase for 'aqlli tizim' is 'smart system'.
1464,smart system,aqlli tizim,Medium,Technology,Context,The lesson uses the vocabulary item _____ in a technology context.,smart system,practical strategy,independent skill,group result,A,The best answer in this context is 'smart system' (aqlli tizim).
1465,smart tool,aqlli vosita,Medium,Technology,EN→UZ,Choose the best Uzbek meaning of 'smart tool'.,ma’lumot xizmat,bozor strategiya,savdo imkoniyat,aqlli vosita,D,'smart tool' means 'aqlli vosita' in Uzbek. Remember it together with its context.
1466,smart tool,aqlli vosita,Medium,Technology,UZ→EN,Choose the English word or phrase that matches the Uzbek meaning 'aqlli vosita'.,market strategy,sales opportunity,smart tool,data service,C,The English word or phrase for 'aqlli vosita' is 'smart tool'.
1467,smart tool,aqlli vosita,Medium,Technology,Context,The lesson uses the vocabulary item _____ in a technology context.,sales opportunity,smart tool,data service,market strategy,B,The best answer in this context is 'smart tool' (aqlli vosita).
1468,smart device,aqlli qurilma,Medium,Technology,EN→UZ,Choose the best Uzbek meaning of 'smart device'.,aqlli qurilma,ma’no,energiya,akademik rivojlanish,A,'smart device' means 'aqlli qurilma' in Uzbek. Remember it together with its context.
1469,smart device,aqlli qurilma,Medium,Technology,UZ→EN,Choose the English word or phrase that matches the Uzbek meaning 'aqlli qurilma'.,meaning,energy,academic progress,smart device,D,The English word or phrase for 'aqlli qurilma' is 'smart device'.
1470,smart device,aqlli qurilma,Medium,Technology,Context,The lesson uses the vocabulary item _____ in a technology context.,energy,academic progress,smart device,meaning,C,The best answer in this context is 'smart device' (aqlli qurilma).
1471,smart platform,aqlli platforma,Medium,Technology,EN→UZ,Choose the best Uzbek meaning of 'smart platform'.,mahalliy talab,aqlli platforma,bozor imkoniyat,biznes reja,B,'smart platform' means 'aqlli platforma' in Uzbek. Remember it together with its context.
1472,smart platform,aqlli platforma,Medium,Technology,UZ→EN,Choose the English word or phrase that matches the Uzbek meaning 'aqlli platforma'.,smart platform,market opportunity,business plan,local demand,A,The English word or phrase for 'aqlli platforma' is 'smart platform'.
1473,smart platform,aqlli platforma,Medium,Technology,Context,The lesson uses the vocabulary item _____ in a technology context.,market opportunity,business plan,local demand,smart platform,D,The best answer in this context is 'smart platform' (aqlli platforma).
1474,smart service,aqlli xizmat,Medium,Technology,EN→UZ,Choose the best Uzbek meaning of 'smart service'.,aqlli kirish,mobil ilova,aqlli xizmat,raqamli vosita,C,'smart service' means 'aqlli xizmat' in Uzbek. Remember it together with its context.
1475,smart service,aqlli xizmat,Medium,Technology,UZ→EN,Choose the English word or phrase that matches the Uzbek meaning 'aqlli xizmat'.,mobile application,smart service,digital tool,smart access,B,The English word or phrase for 'aqlli xizmat' is 'smart service'.
1476,smart service,aqlli xizmat,Medium,Technology,Context,The lesson uses the vocabulary item _____ in a technology context.,smart service,digital tool,smart access,mobile application,A,The best answer in this context is 'smart service' (aqlli xizmat).
1477,smart network,aqlli tarmoq,Medium,Technology,EN→UZ,Choose the best Uzbek meaning of 'smart network'.,onlayn jarayon,xavfsiz xizmat,texnik vosita,aqlli tarmoq,D,'smart network' means 'aqlli tarmoq' in Uzbek. Remember it together with its context.
1478,smart network,aqlli tarmoq,Medium,Technology,UZ→EN,Choose the English word or phrase that matches the Uzbek meaning 'aqlli tarmoq'.,secure service,technical tool,smart network,online process,C,The English word or phrase for 'aqlli tarmoq' is 'smart network'.
1479,smart network,aqlli tarmoq,Medium,Technology,Context,The lesson uses the vocabulary item _____ in a technology context.,technical tool,smart network,online process,secure service,B,The best answer in this context is 'smart network' (aqlli tarmoq).
1480,smart application,aqlli ilova,Medium,Technology,EN→UZ,Choose the best Uzbek meaning of 'smart application'.,aqlli ilova,onlayn qurilma,mobil kirish,avtomatlashtirilgan ilova,A,'smart application' means 'aqlli ilova' in Uzbek. Remember it together with its context.
1481,smart application,aqlli ilova,Medium,Technology,UZ→EN,Choose the English word or phrase that matches the Uzbek meaning 'aqlli ilova'.,online device,mobile access,automated application,smart application,D,The English word or phrase for 'aqlli ilova' is 'smart application'.
1482,smart application,aqlli ilova,Medium,Technology,Context,The lesson uses the vocabulary item _____ in a technology context.,mobile access,automated application,smart application,online device,C,The best answer in this context is 'smart application' (aqlli ilova).
1483,smart process,aqlli jarayon,Medium,Technology,EN→UZ,Choose the best Uzbek meaning of 'smart process'.,avtomatlashtirilgan tizim,aqlli jarayon,aqlli tarmoq,mobil platforma,B,'smart process' means 'aqlli jarayon' in Uzbek. Remember it together with its context.
1484,smart process,aqlli jarayon,Medium,Technology,UZ→EN,Choose the English word or phrase that matches the Uzbek meaning 'aqlli jarayon'.,smart process,smart network,mobile platform,automated system,A,The English word or phrase for 'aqlli jarayon' is 'smart process'.
1485,smart process,aqlli jarayon,Medium,Technology,Context,The lesson uses the vocabulary item _____ in a technology context.,smart network,mobile platform,automated system,smart process,D,The best answer in this context is 'smart process' (aqlli jarayon).
1486,smart solution,aqlli yechim,Medium,Technology,EN→UZ,Choose the best Uzbek meaning of 'smart solution'.,global o‘sish,xizmat qaror,aqlli yechim,moliyaviy talab,C,'smart solution' means 'aqlli yechim' in Uzbek. Remember it together with its context.
1487,smart solution,aqlli yechim,Medium,Technology,UZ→EN,Choose the English word or phrase that matches the Uzbek meaning 'aqlli yechim'.,service decision,smart solution,financial demand,global growth,B,The English word or phrase for 'aqlli yechim' is 'smart solution'.
1488,smart solution,aqlli yechim,Medium,Technology,Context,The lesson uses the vocabulary item _____ in a technology context.,smart solution,financial demand,global growth,service decision,A,The best answer in this context is 'smart solution' (aqlli yechim).
1489,smart access,aqlli kirish,Medium,Technology,EN→UZ,Choose the best Uzbek meaning of 'smart access'.,o‘xshash,qurilma,akademik usul,aqlli kirish,D,'smart access' means 'aqlli kirish' in Uzbek. Remember it together with its context.
1490,smart access,aqlli kirish,Medium,Technology,UZ→EN,Choose the English word or phrase that matches the Uzbek meaning 'aqlli kirish'.,device,academic method,smart access,similar,C,The English word or phrase for 'aqlli kirish' is 'smart access'.
1491,smart access,aqlli kirish,Medium,Technology,Context,The lesson uses the vocabulary item _____ in a technology context.,academic method,smart access,similar,device,B,The best answer in this context is 'smart access' (aqlli kirish).
1492,online system,onlayn tizim,Medium,Technology,EN→UZ,Choose the best Uzbek meaning of 'online system'.,onlayn tizim,aqlli kirish,mobil jarayon,avtomatlashtirilgan xizmat,A,'online system' means 'onlayn tizim' in Uzbek. Remember it together with its context.
1493,online system,onlayn tizim,Medium,Technology,UZ→EN,Choose the English word or phrase that matches the Uzbek meaning 'onlayn tizim'.,smart access,mobile process,automated service,online system,D,The English word or phrase for 'onlayn tizim' is 'online system'.
1494,online system,onlayn tizim,Medium,Technology,Context,The lesson uses the vocabulary item _____ in a technology context.,mobile process,automated service,online system,smart access,C,The best answer in this context is 'online system' (onlayn tizim).
1495,online tool,onlayn vosita,Medium,Technology,EN→UZ,Choose the best Uzbek meaning of 'online tool'.,ijtimoiy masala,onlayn vosita,mahsulot fikr,mahalliy mas’uliyat,B,'online tool' means 'onlayn vosita' in Uzbek. Remember it together with its context.
1496,online tool,onlayn vosita,Medium,Technology,UZ→EN,Choose the English word or phrase that matches the Uzbek meaning 'onlayn vosita'.,online tool,product feedback,local responsibility,social issue,A,The English word or phrase for 'onlayn vosita' is 'online tool'.
1497,online tool,onlayn vosita,Medium,Technology,Context,The lesson uses the vocabulary item _____ in a technology context.,product feedback,local responsibility,social issue,online tool,D,The best answer in this context is 'online tool' (onlayn vosita).
1498,online device,onlayn qurilma,Medium,Technology,EN→UZ,Choose the best Uzbek meaning of 'online device'.,lug‘at strategiya,raqamli tizim,onlayn qurilma,til rivojlanish,C,'online device' means 'onlayn qurilma' in Uzbek. Remember it together with its context.
1499,online device,onlayn qurilma,Medium,Technology,UZ→EN,Choose the English word or phrase that matches the Uzbek meaning 'onlayn qurilma'.,digital system,online device,language progress,vocabulary strategy,B,The English word or phrase for 'onlayn qurilma' is 'online device'.
1500,online device,onlayn qurilma,Medium,Technology,Context,The lesson uses the vocabulary item _____ in a technology context.,online device,language progress,vocabulary strategy,digital system,A,The best answer in this context is 'online device' (onlayn qurilma).
1501,online platform,onlayn platforma,Medium,Technology,EN→UZ,Choose the best Uzbek meaning of 'online platform'.,jamoat masala,madaniy tadbir,hamjamiyat qadriyat,onlayn platforma,D,'online platform' means 'onlayn platforma' in Uzbek. Remember it together with its context.
1502,online platform,onlayn platforma,Medium,Technology,UZ→EN,Choose the English word or phrase that matches the Uzbek meaning 'onlayn platforma'.,cultural event,community value,online platform,public issue,C,The English word or phrase for 'onlayn platforma' is 'online platform'.
1503,online platform,onlayn platforma,Medium,Technology,Context,The lesson uses the vocabulary item _____ in a technology context.,community value,online platform,public issue,cultural event,B,The best answer in this context is 'online platform' (onlayn platforma).
1504,online service,onlayn xizmat,Medium,Technology,EN→UZ,Choose the best Uzbek meaning of 'online service'.,onlayn xizmat,ma’lumot ilova,bozor daromad,biznes o‘sish,A,'online service' means 'onlayn xizmat' in Uzbek. Remember it together with its context.
1505,online service,onlayn xizmat,Medium,Technology,UZ→EN,Choose the English word or phrase that matches the Uzbek meaning 'onlayn xizmat'.,data application,market revenue,business growth,online service,D,The English word or phrase for 'onlayn xizmat' is 'online service'.
1506,online service,onlayn xizmat,Medium,Technology,Context,The lesson uses the vocabulary item _____ in a technology context.,market revenue,business growth,online service,data application,C,The best answer in this context is 'online service' (onlayn xizmat).
1507,online network,onlayn tarmoq,Medium,Technology,EN→UZ,Choose the best Uzbek meaning of 'online network'.,mahalliy model,onlayn tarmoq,savdo strategiya,biznes imkoniyat,B,'online network' means 'onlayn tarmoq' in Uzbek. Remember it together with its context.
1508,online network,onlayn tarmoq,Medium,Technology,UZ→EN,Choose the English word or phrase that matches the Uzbek meaning 'onlayn tarmoq'.,online network,sales strategy,business opportunity,local model,A,The English word or phrase for 'onlayn tarmoq' is 'online network'.
1509,online network,onlayn tarmoq,Medium,Technology,Context,The lesson uses the vocabulary item _____ in a technology context.,sales strategy,business opportunity,local model,online network,D,The best answer in this context is 'online network' (onlayn tarmoq).
1510,online application,onlayn ilova,Medium,Technology,EN→UZ,Choose the best Uzbek meaning of 'online application'.,biznes daromad,mahalliy o‘sish,onlayn ilova,bozor model,C,'online application' means 'onlayn ilova' in Uzbek. Remember it together with its context.
1511,online application,onlayn ilova,Medium,Technology,UZ→EN,Choose the English word or phrase that matches the Uzbek meaning 'onlayn ilova'.,local growth,online application,market model,business revenue,B,The English word or phrase for 'onlayn ilova' is 'online application'.
1512,online application,onlayn ilova,Medium,Technology,Context,The lesson uses the vocabulary item _____ in a technology context.,online application,market model,business revenue,local growth,A,The best answer in this context is 'online application' (onlayn ilova).
1513,online process,onlayn jarayon,Medium,Technology,EN→UZ,Choose the best Uzbek meaning of 'online process'.,bozor o‘sish,savdo qaror,moliyaviy xarajat,onlayn jarayon,D,'online process' means 'onlayn jarayon' in Uzbek. Remember it together with its context.
1514,online process,onlayn jarayon,Medium,Technology,UZ→EN,Choose the English word or phrase that matches the Uzbek meaning 'onlayn jarayon'.,sales decision,financial cost,online process,market growth,C,The English word or phrase for 'onlayn jarayon' is 'online process'.
1515,online process,onlayn jarayon,Medium,Technology,Context,The lesson uses the vocabulary item _____ in a technology context.,financial cost,online process,market growth,sales decision,B,The best answer in this context is 'online process' (onlayn jarayon).
1516,online solution,onlayn yechim,Medium,Technology,EN→UZ,Choose the best Uzbek meaning of 'online solution'.,onlayn yechim,madaniy qadriyat,milliy o‘zgarish,noto‘g‘ri,A,'online solution' means 'onlayn yechim' in Uzbek. Remember it together with its context.
1517,online solution,onlayn yechim,Medium,Technology,UZ→EN,Choose the English word or phrase that matches the Uzbek meaning 'onlayn yechim'.,cultural value,national change,incorrect,online solution,D,The English word or phrase for 'onlayn yechim' is 'online solution'.
1518,online solution,onlayn yechim,Medium,Technology,Context,The lesson uses the vocabulary item _____ in a technology context.,national change,incorrect,online solution,cultural value,C,The best answer in this context is 'online solution' (onlayn yechim).
1519,online access,onlayn kirish,Medium,Technology,EN→UZ,Choose the best Uzbek meaning of 'online access'.,raqamli qurilma,onlayn kirish,til usul,lug‘at baholash,B,'online access' means 'onlayn kirish' in Uzbek. Remember it together with its context.
1520,online access,onlayn kirish,Medium,Technology,UZ→EN,Choose the English word or phrase that matches the Uzbek meaning 'onlayn kirish'.,online access,language method,vocabulary assessment,digital device,A,The English word or phrase for 'onlayn kirish' is 'online access'.
1521,online access,onlayn kirish,Medium,Technology,Context,The lesson uses the vocabulary item _____ in a technology context.,language method,vocabulary assessment,digital device,online access,D,The best answer in this context is 'online access' (onlayn kirish).
1522,mobile system,mobil tizim,Medium,Technology,EN→UZ,Choose the best Uzbek meaning of 'mobile system'.,onlayn platforma,xavfsiz vosita,mobil tizim,raqamli ilova,C,'mobile system' means 'mobil tizim' in Uzbek. Remember it together with its context.
1523,mobile system,mobil tizim,Medium,Technology,UZ→EN,Choose the English word or phrase that matches the Uzbek meaning 'mobil tizim'.,secure tool,mobile system,digital application,online platform,B,The English word or phrase for 'mobil tizim' is 'mobile system'.
1524,mobile system,mobil tizim,Medium,Technology,Context,The lesson uses the vocabulary item _____ in a technology context.,mobile system,digital application,online platform,secure tool,A,The best answer in this context is 'mobile system' (mobil tizim).
1525,mobile tool,mobil vosita,Medium,Technology,EN→UZ,Choose the best Uzbek meaning of 'mobile tool'.,xizmat model,kompaniya daromad,jamoat tadbir,mobil vosita,D,'mobile tool' means 'mobil vosita' in Uzbek. Remember it together with its context.
1526,mobile tool,mobil vosita,Medium,Technology,UZ→EN,Choose the English word or phrase that matches the Uzbek meaning 'mobil vosita'.,company revenue,public event,mobile tool,service model,C,The English word or phrase for 'mobil vosita' is 'mobile tool'.
1527,mobile tool,mobil vosita,Medium,Technology,Context,The lesson uses the vocabulary item _____ in a technology context.,public event,mobile tool,service model,company revenue,B,The best answer in this context is 'mobile tool' (mobil vosita).
1528,mobile device,mobil qurilma,Medium,Technology,EN→UZ,Choose the best Uzbek meaning of 'mobile device'.,mobil qurilma,guruh mashq,til maqsad,lug‘at natija,A,'mobile device' means 'mobil qurilma' in Uzbek. Remember it together with its context.
1529,mobile device,mobil qurilma,Medium,Technology,UZ→EN,Choose the English word or phrase that matches the Uzbek meaning 'mobil qurilma'.,group practice,language goal,vocabulary result,mobile device,D,The English word or phrase for 'mobil qurilma' is 'mobile device'.
1530,mobile device,mobil qurilma,Medium,Technology,Context,The lesson uses the vocabulary item _____ in a technology context.,language goal,vocabulary result,mobile device,group practice,C,The best answer in this context is 'mobile device' (mobil qurilma).
1531,mobile platform,mobil platforma,Medium,Technology,EN→UZ,Choose the best Uzbek meaning of 'mobile platform'.,madaniy o‘zgarish,mobil platforma,mahalliy tadbir,jamoat qadriyat,B,'mobile platform' means 'mobil platforma' in Uzbek. Remember it together with its context.
1532,mobile platform,mobil platforma,Medium,Technology,UZ→EN,Choose the English word or phrase that matches the Uzbek meaning 'mobil platforma'.,mobile platform,local event,public value,cultural change,A,The English word or phrase for 'mobil platforma' is 'mobile platform'.
1533,mobile platform,mobil platforma,Medium,Technology,Context,The lesson uses the vocabulary item _____ in a technology context.,local event,public value,cultural change,mobile platform,D,The best answer in this context is 'mobile platform' (mobil platforma).
1534,mobile service,mobil xizmat,Medium,Technology,EN→UZ,Choose the best Uzbek meaning of 'mobile service'.,mijoz o‘sish,bozor qaror,mobil xizmat,virtual platforma,C,'mobile service' means 'mobil xizmat' in Uzbek. Remember it together with its context.
1535,mobile service,mobil xizmat,Medium,Technology,UZ→EN,Choose the English word or phrase that matches the Uzbek meaning 'mobil xizmat'.,market decision,mobile service,virtual platform,customer growth,B,The English word or phrase for 'mobil xizmat' is 'mobile service'.
1536,mobile service,mobil xizmat,Medium,Technology,Context,The lesson uses the vocabulary item _____ in a technology context.,mobile service,virtual platform,customer growth,market decision,A,The best answer in this context is 'mobile service' (mobil xizmat).
1537,mobile network,mobil tarmoq,Medium,Technology,EN→UZ,Choose the best Uzbek meaning of 'mobile network'.,mijoz imkoniyat,savdo reja,moliyaviy talab,mobil tarmoq,D,'mobile network' means 'mobil tarmoq' in Uzbek. Remember it together with its context.
1538,mobile network,mobil tarmoq,Medium,Technology,UZ→EN,Choose the English word or phrase that matches the Uzbek meaning 'mobil tarmoq'.,sales plan,financial demand,mobile network,customer opportunity,C,The English word or phrase for 'mobil tarmoq' is 'mobile network'.
1539,mobile network,mobil tarmoq,Medium,Technology,Context,The lesson uses the vocabulary item _____ in a technology context.,financial demand,mobile network,customer opportunity,sales plan,B,The best answer in this context is 'mobile network' (mobil tarmoq).
1540,mobile application,mobil ilova,Medium,Technology,EN→UZ,Choose the best Uzbek meaning of 'mobile application'.,mobil ilova,mijoz daromad,savdo o‘sish,biznes qaror,A,'mobile application' means 'mobil ilova' in Uzbek. Remember it together with its context.
1541,mobile application,mobil ilova,Medium,Technology,UZ→EN,Choose the English word or phrase that matches the Uzbek meaning 'mobil ilova'.,customer revenue,sales growth,business decision,mobile application,D,The English word or phrase for 'mobil ilova' is 'mobile application'.
1542,mobile application,mobil ilova,Medium,Technology,Context,The lesson uses the vocabulary item _____ in a technology context.,sales growth,business decision,mobile application,customer revenue,C,The best answer in this context is 'mobile application' (mobil ilova).
1543,mobile process,mobil jarayon,Medium,Technology,EN→UZ,Choose the best Uzbek meaning of 'mobile process'.,biznes strategiya,mobil jarayon,ma’lumot jarayon,bozor xarajat,B,'mobile process' means 'mobil jarayon' in Uzbek. Remember it together with its context.
1544,mobile process,mobil jarayon,Medium,Technology,UZ→EN,Choose the English word or phrase that matches the Uzbek meaning 'mobil jarayon'.,mobile process,data process,market cost,business strategy,A,The English word or phrase for 'mobil jarayon' is 'mobile process'.
1545,mobile process,mobil jarayon,Medium,Technology,Context,The lesson uses the vocabulary item _____ in a technology context.,data process,market cost,business strategy,mobile process,D,The best answer in this context is 'mobile process' (mobil jarayon).
1546,mobile solution,mobil yechim,Medium,Technology,EN→UZ,Choose the best Uzbek meaning of 'mobile solution'.,hamjamiyat guruh,milliy loyiha,mobil yechim,ijtimoiy o‘zgarish,C,'mobile solution' means 'mobil yechim' in Uzbek. Remember it together with its context.
1547,mobile solution,mobil yechim,Medium,Technology,UZ→EN,Choose the English word or phrase that matches the Uzbek meaning 'mobil yechim'.,national project,mobile solution,social change,community group,B,The English word or phrase for 'mobil yechim' is 'mobile solution'.
1548,mobile solution,mobil yechim,Medium,Technology,Context,The lesson uses the vocabulary item _____ in a technology context.,mobile solution,social change,community group,national project,A,The best answer in this context is 'mobile solution' (mobil yechim).
1549,mobile access,mobil kirish,Medium,Technology,EN→UZ,Choose the best Uzbek meaning of 'mobile access'.,guruh strategiya,o‘qish ko‘nikma,lug‘at fikr-mulohaza,mobil kirish,D,'mobile access' means 'mobil kirish' in Uzbek. Remember it together with its context.
1550,mobile access,mobil kirish,Medium,Technology,UZ→EN,Choose the English word or phrase that matches the Uzbek meaning 'mobil kirish'.,reading skill,vocabulary feedback,mobile access,group strategy,C,The English word or phrase for 'mobil kirish' is 'mobile access'.
1551,mobile access,mobil kirish,Medium,Technology,Context,The lesson uses the vocabulary item _____ in a technology context.,vocabulary feedback,mobile access,group strategy,reading skill,B,The best answer in this context is 'mobile access' (mobil kirish).
1552,secure system,xavfsiz tizim,Medium,Technology,EN→UZ,Choose the best Uzbek meaning of 'secure system'.,xavfsiz tizim,onlayn vosita,mobil yechim,avtomatlashtirilgan ilova,A,'secure system' means 'xavfsiz tizim' in Uzbek. Remember it together with its context.
1553,secure system,xavfsiz tizim,Medium,Technology,UZ→EN,Choose the English word or phrase that matches the Uzbek meaning 'xavfsiz tizim'.,online tool,mobile solution,automated application,secure system,D,The English word or phrase for 'xavfsiz tizim' is 'secure system'.
1554,secure system,xavfsiz tizim,Medium,Technology,Context,The lesson uses the vocabulary item _____ in a technology context.,mobile solution,automated application,secure system,online tool,C,The best answer in this context is 'secure system' (xavfsiz tizim).
1555,secure tool,xavfsiz vosita,Medium,Technology,EN→UZ,Choose the best Uzbek meaning of 'secure tool'.,ijtimoiy qo‘llab-quvvatlash,xavfsiz vosita,kompaniya strategiya,mahalliy loyiha,B,'secure tool' means 'xavfsiz vosita' in Uzbek. Remember it together with its context.
1556,secure tool,xavfsiz vosita,Medium,Technology,UZ→EN,Choose the English word or phrase that matches the Uzbek meaning 'xavfsiz vosita'.,secure tool,company strategy,local project,social support,A,The English word or phrase for 'xavfsiz vosita' is 'secure tool'.
1557,secure tool,xavfsiz vosita,Medium,Technology,Context,The lesson uses the vocabulary item _____ in a technology context.,company strategy,local project,social support,secure tool,D,The best answer in this context is 'secure tool' (xavfsiz vosita).
1558,secure device,xavfsiz qurilma,Medium,Technology,EN→UZ,Choose the best Uzbek meaning of 'secure device'.,lug‘at baholash,raqamli qurilma,xavfsiz qurilma,til usul,C,'secure device' means 'xavfsiz qurilma' in Uzbek. Remember it together with its context.
1559,secure device,xavfsiz qurilma,Medium,Technology,UZ→EN,Choose the English word or phrase that matches the Uzbek meaning 'xavfsiz qurilma'.,digital device,secure device,language method,vocabulary assessment,B,The English word or phrase for 'xavfsiz qurilma' is 'secure device'.
1560,secure device,xavfsiz qurilma,Medium,Technology,Context,The lesson uses the vocabulary item _____ in a technology context.,secure device,language method,vocabulary assessment,digital device,A,The best answer in this context is 'secure device' (xavfsiz qurilma).
1561,secure platform,xavfsiz platforma,Medium,Technology,EN→UZ,Choose the best Uzbek meaning of 'secure platform'.,jamoat qo‘llab-quvvatlash,madaniy o‘zlik,milliy xizmat,xavfsiz platforma,D,'secure platform' means 'xavfsiz platforma' in Uzbek. Remember it together with its context.
1562,secure platform,xavfsiz platforma,Medium,Technology,UZ→EN,Choose the English word or phrase that matches the Uzbek meaning 'xavfsiz platforma'.,cultural identity,national service,secure platform,public support,C,The English word or phrase for 'xavfsiz platforma' is 'secure platform'.
1563,secure platform,xavfsiz platforma,Medium,Technology,Context,The lesson uses the vocabulary item _____ in a technology context.,national service,secure platform,public support,cultural identity,B,The best answer in this context is 'secure platform' (xavfsiz platforma).
1564,secure service,xavfsiz xizmat,Medium,Technology,EN→UZ,Choose the best Uzbek meaning of 'secure service'.,xavfsiz xizmat,ma’lumot yechim,bozor reja,biznes talab,A,'secure service' means 'xavfsiz xizmat' in Uzbek. Remember it together with its context.
1565,secure service,xavfsiz xizmat,Medium,Technology,UZ→EN,Choose the English word or phrase that matches the Uzbek meaning 'xavfsiz xizmat'.,data solution,market plan,business demand,secure service,D,The English word or phrase for 'xavfsiz xizmat' is 'secure service'.
1566,secure service,xavfsiz xizmat,Medium,Technology,Context,The lesson uses the vocabulary item _____ in a technology context.,market plan,business demand,secure service,data solution,C,The best answer in this context is 'secure service' (xavfsiz xizmat).
1567,secure network,xavfsiz tarmoq,Medium,Technology,EN→UZ,Choose the best Uzbek meaning of 'secure network'.,mahalliy imkoniyat,xavfsiz tarmoq,savdo daromad,moliyaviy o‘sish,B,'secure network' means 'xavfsiz tarmoq' in Uzbek. Remember it together with its context.
1568,secure network,xavfsiz tarmoq,Medium,Technology,UZ→EN,Choose the English word or phrase that matches the Uzbek meaning 'xavfsiz tarmoq'.,secure network,sales revenue,financial growth,local opportunity,A,The English word or phrase for 'xavfsiz tarmoq' is 'secure network'.
1569,secure network,xavfsiz tarmoq,Medium,Technology,Context,The lesson uses the vocabulary item _____ in a technology context.,sales revenue,financial growth,local opportunity,secure network,D,The best answer in this context is 'secure network' (xavfsiz tarmoq).
1570,secure application,xavfsiz ilova,Medium,Technology,EN→UZ,Choose the best Uzbek meaning of 'secure application'.,biznes reja,mahalliy talab,xavfsiz ilova,bozor imkoniyat,C,'secure application' means 'xavfsiz ilova' in Uzbek. Remember it together with its context.
1571,secure application,xavfsiz ilova,Medium,Technology,UZ→EN,Choose the English word or phrase that matches the Uzbek meaning 'xavfsiz ilova'.,local demand,secure application,market opportunity,business plan,B,The English word or phrase for 'xavfsiz ilova' is 'secure application'.
1572,secure application,xavfsiz ilova,Medium,Technology,Context,The lesson uses the vocabulary item _____ in a technology context.,secure application,market opportunity,business plan,local demand,A,The best answer in this context is 'secure application' (xavfsiz ilova).
1573,secure process,xavfsiz jarayon,Medium,Technology,EN→UZ,Choose the best Uzbek meaning of 'secure process'.,bozor talab,savdo fikr,moliyaviy model,xavfsiz jarayon,D,'secure process' means 'xavfsiz jarayon' in Uzbek. Remember it together with its context.
1574,secure process,xavfsiz jarayon,Medium,Technology,UZ→EN,Choose the English word or phrase that matches the Uzbek meaning 'xavfsiz jarayon'.,sales feedback,financial model,secure process,market demand,C,The English word or phrase for 'xavfsiz jarayon' is 'secure process'.
1575,secure process,xavfsiz jarayon,Medium,Technology,Context,The lesson uses the vocabulary item _____ in a technology context.,financial model,secure process,market demand,sales feedback,B,The best answer in this context is 'secure process' (xavfsiz jarayon).
1576,secure solution,xavfsiz yechim,Medium,Technology,EN→UZ,Choose the best Uzbek meaning of 'secure solution'.,xavfsiz yechim,hamjamiyat xizmat,milliy mas’uliyat,ma’no,A,'secure solution' means 'xavfsiz yechim' in Uzbek. Remember it together with its context.
1577,secure solution,xavfsiz yechim,Medium,Technology,UZ→EN,Choose the English word or phrase that matches the Uzbek meaning 'xavfsiz yechim'.,community service,national responsibility,meaning,secure solution,D,The English word or phrase for 'xavfsiz yechim' is 'secure solution'.
1578,secure solution,xavfsiz yechim,Medium,Technology,Context,The lesson uses the vocabulary item _____ in a technology context.,national responsibility,meaning,secure solution,community service,C,The best answer in this context is 'secure solution' (xavfsiz yechim).
1579,secure access,xavfsiz kirish,Medium,Technology,EN→UZ,Choose the best Uzbek meaning of 'secure access'.,raqamli xizmat,xavfsiz kirish,til maqsad,lug‘at natija,B,'secure access' means 'xavfsiz kirish' in Uzbek. Remember it together with its context.
1580,secure access,xavfsiz kirish,Medium,Technology,UZ→EN,Choose the English word or phrase that matches the Uzbek meaning 'xavfsiz kirish'.,secure access,language goal,vocabulary result,digital service,A,The English word or phrase for 'xavfsiz kirish' is 'secure access'.
1581,secure access,xavfsiz kirish,Medium,Technology,Context,The lesson uses the vocabulary item _____ in a technology context.,language goal,vocabulary result,digital service,secure access,D,The best answer in this context is 'secure access' (xavfsiz kirish).
1582,automated system,avtomatlashtirilgan tizim,Medium,Technology,EN→UZ,Choose the best Uzbek meaning of 'automated system'.,guruh rivojlanish,o‘qish strategiya,avtomatlashtirilgan tizim,muntazam natija,C,'automated system' means 'avtomatlashtirilgan tizim' in Uzbek. Remember it together with its context.
1583,automated system,avtomatlashtirilgan tizim,Medium,Technology,UZ→EN,Choose the English word or phrase that matches the Uzbek meaning 'avtomatlashtirilgan tizim'.,reading strategy,automated system,regular result,group progress,B,The English word or phrase for 'avtomatlashtirilgan tizim' is 'automated system'.
1584,automated system,avtomatlashtirilgan tizim,Medium,Technology,Context,The lesson uses the vocabulary item _____ in a technology context.,automated system,regular result,group progress,reading strategy,A,The best answer in this context is 'automated system' (avtomatlashtirilgan tizim).
1585,automated tool,avtomatlashtirilgan vosita,Medium,Technology,EN→UZ,Choose the best Uzbek meaning of 'automated tool'.,mijoz imkoniyat,savdo reja,moliyaviy talab,avtomatlashtirilgan vosita,D,'automated tool' means 'avtomatlashtirilgan vosita' in Uzbek. Remember it together with its context.
1586,automated tool,avtomatlashtirilgan vosita,Medium,Technology,UZ→EN,Choose the English word or phrase that matches the Uzbek meaning 'avtomatlashtirilgan vosita'.,sales plan,financial demand,automated tool,customer opportunity,C,The English word or phrase for 'avtomatlashtirilgan vosita' is 'automated tool'.
1587,automated tool,avtomatlashtirilgan vosita,Medium,Technology,Context,The lesson uses the vocabulary item _____ in a technology context.,financial demand,automated tool,customer opportunity,sales plan,B,The best answer in this context is 'automated tool' (avtomatlashtirilgan vosita).
1588,automated device,avtomatlashtirilgan qurilma,Medium,Technology,EN→UZ,Choose the best Uzbek meaning of 'automated device'.,avtomatlashtirilgan qurilma,muammo,akademik mashq,onlayn maqsad,A,'automated device' means 'avtomatlashtirilgan qurilma' in Uzbek. Remember it together with its context.
1589,automated device,avtomatlashtirilgan qurilma,Medium,Technology,UZ→EN,Choose the English word or phrase that matches the Uzbek meaning 'avtomatlashtirilgan qurilma'.,problem,academic practice,online goal,automated device,D,The English word or phrase for 'avtomatlashtirilgan qurilma' is 'automated device'.
1590,automated device,avtomatlashtirilgan qurilma,Medium,Technology,Context,The lesson uses the vocabulary item _____ in a technology context.,academic practice,online goal,automated device,problem,C,The best answer in this context is 'automated device' (avtomatlashtirilgan qurilma).
1591,automated platform,avtomatlashtirilgan platforma,Medium,Technology,EN→UZ,Choose the best Uzbek meaning of 'automated platform'.,global qaror,avtomatlashtirilgan platforma,biznes talab,moliyaviy fikr,B,'automated platform' means 'avtomatlashtirilgan platforma' in Uzbek. Remember it together with its context.
1592,automated platform,avtomatlashtirilgan platforma,Medium,Technology,UZ→EN,Choose the English word or phrase that matches the Uzbek meaning 'avtomatlashtirilgan platforma'.,automated platform,business demand,financial feedback,global decision,A,The English word or phrase for 'avtomatlashtirilgan platforma' is 'automated platform'.
1593,automated platform,avtomatlashtirilgan platforma,Medium,Technology,Context,The lesson uses the vocabulary item _____ in a technology context.,business demand,financial feedback,global decision,automated platform,D,The best answer in this context is 'automated platform' (avtomatlashtirilgan platforma).
1594,automated service,avtomatlashtirilgan xizmat,Medium,Technology,EN→UZ,Choose the best Uzbek meaning of 'automated service'.,mobil qurilma,xavfsiz kirish,avtomatlashtirilgan xizmat,aqlli tarmoq,C,'automated service' means 'avtomatlashtirilgan xizmat' in Uzbek. Remember it together with its context.
1595,automated service,avtomatlashtirilgan xizmat,Medium,Technology,UZ→EN,Choose the English word or phrase that matches the Uzbek meaning 'avtomatlashtirilgan xizmat'.,secure access,automated service,smart network,mobile device,B,The English word or phrase for 'avtomatlashtirilgan xizmat' is 'automated service'.
1596,automated service,avtomatlashtirilgan xizmat,Medium,Technology,Context,The lesson uses the vocabulary item _____ in a technology context.,automated service,smart network,mobile device,secure access,A,The best answer in this context is 'automated service' (avtomatlashtirilgan xizmat).
1597,automated network,avtomatlashtirilgan tarmoq,Medium,Technology,EN→UZ,Choose the best Uzbek meaning of 'automated network'.,xavfsiz tizim,avtomatlashtirilgan yechim,bulutli tarmoq,avtomatlashtirilgan tarmoq,D,'automated network' means 'avtomatlashtirilgan tarmoq' in Uzbek. Remember it together with its context.
1598,automated network,avtomatlashtirilgan tarmoq,Medium,Technology,UZ→EN,Choose the English word or phrase that matches the Uzbek meaning 'avtomatlashtirilgan tarmoq'.,automated solution,cloud network,automated network,secure system,C,The English word or phrase for 'avtomatlashtirilgan tarmoq' is 'automated network'.
1599,automated network,avtomatlashtirilgan tarmoq,Medium,Technology,Context,The lesson uses the vocabulary item _____ in a technology context.,cloud network,automated network,secure system,automated solution,B,The best answer in this context is 'automated network' (avtomatlashtirilgan tarmoq).
1600,automated application,avtomatlashtirilgan ilova,Medium,Technology,EN→UZ,Choose the best Uzbek meaning of 'automated application'.,avtomatlashtirilgan ilova,mobil tarmoq,avtomatlashtirilgan qurilma,bulutli tizim,A,'automated application' means 'avtomatlashtirilgan ilova' in Uzbek. Remember it together with its context.
1601,automated application,avtomatlashtirilgan ilova,Medium,Technology,UZ→EN,Choose the English word or phrase that matches the Uzbek meaning 'avtomatlashtirilgan ilova'.,mobile network,automated device,cloud system,automated application,D,The English word or phrase for 'avtomatlashtirilgan ilova' is 'automated application'.
1602,automated application,avtomatlashtirilgan ilova,Medium,Technology,Context,The lesson uses the vocabulary item _____ in a technology context.,automated device,cloud system,automated application,mobile network,C,The best answer in this context is 'automated application' (avtomatlashtirilgan ilova).
1603,automated process,avtomatlashtirilgan jarayon,Medium,Technology,EN→UZ,Choose the best Uzbek meaning of 'automated process'.,texnik xizmat,avtomatlashtirilgan jarayon,onlayn kirish,xavfsiz ilova,B,'automated process' means 'avtomatlashtirilgan jarayon' in Uzbek. Remember it together with its context.
1604,automated process,avtomatlashtirilgan jarayon,Medium,Technology,UZ→EN,Choose the English word or phrase that matches the Uzbek meaning 'avtomatlashtirilgan jarayon'.,automated process,online access,secure application,technical service,A,The English word or phrase for 'avtomatlashtirilgan jarayon' is 'automated process'.
1605,automated process,avtomatlashtirilgan jarayon,Medium,Technology,Context,The lesson uses the vocabulary item _____ in a technology context.,online access,secure application,technical service,automated process,D,The best answer in this context is 'automated process' (avtomatlashtirilgan jarayon).
1606,automated solution,avtomatlashtirilgan yechim,Medium,Technology,EN→UZ,Choose the best Uzbek meaning of 'automated solution'.,xizmat xarajat,kompaniya strategiya,avtomatlashtirilgan yechim,mahalliy qaror,C,'automated solution' means 'avtomatlashtirilgan yechim' in Uzbek. Remember it together with its context.
1607,automated solution,avtomatlashtirilgan yechim,Medium,Technology,UZ→EN,Choose the English word or phrase that matches the Uzbek meaning 'avtomatlashtirilgan yechim'.,company strategy,automated solution,local decision,service cost,B,The English word or phrase for 'avtomatlashtirilgan yechim' is 'automated solution'.
1608,automated solution,avtomatlashtirilgan yechim,Medium,Technology,Context,The lesson uses the vocabulary item _____ in a technology context.,automated solution,local decision,service cost,company strategy,A,The best answer in this context is 'automated solution' (avtomatlashtirilgan yechim).
1609,automated access,avtomatlashtirilgan kirish,Medium,Technology,EN→UZ,Choose the best Uzbek meaning of 'automated access'.,atrof-muhit,akademik strategiya,amaliy ko‘nikma,avtomatlashtirilgan kirish,D,'automated access' means 'avtomatlashtirilgan kirish' in Uzbek. Remember it together with its context.
1610,automated access,avtomatlashtirilgan kirish,Medium,Technology,UZ→EN,Choose the English word or phrase that matches the Uzbek meaning 'avtomatlashtirilgan kirish'.,academic strategy,practical skill,automated access,environment,C,The English word or phrase for 'avtomatlashtirilgan kirish' is 'automated access'.
1611,automated access,avtomatlashtirilgan kirish,Medium,Technology,Context,The lesson uses the vocabulary item _____ in a technology context.,practical skill,automated access,environment,academic strategy,B,The best answer in this context is 'automated access' (avtomatlashtirilgan kirish).
1612,technical system,texnik tizim,Medium,Technology,EN→UZ,Choose the best Uzbek meaning of 'technical system'.,texnik tizim,onlayn topshiriq,amaliy fikr-mulohaza,mustaqil usul,A,'technical system' means 'texnik tizim' in Uzbek. Remember it together with its context.
1613,technical system,texnik tizim,Medium,Technology,UZ→EN,Choose the English word or phrase that matches the Uzbek meaning 'texnik tizim'.,online task,practical feedback,independent method,technical system,D,The English word or phrase for 'texnik tizim' is 'technical system'.
1614,technical system,texnik tizim,Medium,Technology,Context,The lesson uses the vocabulary item _____ in a technology context.,practical feedback,independent method,technical system,online task,C,The best answer in this context is 'technical system' (texnik tizim).
1615,technical tool,texnik vosita,Medium,Technology,EN→UZ,Choose the best Uzbek meaning of 'technical tool'.,bozor qaror,texnik vosita,virtual platforma,mijoz o‘sish,B,'technical tool' means 'texnik vosita' in Uzbek. Remember it together with its context.
1616,technical tool,texnik vosita,Medium,Technology,UZ→EN,Choose the English word or phrase that matches the Uzbek meaning 'texnik vosita'.,technical tool,virtual platform,customer growth,market decision,A,The English word or phrase for 'texnik vosita' is 'technical tool'.
1617,technical tool,texnik vosita,Medium,Technology,Context,The lesson uses the vocabulary item _____ in a technology context.,virtual platform,customer growth,market decision,technical tool,D,The best answer in this context is 'technical tool' (texnik vosita).
1618,technical device,texnik qurilma,Medium,Technology,EN→UZ,Choose the best Uzbek meaning of 'technical device'.,o‘zgarish,xabar,texnik qurilma,xalqaro o‘zlik,C,'technical device' means 'texnik qurilma' in Uzbek. Remember it together with its context.
1619,technical device,texnik qurilma,Medium,Technology,UZ→EN,Choose the English word or phrase that matches the Uzbek meaning 'texnik qurilma'.,message,technical device,international identity,change,B,The English word or phrase for 'texnik qurilma' is 'technical device'.
1620,technical device,texnik qurilma,Medium,Technology,Context,The lesson uses the vocabulary item _____ in a technology context.,technical device,international identity,change,message,A,The best answer in this context is 'technical device' (texnik qurilma).
1621,technical platform,texnik platforma,Medium,Technology,EN→UZ,Choose the best Uzbek meaning of 'technical platform'.,mijoz qaror,savdo xarajat,moliyaviy strategiya,texnik platforma,D,'technical platform' means 'texnik platforma' in Uzbek. Remember it together with its context.
1622,technical platform,texnik platforma,Medium,Technology,UZ→EN,Choose the English word or phrase that matches the Uzbek meaning 'texnik platforma'.,sales cost,financial strategy,technical platform,customer decision,C,The English word or phrase for 'texnik platforma' is 'technical platform'.
1623,technical platform,texnik platforma,Medium,Technology,Context,The lesson uses the vocabulary item _____ in a technology context.,financial strategy,technical platform,customer decision,sales cost,B,The best answer in this context is 'technical platform' (texnik platforma).
1624,technical service,texnik xizmat,Medium,Technology,EN→UZ,Choose the best Uzbek meaning of 'technical service'.,texnik xizmat,o‘rganish ko‘nikma,raqamli jarayon,onlayn xizmat,A,'technical service' means 'texnik xizmat' in Uzbek. Remember it together with its context.
1625,technical service,texnik xizmat,Medium,Technology,UZ→EN,Choose the English word or phrase that matches the Uzbek meaning 'texnik xizmat'.,learning skill,digital process,online service,technical service,D,The English word or phrase for 'texnik xizmat' is 'technical service'.
1626,technical service,texnik xizmat,Medium,Technology,Context,The lesson uses the vocabulary item _____ in a technology context.,digital process,online service,technical service,learning skill,C,The best answer in this context is 'technical service' (texnik xizmat).
1627,technical network,texnik tarmoq,Medium,Technology,EN→UZ,Choose the best Uzbek meaning of 'technical network'.,xavfsiz kirish,texnik tarmoq,aqlli tarmoq,mobil qurilma,B,'technical network' means 'texnik tarmoq' in Uzbek. Remember it together with its context.
1628,technical network,texnik tarmoq,Medium,Technology,UZ→EN,Choose the English word or phrase that matches the Uzbek meaning 'texnik tarmoq'.,technical network,smart network,mobile device,secure access,A,The English word or phrase for 'texnik tarmoq' is 'technical network'.
1629,technical network,texnik tarmoq,Medium,Technology,Context,The lesson uses the vocabulary item _____ in a technology context.,smart network,mobile device,secure access,technical network,D,The best answer in this context is 'technical network' (texnik tarmoq).
1630,technical application,texnik ilova,Medium,Technology,EN→UZ,Choose the best Uzbek meaning of 'technical application'.,onlayn jarayon,xavfsiz xizmat,texnik ilova,aqlli tizim,C,'technical application' means 'texnik ilova' in Uzbek. Remember it together with its context.
1631,technical application,texnik ilova,Medium,Technology,UZ→EN,Choose the English word or phrase that matches the Uzbek meaning 'texnik ilova'.,secure service,technical application,smart system,online process,B,The English word or phrase for 'texnik ilova' is 'technical application'.
1632,technical application,texnik ilova,Medium,Technology,Context,The lesson uses the vocabulary item _____ in a technology context.,technical application,smart system,online process,secure service,A,The best answer in this context is 'technical application' (texnik ilova).
1633,technical process,texnik jarayon,Medium,Technology,EN→UZ,Choose the best Uzbek meaning of 'technical process'.,raqamli xizmat,onlayn vosita,mobil yechim,texnik jarayon,D,'technical process' means 'texnik jarayon' in Uzbek. Remember it together with its context.
1634,technical process,texnik jarayon,Medium,Technology,UZ→EN,Choose the English word or phrase that matches the Uzbek meaning 'texnik jarayon'.,online tool,mobile solution,technical process,digital service,C,The English word or phrase for 'texnik jarayon' is 'technical process'.
1635,technical process,texnik jarayon,Medium,Technology,Context,The lesson uses the vocabulary item _____ in a technology context.,mobile solution,technical process,digital service,online tool,B,The best answer in this context is 'technical process' (texnik jarayon).
1636,technical solution,texnik yechim,Medium,Technology,EN→UZ,Choose the best Uzbek meaning of 'technical solution'.,texnik yechim,biznes strategiya,moliyaviy imkoniyat,global model,A,'technical solution' means 'texnik yechim' in Uzbek. Remember it together with its context.
1637,technical solution,texnik yechim,Medium,Technology,UZ→EN,Choose the English word or phrase that matches the Uzbek meaning 'texnik yechim'.,business strategy,financial opportunity,global model,technical solution,D,The English word or phrase for 'texnik yechim' is 'technical solution'.
1638,technical solution,texnik yechim,Medium,Technology,Context,The lesson uses the vocabulary item _____ in a technology context.,financial opportunity,global model,technical solution,business strategy,C,The best answer in this context is 'technical solution' (texnik yechim).
1639,technical access,texnik kirish,Medium,Technology,EN→UZ,Choose the best Uzbek meaning of 'technical access'.,madaniyat,texnik kirish,mashq qilmoq,ta’sir,B,'technical access' means 'texnik kirish' in Uzbek. Remember it together with its context.
1640,technical access,texnik kirish,Medium,Technology,UZ→EN,Choose the English word or phrase that matches the Uzbek meaning 'texnik kirish'.,technical access,practice,effect,culture,A,The English word or phrase for 'texnik kirish' is 'technical access'.
1641,technical access,texnik kirish,Medium,Technology,Context,The lesson uses the vocabulary item _____ in a technology context.,practice,effect,culture,technical access,D,The best answer in this context is 'technical access' (texnik kirish).
1642,cloud system,bulutli tizim,Medium,Technology,EN→UZ,Choose the best Uzbek meaning of 'cloud system'.,amaliy rivojlanish,mustaqil mashq,bulutli tizim,akademik natija,C,'cloud system' means 'bulutli tizim' in Uzbek. Remember it together with its context.
1643,cloud system,bulutli tizim,Medium,Technology,UZ→EN,Choose the English word or phrase that matches the Uzbek meaning 'bulutli tizim'.,independent practice,cloud system,academic result,practical progress,B,The English word or phrase for 'bulutli tizim' is 'cloud system'.
1644,cloud system,bulutli tizim,Medium,Technology,Context,The lesson uses the vocabulary item _____ in a technology context.,cloud system,academic result,practical progress,independent practice,A,The best answer in this context is 'cloud system' (bulutli tizim).
1645,cloud tool,bulutli vosita,Medium,Technology,EN→UZ,Choose the best Uzbek meaning of 'cloud tool'.,bulutli yechim,ma’lumot tarmoq,bozor talab,bulutli vosita,D,'cloud tool' means 'bulutli vosita' in Uzbek. Remember it together with its context.
1646,cloud tool,bulutli vosita,Medium,Technology,UZ→EN,Choose the English word or phrase that matches the Uzbek meaning 'bulutli vosita'.,data network,market demand,cloud tool,cloud solution,C,The English word or phrase for 'bulutli vosita' is 'cloud tool'.
1647,cloud tool,bulutli vosita,Medium,Technology,Context,The lesson uses the vocabulary item _____ in a technology context.,market demand,cloud tool,cloud solution,data network,B,The best answer in this context is 'cloud tool' (bulutli vosita).
1648,cloud device,bulutli qurilma,Medium,Technology,EN→UZ,Choose the best Uzbek meaning of 'cloud device'.,bulutli qurilma,milliy qadriyat,kontekst,texnologiya,A,'cloud device' means 'bulutli qurilma' in Uzbek. Remember it together with its context.
1649,cloud device,bulutli qurilma,Medium,Technology,UZ→EN,Choose the English word or phrase that matches the Uzbek meaning 'bulutli qurilma'.,national value,context,technology,cloud device,D,The English word or phrase for 'bulutli qurilma' is 'cloud device'.
1650,cloud device,bulutli qurilma,Medium,Technology,Context,The lesson uses the vocabulary item _____ in a technology context.,context,technology,cloud device,national value,C,The best answer in this context is 'cloud device' (bulutli qurilma).
1651,cloud platform,bulutli platforma,Medium,Technology,EN→UZ,Choose the best Uzbek meaning of 'cloud platform'.,biznes model,bulutli platforma,mijoz talab,bozor fikr,B,'cloud platform' means 'bulutli platforma' in Uzbek. Remember it together with its context.
1652,cloud platform,bulutli platforma,Medium,Technology,UZ→EN,Choose the English word or phrase that matches the Uzbek meaning 'bulutli platforma'.,cloud platform,customer demand,market feedback,business model,A,The English word or phrase for 'bulutli platforma' is 'cloud platform'.
1653,cloud platform,bulutli platforma,Medium,Technology,Context,The lesson uses the vocabulary item _____ in a technology context.,customer demand,market feedback,business model,cloud platform,D,The best answer in this context is 'cloud platform' (bulutli platforma).
1654,cloud service,bulutli xizmat,Medium,Technology,EN→UZ,Choose the best Uzbek meaning of 'cloud service'.,raqamli qurilma,aqlli kirish,bulutli xizmat,lug‘at baholash,C,'cloud service' means 'bulutli xizmat' in Uzbek. Remember it together with its context.
1655,cloud service,bulutli xizmat,Medium,Technology,UZ→EN,Choose the English word or phrase that matches the Uzbek meaning 'bulutli xizmat'.,smart access,cloud service,vocabulary assessment,digital device,B,The English word or phrase for 'bulutli xizmat' is 'cloud service'.
1656,cloud service,bulutli xizmat,Medium,Technology,Context,The lesson uses the vocabulary item _____ in a technology context.,cloud service,vocabulary assessment,digital device,smart access,A,The best answer in this context is 'cloud service' (bulutli xizmat).
1657,cloud network,bulutli tarmoq,Medium,Technology,EN→UZ,Choose the best Uzbek meaning of 'cloud network'.,aqlli tizim,onlayn jarayon,xavfsiz xizmat,bulutli tarmoq,D,'cloud network' means 'bulutli tarmoq' in Uzbek. Remember it together with its context.
1658,cloud network,bulutli tarmoq,Medium,Technology,UZ→EN,Choose the English word or phrase that matches the Uzbek meaning 'bulutli tarmoq'.,online process,secure service,cloud network,smart system,C,The English word or phrase for 'bulutli tarmoq' is 'cloud network'.
1659,cloud network,bulutli tarmoq,Medium,Technology,Context,The lesson uses the vocabulary item _____ in a technology context.,secure service,cloud network,smart system,online process,B,The best answer in this context is 'cloud network' (bulutli tarmoq).
1660,cloud application,bulutli ilova,Medium,Technology,EN→UZ,Choose the best Uzbek meaning of 'cloud application'.,bulutli ilova,raqamli tarmoq,onlayn qurilma,mobil kirish,A,'cloud application' means 'bulutli ilova' in Uzbek. Remember it together with its context.
1661,cloud application,bulutli ilova,Medium,Technology,UZ→EN,Choose the English word or phrase that matches the Uzbek meaning 'bulutli ilova'.,digital network,online device,mobile access,cloud application,D,The English word or phrase for 'bulutli ilova' is 'cloud application'.
1662,cloud application,bulutli ilova,Medium,Technology,Context,The lesson uses the vocabulary item _____ in a technology context.,online device,mobile access,cloud application,digital network,C,The best answer in this context is 'cloud application' (bulutli ilova).
1663,cloud process,bulutli jarayon,Medium,Technology,EN→UZ,Choose the best Uzbek meaning of 'cloud process'.,mobil platforma,bulutli jarayon,o‘rganish fikr-mulohaza,aqlli ilova,B,'cloud process' means 'bulutli jarayon' in Uzbek. Remember it together with its context.
1664,cloud process,bulutli jarayon,Medium,Technology,UZ→EN,Choose the English word or phrase that matches the Uzbek meaning 'bulutli jarayon'.,cloud process,learning feedback,smart application,mobile platform,A,The English word or phrase for 'bulutli jarayon' is 'cloud process'.
1665,cloud process,bulutli jarayon,Medium,Technology,Context,The lesson uses the vocabulary item _____ in a technology context.,learning feedback,smart application,mobile platform,cloud process,D,The best answer in this context is 'cloud process' (bulutli jarayon).
1666,cloud solution,bulutli yechim,Medium,Technology,EN→UZ,Choose the best Uzbek meaning of 'cloud solution'.,moliyaviy daromad,global strategiya,bulutli yechim,savdo model,C,'cloud solution' means 'bulutli yechim' in Uzbek. Remember it together with its context.
1667,cloud solution,bulutli yechim,Medium,Technology,UZ→EN,Choose the English word or phrase that matches the Uzbek meaning 'bulutli yechim'.,global strategy,cloud solution,sales model,financial revenue,B,The English word or phrase for 'bulutli yechim' is 'cloud solution'.
1668,cloud solution,bulutli yechim,Medium,Technology,Context,The lesson uses the vocabulary item _____ in a technology context.,cloud solution,sales model,financial revenue,global strategy,A,The best answer in this context is 'cloud solution' (bulutli yechim).
1669,cloud access,bulutli kirish,Medium,Technology,EN→UZ,Choose the best Uzbek meaning of 'cloud access'.,xalqaro xizmat,farqli,tizim,bulutli kirish,D,'cloud access' means 'bulutli kirish' in Uzbek. Remember it together with its context.
1670,cloud access,bulutli kirish,Medium,Technology,UZ→EN,Choose the English word or phrase that matches the Uzbek meaning 'bulutli kirish'.,different,system,cloud access,international service,C,The English word or phrase for 'bulutli kirish' is 'cloud access'.
1671,cloud access,bulutli kirish,Medium,Technology,Context,The lesson uses the vocabulary item _____ in a technology context.,system,cloud access,international service,different,B,The best answer in this context is 'cloud access' (bulutli kirish).
1672,virtual system,virtual tizim,Medium,Technology,EN→UZ,Choose the best Uzbek meaning of 'virtual system'.,virtual tizim,mahalliy o‘sish,global imkoniyat,mahsulot reja,A,'virtual system' means 'virtual tizim' in Uzbek. Remember it together with its context.
1673,virtual system,virtual tizim,Medium,Technology,UZ→EN,Choose the English word or phrase that matches the Uzbek meaning 'virtual tizim'.,local growth,global opportunity,product plan,virtual system,D,The English word or phrase for 'virtual tizim' is 'virtual system'.
1674,virtual system,virtual tizim,Medium,Technology,Context,The lesson uses the vocabulary item _____ in a technology context.,global opportunity,product plan,virtual system,local growth,C,The best answer in this context is 'virtual system' (virtual tizim).
1675,virtual tool,virtual vosita,Medium,Technology,EN→UZ,Choose the best Uzbek meaning of 'virtual tool'.,guruh ko‘nikma,virtual vosita,onlayn usul,muntazam strategiya,B,'virtual tool' means 'virtual vosita' in Uzbek. Remember it together with its context.
1676,virtual tool,virtual vosita,Medium,Technology,UZ→EN,Choose the English word or phrase that matches the Uzbek meaning 'virtual vosita'.,virtual tool,online method,regular strategy,group skill,A,The English word or phrase for 'virtual vosita' is 'virtual tool'.
1677,virtual tool,virtual vosita,Medium,Technology,Context,The lesson uses the vocabulary item _____ in a technology context.,online method,regular strategy,group skill,virtual tool,D,The best answer in this context is 'virtual tool' (virtual vosita).
1678,virtual device,virtual qurilma,Medium,Technology,EN→UZ,Choose the best Uzbek meaning of 'virtual device'.,bozor xarajat,biznes strategiya,virtual qurilma,ma’lumot jarayon,C,'virtual device' means 'virtual qurilma' in Uzbek. Remember it together with its context.
1679,virtual device,virtual qurilma,Medium,Technology,UZ→EN,Choose the English word or phrase that matches the Uzbek meaning 'virtual qurilma'.,business strategy,virtual device,data process,market cost,B,The English word or phrase for 'virtual qurilma' is 'virtual device'.
1680,virtual device,virtual qurilma,Medium,Technology,Context,The lesson uses the vocabulary item _____ in a technology context.,virtual device,data process,market cost,business strategy,A,The best answer in this context is 'virtual device' (virtual qurilma).
1681,virtual platform,virtual platforma,Medium,Technology,EN→UZ,Choose the best Uzbek meaning of 'virtual platform'.,mustaqil ko‘nikma,guruh natija,o‘qish usul,virtual platforma,D,'virtual platform' means 'virtual platforma' in Uzbek. Remember it together with its context.
1682,virtual platform,virtual platforma,Medium,Technology,UZ→EN,Choose the English word or phrase that matches the Uzbek meaning 'virtual platforma'.,group result,reading method,virtual platform,independent skill,C,The English word or phrase for 'virtual platforma' is 'virtual platform'.
1683,virtual platform,virtual platforma,Medium,Technology,Context,The lesson uses the vocabulary item _____ in a technology context.,reading method,virtual platform,independent skill,group result,B,The best answer in this context is 'virtual platform' (virtual platforma).
1684,virtual service,virtual xizmat,Medium,Technology,EN→UZ,Choose the best Uzbek meaning of 'virtual service'.,virtual xizmat,ijtimoiy qadriyat,hamjamiyat o‘zgarish,xalqaro guruh,A,'virtual service' means 'virtual xizmat' in Uzbek. Remember it together with its context.
1685,virtual service,virtual xizmat,Medium,Technology,UZ→EN,Choose the English word or phrase that matches the Uzbek meaning 'virtual xizmat'.,social value,community change,international group,virtual service,D,The English word or phrase for 'virtual xizmat' is 'virtual service'.
1686,virtual service,virtual xizmat,Medium,Technology,Context,The lesson uses the vocabulary item _____ in a technology context.,community change,international group,virtual service,social value,C,The best answer in this context is 'virtual service' (virtual xizmat).
1687,virtual network,virtual tarmoq,Medium,Technology,EN→UZ,Choose the best Uzbek meaning of 'virtual network'.,foyda,virtual tarmoq,milliy o‘zlik,ball,B,'virtual network' means 'virtual tarmoq' in Uzbek. Remember it together with its context.
1688,virtual network,virtual tarmoq,Medium,Technology,UZ→EN,Choose the English word or phrase that matches the Uzbek meaning 'virtual tarmoq'.,virtual network,national identity,score,benefit,A,The English word or phrase for 'virtual tarmoq' is 'virtual network'.
1689,virtual network,virtual tarmoq,Medium,Technology,Context,The lesson uses the vocabulary item _____ in a technology context.,national identity,score,benefit,virtual network,D,The best answer in this context is 'virtual network' (virtual tarmoq).
1690,virtual application,virtual ilova,Medium,Technology,EN→UZ,Choose the best Uzbek meaning of 'virtual application'.,mashq qilmoq,ta’sir,virtual ilova,hamjamiyat qadriyat,C,'virtual application' means 'virtual ilova' in Uzbek. Remember it together with its context.
1691,virtual application,virtual ilova,Medium,Technology,UZ→EN,Choose the English word or phrase that matches the Uzbek meaning 'virtual ilova'.,effect,virtual application,community value,practice,B,The English word or phrase for 'virtual ilova' is 'virtual application'.
1692,virtual application,virtual ilova,Medium,Technology,Context,The lesson uses the vocabulary item _____ in a technology context.,virtual application,community value,practice,effect,A,The best answer in this context is 'virtual application' (virtual ilova).
1693,virtual process,virtual jarayon,Medium,Technology,EN→UZ,Choose the best Uzbek meaning of 'virtual process'.,hamjamiyat guruh,milliy loyiha,o‘xshash,virtual jarayon,D,'virtual process' means 'virtual jarayon' in Uzbek. Remember it together with its context.
1694,virtual process,virtual jarayon,Medium,Technology,UZ→EN,Choose the English word or phrase that matches the Uzbek meaning 'virtual jarayon'.,national project,similar,virtual process,community group,C,The English word or phrase for 'virtual jarayon' is 'virtual process'.
1695,virtual process,virtual jarayon,Medium,Technology,Context,The lesson uses the vocabulary item _____ in a technology context.,similar,virtual process,community group,national project,B,The best answer in this context is 'virtual process' (virtual jarayon).
1696,virtual solution,virtual yechim,Medium,Technology,EN→UZ,Choose the best Uzbek meaning of 'virtual solution'.,virtual yechim,til rivojlanish,lug‘at strategiya,raqamli tizim,A,'virtual solution' means 'virtual yechim' in Uzbek. Remember it together with its context.
1697,virtual solution,virtual yechim,Medium,Technology,UZ→EN,Choose the English word or phrase that matches the Uzbek meaning 'virtual yechim'.,language progress,vocabulary strategy,digital system,virtual solution,D,The English word or phrase for 'virtual yechim' is 'virtual solution'.
1698,virtual solution,virtual yechim,Medium,Technology,Context,The lesson uses the vocabulary item _____ in a technology context.,vocabulary strategy,digital system,virtual solution,language progress,C,The best answer in this context is 'virtual solution' (virtual yechim).
1699,virtual access,virtual kirish,Medium,Technology,EN→UZ,Choose the best Uzbek meaning of 'virtual access'.,biznes daromad,virtual kirish,ma’lumot kirish,bozor model,B,'virtual access' means 'virtual kirish' in Uzbek. Remember it together with its context.
1700,virtual access,virtual kirish,Medium,Technology,UZ→EN,Choose the English word or phrase that matches the Uzbek meaning 'virtual kirish'.,virtual access,data access,market model,business revenue,A,The English word or phrase for 'virtual kirish' is 'virtual access'.
1701,virtual access,virtual kirish,Medium,Technology,Context,The lesson uses the vocabulary item _____ in a technology context.,data access,market model,business revenue,virtual access,D,The best answer in this context is 'virtual access' (virtual kirish).
1702,data system,ma’lumot tizim,Medium,Technology,EN→UZ,Choose the best Uzbek meaning of 'data system'.,mahalliy o‘zlik,ijtimoiy xizmat,ma’lumot tizim,mahsulot reja,C,'data system' means 'ma’lumot tizim' in Uzbek. Remember it together with its context.
1703,data system,ma’lumot tizim,Medium,Technology,UZ→EN,Choose the English word or phrase that matches the Uzbek meaning 'ma’lumot tizim'.,social service,data system,product plan,local identity,B,The English word or phrase for 'ma’lumot tizim' is 'data system'.
1704,data system,ma’lumot tizim,Medium,Technology,Context,The lesson uses the vocabulary item _____ in a technology context.,data system,product plan,local identity,social service,A,The best answer in this context is 'data system' (ma’lumot tizim).
1705,data tool,ma’lumot vosita,Medium,Technology,EN→UZ,Choose the best Uzbek meaning of 'data tool'.,guruh ko‘nikma,til natija,lug‘at usul,ma’lumot vosita,D,'data tool' means 'ma’lumot vosita' in Uzbek. Remember it together with its context.
1706,data tool,ma’lumot vosita,Medium,Technology,UZ→EN,Choose the English word or phrase that matches the Uzbek meaning 'ma’lumot vosita'.,language result,vocabulary method,data tool,group skill,C,The English word or phrase for 'ma’lumot vosita' is 'data tool'.
1707,data tool,ma’lumot vosita,Medium,Technology,Context,The lesson uses the vocabulary item _____ in a technology context.,vocabulary method,data tool,group skill,language result,B,The best answer in this context is 'data tool' (ma’lumot vosita).
1708,data device,ma’lumot qurilma,Medium,Technology,EN→UZ,Choose the best Uzbek meaning of 'data device'.,ma’lumot qurilma,biznes strategiya,moliyaviy imkoniyat,global model,A,'data device' means 'ma’lumot qurilma' in Uzbek. Remember it together with its context.
1709,data device,ma’lumot qurilma,Medium,Technology,UZ→EN,Choose the English word or phrase that matches the Uzbek meaning 'ma’lumot qurilma'.,business strategy,financial opportunity,global model,data device,D,The English word or phrase for 'ma’lumot qurilma' is 'data device'.
1710,data device,ma’lumot qurilma,Medium,Technology,Context,The lesson uses the vocabulary item _____ in a technology context.,financial opportunity,global model,data device,business strategy,C,The best answer in this context is 'data device' (ma’lumot qurilma).
1711,data platform,ma’lumot platforma,Medium,Technology,EN→UZ,Choose the best Uzbek meaning of 'data platform'.,aqlli tizim,ma’lumot platforma,o‘qish usul,o‘rganish strategiya,B,'data platform' means 'ma’lumot platforma' in Uzbek. Remember it together with its context.
1712,data platform,ma’lumot platforma,Medium,Technology,UZ→EN,Choose the English word or phrase that matches the Uzbek meaning 'ma’lumot platforma'.,data platform,reading method,learning strategy,smart system,A,The English word or phrase for 'ma’lumot platforma' is 'data platform'.
1713,data platform,ma’lumot platforma,Medium,Technology,Context,The lesson uses the vocabulary item _____ in a technology context.,reading method,learning strategy,smart system,data platform,D,The best answer in this context is 'data platform' (ma’lumot platforma).
1714,data service,ma’lumot xizmat,Medium,Technology,EN→UZ,Choose the best Uzbek meaning of 'data service'.,kamaymoq,manba,ma’lumot xizmat,xalqaro guruh,C,'data service' means 'ma’lumot xizmat' in Uzbek. Remember it together with its context.
1715,data service,ma’lumot xizmat,Medium,Technology,UZ→EN,Choose the English word or phrase that matches the Uzbek meaning 'ma’lumot xizmat'.,source,data service,international group,decrease,B,The English word or phrase for 'ma’lumot xizmat' is 'data service'.
1716,data service,ma’lumot xizmat,Medium,Technology,Context,The lesson uses the vocabulary item _____ in a technology context.,data service,international group,decrease,source,A,The best answer in this context is 'data service' (ma’lumot xizmat).
1717,data network,ma’lumot tarmoq,Medium,Technology,EN→UZ,Choose the best Uzbek meaning of 'data network'.,foyda,akademik ko‘nikma,onlayn natija,ma’lumot tarmoq,D,'data network' means 'ma’lumot tarmoq' in Uzbek. Remember it together with its context.
1718,data network,ma’lumot tarmoq,Medium,Technology,UZ→EN,Choose the English word or phrase that matches the Uzbek meaning 'ma’lumot tarmoq'.,academic skill,online result,data network,benefit,C,The English word or phrase for 'ma’lumot tarmoq' is 'data network'.
1719,data network,ma’lumot tarmoq,Medium,Technology,Context,The lesson uses the vocabulary item _____ in a technology context.,online result,data network,benefit,academic skill,B,The best answer in this context is 'data network' (ma’lumot tarmoq).
1720,data application,ma’lumot ilova,Medium,Technology,EN→UZ,Choose the best Uzbek meaning of 'data application'.,ma’lumot ilova,ta’sir,madaniyat,onlayn topshiriq,A,'data application' means 'ma’lumot ilova' in Uzbek. Remember it together with its context.
1721,data application,ma’lumot ilova,Medium,Technology,UZ→EN,Choose the English word or phrase that matches the Uzbek meaning 'ma’lumot ilova'.,effect,culture,online task,data application,D,The English word or phrase for 'ma’lumot ilova' is 'data application'.
1722,data application,ma’lumot ilova,Medium,Technology,Context,The lesson uses the vocabulary item _____ in a technology context.,culture,online task,data application,effect,C,The best answer in this context is 'data application' (ma’lumot ilova).
1723,data process,ma’lumot jarayon,Medium,Technology,EN→UZ,Choose the best Uzbek meaning of 'data process'.,akademik usul,ma’lumot jarayon,o‘xshash,qurilma,B,'data process' means 'ma’lumot jarayon' in Uzbek. Remember it together with its context.
1724,data process,ma’lumot jarayon,Medium,Technology,UZ→EN,Choose the English word or phrase that matches the Uzbek meaning 'ma’lumot jarayon'.,data process,similar,device,academic method,A,The English word or phrase for 'ma’lumot jarayon' is 'data process'.
1725,data process,ma’lumot jarayon,Medium,Technology,Context,The lesson uses the vocabulary item _____ in a technology context.,similar,device,academic method,data process,D,The best answer in this context is 'data process' (ma’lumot jarayon).
1726,data solution,ma’lumot yechim,Medium,Technology,EN→UZ,Choose the best Uzbek meaning of 'data solution'.,aqlli jarayon,mobil xizmat,ma’lumot yechim,raqamli tizim,C,'data solution' means 'ma’lumot yechim' in Uzbek. Remember it together with its context.
1727,data solution,ma’lumot yechim,Medium,Technology,UZ→EN,Choose the English word or phrase that matches the Uzbek meaning 'ma’lumot yechim'.,mobile service,data solution,digital system,smart process,B,The English word or phrase for 'ma’lumot yechim' is 'data solution'.
1728,data solution,ma’lumot yechim,Medium,Technology,Context,The lesson uses the vocabulary item _____ in a technology context.,data solution,digital system,smart process,mobile service,A,The best answer in this context is 'data solution' (ma’lumot yechim).
1729,data access,ma’lumot kirish,Medium,Technology,EN→UZ,Choose the best Uzbek meaning of 'data access'.,biznes daromad,mahalliy o‘sish,global imkoniyat,ma’lumot kirish,D,'data access' means 'ma’lumot kirish' in Uzbek. Remember it together with its context.
1730,data access,ma’lumot kirish,Medium,Technology,UZ→EN,Choose the English word or phrase that matches the Uzbek meaning 'ma’lumot kirish'.,local growth,global opportunity,data access,business revenue,C,The English word or phrase for 'ma’lumot kirish' is 'data access'.
1731,data access,ma’lumot kirish,Medium,Technology,Context,The lesson uses the vocabulary item _____ in a technology context.,global opportunity,data access,business revenue,local growth,B,The best answer in this context is 'data access' (ma’lumot kirish).
1732,customer growth,mijoz o‘sish,Medium,Business,EN→UZ,Choose the best Uzbek meaning of 'customer growth'.,mijoz o‘sish,hamjamiyat loyiha,takrorlamoq,dalil,A,'customer growth' means 'mijoz o‘sish' in Uzbek. Remember it together with its context.
1733,customer growth,mijoz o‘sish,Medium,Business,UZ→EN,Choose the English word or phrase that matches the Uzbek meaning 'mijoz o‘sish'.,community project,review,evidence,customer growth,D,The English word or phrase for 'mijoz o‘sish' is 'customer growth'.
1734,customer growth,mijoz o‘sish,Medium,Business,Context,The lesson uses the vocabulary item _____ in a business context.,review,evidence,customer growth,community project,C,The best answer in this context is 'customer growth' (mijoz o‘sish).
1735,customer strategy,mijoz strategiya,Medium,Business,EN→UZ,Choose the best Uzbek meaning of 'customer strategy'.,ma’lumot jarayon,mijoz strategiya,texnik platforma,virtual tizim,B,'customer strategy' means 'mijoz strategiya' in Uzbek. Remember it together with its context.
1736,customer strategy,mijoz strategiya,Medium,Business,UZ→EN,Choose the English word or phrase that matches the Uzbek meaning 'mijoz strategiya'.,customer strategy,technical platform,virtual system,data process,A,The English word or phrase for 'mijoz strategiya' is 'customer strategy'.
1737,customer strategy,mijoz strategiya,Medium,Business,Context,The lesson uses the vocabulary item _____ in a business context.,technical platform,virtual system,data process,customer strategy,D,The best answer in this context is 'customer strategy' (mijoz strategiya).
1738,customer demand,mijoz talab,Medium,Business,EN→UZ,Choose the best Uzbek meaning of 'customer demand'.,jamoat qo‘llab-quvvatlash,madaniy o‘zlik,mijoz talab,kompaniya imkoniyat,C,'customer demand' means 'mijoz talab' in Uzbek. Remember it together with its context.
1739,customer demand,mijoz talab,Medium,Business,UZ→EN,Choose the English word or phrase that matches the Uzbek meaning 'mijoz talab'.,cultural identity,customer demand,company opportunity,public support,B,The English word or phrase for 'mijoz talab' is 'customer demand'.
1740,customer demand,mijoz talab,Medium,Business,Context,The lesson uses the vocabulary item _____ in a business context.,customer demand,company opportunity,public support,cultural identity,A,The best answer in this context is 'customer demand' (mijoz talab).
1741,customer revenue,mijoz daromad,Medium,Business,EN→UZ,Choose the best Uzbek meaning of 'customer revenue'.,mustaqil ko‘nikma,guruh natija,o‘qish usul,mijoz daromad,D,'customer revenue' means 'mijoz daromad' in Uzbek. Remember it together with its context.
1742,customer revenue,mijoz daromad,Medium,Business,UZ→EN,Choose the English word or phrase that matches the Uzbek meaning 'mijoz daromad'.,group result,reading method,customer revenue,independent skill,C,The English word or phrase for 'mijoz daromad' is 'customer revenue'.
1743,customer revenue,mijoz daromad,Medium,Business,Context,The lesson uses the vocabulary item _____ in a business context.,reading method,customer revenue,independent skill,group result,B,The best answer in this context is 'customer revenue' (mijoz daromad).
1744,customer cost,mijoz xarajat,Medium,Business,EN→UZ,Choose the best Uzbek meaning of 'customer cost'.,mijoz xarajat,onlayn tizim,mobil jarayon,avtomatlashtirilgan xizmat,A,'customer cost' means 'mijoz xarajat' in Uzbek. Remember it together with its context.
1745,customer cost,mijoz xarajat,Medium,Business,UZ→EN,Choose the English word or phrase that matches the Uzbek meaning 'mijoz xarajat'.,online system,mobile process,automated service,customer cost,D,The English word or phrase for 'mijoz xarajat' is 'customer cost'.
1746,customer cost,mijoz xarajat,Medium,Business,Context,The lesson uses the vocabulary item _____ in a business context.,mobile process,automated service,customer cost,online system,C,The best answer in this context is 'customer cost' (mijoz xarajat).
1747,customer plan,mijoz reja,Medium,Business,EN→UZ,Choose the best Uzbek meaning of 'customer plan'.,xavfsiz tizim,mijoz reja,raqamli ilova,onlayn platforma,B,'customer plan' means 'mijoz reja' in Uzbek. Remember it together with its context.
1748,customer plan,mijoz reja,Medium,Business,UZ→EN,Choose the English word or phrase that matches the Uzbek meaning 'mijoz reja'.,customer plan,digital application,online platform,secure system,A,The English word or phrase for 'mijoz reja' is 'customer plan'.
1749,customer plan,mijoz reja,Medium,Business,Context,The lesson uses the vocabulary item _____ in a business context.,digital application,online platform,secure system,customer plan,D,The best answer in this context is 'customer plan' (mijoz reja).
1750,customer model,mijoz model,Medium,Business,EN→UZ,Choose the best Uzbek meaning of 'customer model'.,savdo model,moliyaviy daromad,mijoz model,mijoz fikr,C,'customer model' means 'mijoz model' in Uzbek. Remember it together with its context.
1751,customer model,mijoz model,Medium,Business,UZ→EN,Choose the English word or phrase that matches the Uzbek meaning 'mijoz model'.,financial revenue,customer model,customer feedback,sales model,B,The English word or phrase for 'mijoz model' is 'customer model'.
1752,customer model,mijoz model,Medium,Business,Context,The lesson uses the vocabulary item _____ in a business context.,customer model,customer feedback,sales model,financial revenue,A,The best answer in this context is 'customer model' (mijoz model).
1753,customer decision,mijoz qaror,Medium,Business,EN→UZ,Choose the best Uzbek meaning of 'customer decision'.,onlayn ilova,xavfsiz platforma,texnik tizim,mijoz qaror,D,'customer decision' means 'mijoz qaror' in Uzbek. Remember it together with its context.
1754,customer decision,mijoz qaror,Medium,Business,UZ→EN,Choose the English word or phrase that matches the Uzbek meaning 'mijoz qaror'.,secure platform,technical system,customer decision,online application,C,The English word or phrase for 'mijoz qaror' is 'customer decision'.
1755,customer decision,mijoz qaror,Medium,Business,Context,The lesson uses the vocabulary item _____ in a business context.,technical system,customer decision,online application,secure platform,B,The best answer in this context is 'customer decision' (mijoz qaror).
1756,customer opportunity,mijoz imkoniyat,Medium,Business,EN→UZ,Choose the best Uzbek meaning of 'customer opportunity'.,mijoz imkoniyat,onlayn ilova,xavfsiz platforma,texnik tizim,A,'customer opportunity' means 'mijoz imkoniyat' in Uzbek. Remember it together with its context.
1757,customer opportunity,mijoz imkoniyat,Medium,Business,UZ→EN,Choose the English word or phrase that matches the Uzbek meaning 'mijoz imkoniyat'.,online application,secure platform,technical system,customer opportunity,D,The English word or phrase for 'mijoz imkoniyat' is 'customer opportunity'.
1758,customer opportunity,mijoz imkoniyat,Medium,Business,Context,The lesson uses the vocabulary item _____ in a business context.,secure platform,technical system,customer opportunity,online application,C,The best answer in this context is 'customer opportunity' (mijoz imkoniyat).
1759,customer feedback,mijoz fikr,Medium,Business,EN→UZ,Choose the best Uzbek meaning of 'customer feedback'.,aqlli kirish,mijoz fikr,lug‘at baholash,raqamli qurilma,B,'customer feedback' means 'mijoz fikr' in Uzbek. Remember it together with its context.
1760,customer feedback,mijoz fikr,Medium,Business,UZ→EN,Choose the English word or phrase that matches the Uzbek meaning 'mijoz fikr'.,customer feedback,vocabulary assessment,digital device,smart access,A,The English word or phrase for 'mijoz fikr' is 'customer feedback'.
1761,customer feedback,mijoz fikr,Medium,Business,Context,The lesson uses the vocabulary item _____ in a business context.,vocabulary assessment,digital device,smart access,customer feedback,D,The best answer in this context is 'customer feedback' (mijoz fikr).
1762,market growth,bozor o‘sish,Medium,Business,EN→UZ,Choose the best Uzbek meaning of 'market growth'.,onlayn tarmoq,xavfsiz qurilma,bozor o‘sish,raqamli yechim,C,'market growth' means 'bozor o‘sish' in Uzbek. Remember it together with its context.
1763,market growth,bozor o‘sish,Medium,Business,UZ→EN,Choose the English word or phrase that matches the Uzbek meaning 'bozor o‘sish'.,secure device,market growth,digital solution,online network,B,The English word or phrase for 'bozor o‘sish' is 'market growth'.
1764,market growth,bozor o‘sish,Medium,Business,Context,The lesson uses the vocabulary item _____ in a business context.,market growth,digital solution,online network,secure device,A,The best answer in this context is 'market growth' (bozor o‘sish).
1765,market strategy,bozor strategiya,Medium,Business,EN→UZ,Choose the best Uzbek meaning of 'market strategy'.,ijtimoiy mas’uliyat,hamjamiyat masala,xalqaro tadbir,bozor strategiya,D,'market strategy' means 'bozor strategiya' in Uzbek. Remember it together with its context.
1766,market strategy,bozor strategiya,Medium,Business,UZ→EN,Choose the English word or phrase that matches the Uzbek meaning 'bozor strategiya'.,community issue,international event,market strategy,social responsibility,C,The English word or phrase for 'bozor strategiya' is 'market strategy'.
1767,market strategy,bozor strategiya,Medium,Business,Context,The lesson uses the vocabulary item _____ in a business context.,international event,market strategy,social responsibility,community issue,B,The best answer in this context is 'market strategy' (bozor strategiya).
1768,market demand,bozor talab,Medium,Business,EN→UZ,Choose the best Uzbek meaning of 'market demand'.,bozor talab,guruh usul,o‘qish baholash,o‘rganish topshiriq,A,'market demand' means 'bozor talab' in Uzbek. Remember it together with its context.
1769,market demand,bozor talab,Medium,Business,UZ→EN,Choose the English word or phrase that matches the Uzbek meaning 'bozor talab'.,group method,reading assessment,learning task,market demand,D,The English word or phrase for 'bozor talab' is 'market demand'.
1770,market demand,bozor talab,Medium,Business,Context,The lesson uses the vocabulary item _____ in a business context.,reading assessment,learning task,market demand,group method,C,The best answer in this context is 'market demand' (bozor talab).
1771,market revenue,bozor daromad,Medium,Business,EN→UZ,Choose the best Uzbek meaning of 'market revenue'.,biznes imkoniyat,bozor daromad,mijoz daromad,savdo strategiya,B,'market revenue' means 'bozor daromad' in Uzbek. Remember it together with its context.
1772,market revenue,bozor daromad,Medium,Business,UZ→EN,Choose the English word or phrase that matches the Uzbek meaning 'bozor daromad'.,market revenue,customer revenue,sales strategy,business opportunity,A,The English word or phrase for 'bozor daromad' is 'market revenue'.
1773,market revenue,bozor daromad,Medium,Business,Context,The lesson uses the vocabulary item _____ in a business context.,customer revenue,sales strategy,business opportunity,market revenue,D,The best answer in this context is 'market revenue' (bozor daromad).
1774,market cost,bozor xarajat,Medium,Business,EN→UZ,Choose the best Uzbek meaning of 'market cost'.,mahalliy tadbir,jamoat qadriyat,bozor xarajat,mahsulot daromad,C,'market cost' means 'bozor xarajat' in Uzbek. Remember it together with its context.
1775,market cost,bozor xarajat,Medium,Business,UZ→EN,Choose the English word or phrase that matches the Uzbek meaning 'bozor xarajat'.,public value,market cost,product revenue,local event,B,The English word or phrase for 'bozor xarajat' is 'market cost'.
1776,market cost,bozor xarajat,Medium,Business,Context,The lesson uses the vocabulary item _____ in a business context.,market cost,product revenue,local event,public value,A,The best answer in this context is 'market cost' (bozor xarajat).
1777,market plan,bozor reja,Medium,Business,EN→UZ,Choose the best Uzbek meaning of 'market plan'.,global fikr,mahsulot model,mahalliy masala,bozor reja,D,'market plan' means 'bozor reja' in Uzbek. Remember it together with its context.
1778,market plan,bozor reja,Medium,Business,UZ→EN,Choose the English word or phrase that matches the Uzbek meaning 'bozor reja'.,product model,local issue,market plan,global feedback,C,The English word or phrase for 'bozor reja' is 'market plan'.
1779,market plan,bozor reja,Medium,Business,Context,The lesson uses the vocabulary item _____ in a business context.,local issue,market plan,global feedback,product model,B,The best answer in this context is 'market plan' (bozor reja).
1780,market model,bozor model,Medium,Business,EN→UZ,Choose the best Uzbek meaning of 'market model'.,bozor model,noto‘g‘ri,yechim,akademik topshiriq,A,'market model' means 'bozor model' in Uzbek. Remember it together with its context.
1781,market model,bozor model,Medium,Business,UZ→EN,Choose the English word or phrase that matches the Uzbek meaning 'bozor model'.,incorrect,solution,academic task,market model,D,The English word or phrase for 'bozor model' is 'market model'.
1782,market model,bozor model,Medium,Business,Context,The lesson uses the vocabulary item _____ in a business context.,solution,academic task,market model,incorrect,C,The best answer in this context is 'market model' (bozor model).
1783,market decision,bozor qaror,Medium,Business,EN→UZ,Choose the best Uzbek meaning of 'market decision'.,ijtimoiy masala,bozor qaror,mahsulot fikr,mahalliy mas’uliyat,B,'market decision' means 'bozor qaror' in Uzbek. Remember it together with its context.
1784,market decision,bozor qaror,Medium,Business,UZ→EN,Choose the English word or phrase that matches the Uzbek meaning 'bozor qaror'.,market decision,product feedback,local responsibility,social issue,A,The English word or phrase for 'bozor qaror' is 'market decision'.
1785,market decision,bozor qaror,Medium,Business,Context,The lesson uses the vocabulary item _____ in a business context.,product feedback,local responsibility,social issue,market decision,D,The best answer in this context is 'market decision' (bozor qaror).
1786,market opportunity,bozor imkoniyat,Medium,Business,EN→UZ,Choose the best Uzbek meaning of 'market opportunity'.,mahalliy mas’uliyat,ijtimoiy masala,bozor imkoniyat,mahsulot fikr,C,'market opportunity' means 'bozor imkoniyat' in Uzbek. Remember it together with its context.
1787,market opportunity,bozor imkoniyat,Medium,Business,UZ→EN,Choose the English word or phrase that matches the Uzbek meaning 'bozor imkoniyat'.,social issue,market opportunity,product feedback,local responsibility,B,The English word or phrase for 'bozor imkoniyat' is 'market opportunity'.
1788,market opportunity,bozor imkoniyat,Medium,Business,Context,The lesson uses the vocabulary item _____ in a business context.,market opportunity,product feedback,local responsibility,social issue,A,The best answer in this context is 'market opportunity' (bozor imkoniyat).
1789,market feedback,bozor fikr,Medium,Business,EN→UZ,Choose the best Uzbek meaning of 'market feedback'.,moliyaviy qaror,global reja,mahsulot talab,bozor fikr,D,'market feedback' means 'bozor fikr' in Uzbek. Remember it together with its context.
1790,market feedback,bozor fikr,Medium,Business,UZ→EN,Choose the English word or phrase that matches the Uzbek meaning 'bozor fikr'.,global plan,product demand,market feedback,financial decision,C,The English word or phrase for 'bozor fikr' is 'market feedback'.
1791,market feedback,bozor fikr,Medium,Business,Context,The lesson uses the vocabulary item _____ in a business context.,product demand,market feedback,financial decision,global plan,B,The best answer in this context is 'market feedback' (bozor fikr).
1792,sales growth,savdo o‘sish,Medium,Business,EN→UZ,Choose the best Uzbek meaning of 'sales growth'.,savdo o‘sish,xizmat,onlayn baholash,muntazam topshiriq,A,'sales growth' means 'savdo o‘sish' in Uzbek. Remember it together with its context.
1793,sales growth,savdo o‘sish,Medium,Business,UZ→EN,Choose the English word or phrase that matches the Uzbek meaning 'savdo o‘sish'.,service,online assessment,regular task,sales growth,D,The English word or phrase for 'savdo o‘sish' is 'sales growth'.
1794,sales growth,savdo o‘sish,Medium,Business,Context,The lesson uses the vocabulary item _____ in a business context.,online assessment,regular task,sales growth,service,C,The best answer in this context is 'sales growth' (savdo o‘sish).
1795,sales strategy,savdo strategiya,Medium,Business,EN→UZ,Choose the best Uzbek meaning of 'sales strategy'.,mahalliy strategiya,savdo strategiya,bozor model,biznes xarajat,B,'sales strategy' means 'savdo strategiya' in Uzbek. Remember it together with its context.
1796,sales strategy,savdo strategiya,Medium,Business,UZ→EN,Choose the English word or phrase that matches the Uzbek meaning 'savdo strategiya'.,sales strategy,market model,business cost,local strategy,A,The English word or phrase for 'savdo strategiya' is 'sales strategy'.
1797,sales strategy,savdo strategiya,Medium,Business,Context,The lesson uses the vocabulary item _____ in a business context.,market model,business cost,local strategy,sales strategy,D,The best answer in this context is 'sales strategy' (savdo strategiya).
1798,sales demand,savdo talab,Medium,Business,EN→UZ,Choose the best Uzbek meaning of 'sales demand'.,natija,maqsad,savdo talab,milliy guruh,C,'sales demand' means 'savdo talab' in Uzbek. Remember it together with its context.
1799,sales demand,savdo talab,Medium,Business,UZ→EN,Choose the English word or phrase that matches the Uzbek meaning 'savdo talab'.,purpose,sales demand,national group,result,B,The English word or phrase for 'savdo talab' is 'sales demand'.
1800,sales demand,savdo talab,Medium,Business,Context,The lesson uses the vocabulary item _____ in a business context.,sales demand,national group,result,purpose,A,The best answer in this context is 'sales demand' (savdo talab).
1801,sales revenue,savdo daromad,Medium,Business,EN→UZ,Choose the best Uzbek meaning of 'sales revenue'.,o‘rganish baholash,aqlli qurilma,onlayn kirish,savdo daromad,D,'sales revenue' means 'savdo daromad' in Uzbek. Remember it together with its context.
1802,sales revenue,savdo daromad,Medium,Business,UZ→EN,Choose the English word or phrase that matches the Uzbek meaning 'savdo daromad'.,smart device,online access,sales revenue,learning assessment,C,The English word or phrase for 'savdo daromad' is 'sales revenue'.
1803,sales revenue,savdo daromad,Medium,Business,Context,The lesson uses the vocabulary item _____ in a business context.,online access,sales revenue,learning assessment,smart device,B,The best answer in this context is 'sales revenue' (savdo daromad).
1804,sales cost,savdo xarajat,Medium,Business,EN→UZ,Choose the best Uzbek meaning of 'sales cost'.,savdo xarajat,bulutli platforma,ma’lumot tizim,mijoz qaror,A,'sales cost' means 'savdo xarajat' in Uzbek. Remember it together with its context.
1805,sales cost,savdo xarajat,Medium,Business,UZ→EN,Choose the English word or phrase that matches the Uzbek meaning 'savdo xarajat'.,cloud platform,data system,customer decision,sales cost,D,The English word or phrase for 'savdo xarajat' is 'sales cost'.
1806,sales cost,savdo xarajat,Medium,Business,Context,The lesson uses the vocabulary item _____ in a business context.,data system,customer decision,sales cost,cloud platform,C,The best answer in this context is 'sales cost' (savdo xarajat).
1807,sales plan,savdo reja,Medium,Business,EN→UZ,Choose the best Uzbek meaning of 'sales plan'.,ma’lumot platforma,savdo reja,avtomatlashtirilgan kirish,bulutli ilova,B,'sales plan' means 'savdo reja' in Uzbek. Remember it together with its context.
1808,sales plan,savdo reja,Medium,Business,UZ→EN,Choose the English word or phrase that matches the Uzbek meaning 'savdo reja'.,sales plan,automated access,cloud application,data platform,A,The English word or phrase for 'savdo reja' is 'sales plan'.
1809,sales plan,savdo reja,Medium,Business,Context,The lesson uses the vocabulary item _____ in a business context.,automated access,cloud application,data platform,sales plan,D,The best answer in this context is 'sales plan' (savdo reja).
1810,sales model,savdo model,Medium,Business,EN→UZ,Choose the best Uzbek meaning of 'sales model'.,mahsulot o‘sish,kompaniya qaror,savdo model,global daromad,C,'sales model' means 'savdo model' in Uzbek. Remember it together with its context.
1811,sales model,savdo model,Medium,Business,UZ→EN,Choose the English word or phrase that matches the Uzbek meaning 'savdo model'.,company decision,sales model,global revenue,product growth,B,The English word or phrase for 'savdo model' is 'sales model'.
1812,sales model,savdo model,Medium,Business,Context,The lesson uses the vocabulary item _____ in a business context.,sales model,global revenue,product growth,company decision,A,The best answer in this context is 'sales model' (savdo model).
1813,sales decision,savdo qaror,Medium,Business,EN→UZ,Choose the best Uzbek meaning of 'sales decision'.,bulutli kirish,ma’lumot ilova,bozor daromad,savdo qaror,D,'sales decision' means 'savdo qaror' in Uzbek. Remember it together with its context.
1814,sales decision,savdo qaror,Medium,Business,UZ→EN,Choose the English word or phrase that matches the Uzbek meaning 'savdo qaror'.,data application,market revenue,sales decision,cloud access,C,The English word or phrase for 'savdo qaror' is 'sales decision'.
1815,sales decision,savdo qaror,Medium,Business,Context,The lesson uses the vocabulary item _____ in a business context.,market revenue,sales decision,cloud access,data application,B,The best answer in this context is 'sales decision' (savdo qaror).
1816,sales opportunity,savdo imkoniyat,Medium,Business,EN→UZ,Choose the best Uzbek meaning of 'sales opportunity'.,savdo imkoniyat,bulutli kirish,ma’lumot ilova,bozor daromad,A,'sales opportunity' means 'savdo imkoniyat' in Uzbek. Remember it together with its context.
1817,sales opportunity,savdo imkoniyat,Medium,Business,UZ→EN,Choose the English word or phrase that matches the Uzbek meaning 'savdo imkoniyat'.,cloud access,data application,market revenue,sales opportunity,D,The English word or phrase for 'savdo imkoniyat' is 'sales opportunity'.
1818,sales opportunity,savdo imkoniyat,Medium,Business,Context,The lesson uses the vocabulary item _____ in a business context.,data application,market revenue,sales opportunity,cloud access,C,The best answer in this context is 'sales opportunity' (savdo imkoniyat).
1819,sales feedback,savdo fikr,Medium,Business,EN→UZ,Choose the best Uzbek meaning of 'sales feedback'.,bulutli qurilma,savdo fikr,mobil yechim,avtomatlashtirilgan tarmoq,B,'sales feedback' means 'savdo fikr' in Uzbek. Remember it together with its context.
1820,sales feedback,savdo fikr,Medium,Business,UZ→EN,Choose the English word or phrase that matches the Uzbek meaning 'savdo fikr'.,sales feedback,mobile solution,automated network,cloud device,A,The English word or phrase for 'savdo fikr' is 'sales feedback'.
1821,sales feedback,savdo fikr,Medium,Business,Context,The lesson uses the vocabulary item _____ in a business context.,mobile solution,automated network,cloud device,sales feedback,D,The best answer in this context is 'sales feedback' (savdo fikr).
1822,business growth,biznes o‘sish,Medium,Business,EN→UZ,Choose the best Uzbek meaning of 'business growth'.,xalqaro xizmat,farqli,biznes o‘sish,hamjamiyat o‘zlik,C,'business growth' means 'biznes o‘sish' in Uzbek. Remember it together with its context.
1823,business growth,biznes o‘sish,Medium,Business,UZ→EN,Choose the English word or phrase that matches the Uzbek meaning 'biznes o‘sish'.,different,business growth,community identity,international service,B,The English word or phrase for 'biznes o‘sish' is 'business growth'.
1824,business growth,biznes o‘sish,Medium,Business,Context,The lesson uses the vocabulary item _____ in a business context.,business growth,community identity,international service,different,A,The best answer in this context is 'business growth' (biznes o‘sish).
1825,business strategy,biznes strategiya,Medium,Business,EN→UZ,Choose the best Uzbek meaning of 'business strategy'.,avtomatlashtirilgan jarayon,bulutli xizmat,ma’lumot vosita,biznes strategiya,D,'business strategy' means 'biznes strategiya' in Uzbek. Remember it together with its context.
1826,business strategy,biznes strategiya,Medium,Business,UZ→EN,Choose the English word or phrase that matches the Uzbek meaning 'biznes strategiya'.,cloud service,data tool,business strategy,automated process,C,The English word or phrase for 'biznes strategiya' is 'business strategy'.
1827,business strategy,biznes strategiya,Medium,Business,Context,The lesson uses the vocabulary item _____ in a business context.,data tool,business strategy,automated process,cloud service,B,The best answer in this context is 'business strategy' (biznes strategiya).
1828,business demand,biznes talab,Medium,Business,EN→UZ,Choose the best Uzbek meaning of 'business demand'.,biznes talab,kompaniya talab,jamoat xizmat,ijtimoiy mas’uliyat,A,'business demand' means 'biznes talab' in Uzbek. Remember it together with its context.
1829,business demand,biznes talab,Medium,Business,UZ→EN,Choose the English word or phrase that matches the Uzbek meaning 'biznes talab'.,company demand,public service,social responsibility,business demand,D,The English word or phrase for 'biznes talab' is 'business demand'.
1830,business demand,biznes talab,Medium,Business,Context,The lesson uses the vocabulary item _____ in a business context.,public service,social responsibility,business demand,company demand,C,The best answer in this context is 'business demand' (biznes talab).
1831,business revenue,biznes daromad,Medium,Business,EN→UZ,Choose the best Uzbek meaning of 'business revenue'.,til maqsad,biznes daromad,muntazam rivojlanish,guruh mashq,B,'business revenue' means 'biznes daromad' in Uzbek. Remember it together with its context.
1832,business revenue,biznes daromad,Medium,Business,UZ→EN,Choose the English word or phrase that matches the Uzbek meaning 'biznes daromad'.,business revenue,regular progress,group practice,language goal,A,The English word or phrase for 'biznes daromad' is 'business revenue'.
1833,business revenue,biznes daromad,Medium,Business,Context,The lesson uses the vocabulary item _____ in a business context.,regular progress,group practice,language goal,business revenue,D,The best answer in this context is 'business revenue' (biznes daromad).
1834,business cost,biznes xarajat,Medium,Business,EN→UZ,Choose the best Uzbek meaning of 'business cost'.,mobil vosita,xavfsiz yechim,biznes xarajat,aqlli xizmat,C,'business cost' means 'biznes xarajat' in Uzbek. Remember it together with its context.
1835,business cost,biznes xarajat,Medium,Business,UZ→EN,Choose the English word or phrase that matches the Uzbek meaning 'biznes xarajat'.,secure solution,business cost,smart service,mobile tool,B,The English word or phrase for 'biznes xarajat' is 'business cost'.
1836,business cost,biznes xarajat,Medium,Business,Context,The lesson uses the vocabulary item _____ in a business context.,business cost,smart service,mobile tool,secure solution,A,The best answer in this context is 'business cost' (biznes xarajat).
1837,business plan,biznes reja,Medium,Business,EN→UZ,Choose the best Uzbek meaning of 'business plan'.,raqamli tizim,aqlli jarayon,mobil xizmat,biznes reja,D,'business plan' means 'biznes reja' in Uzbek. Remember it together with its context.
1838,business plan,biznes reja,Medium,Business,UZ→EN,Choose the English word or phrase that matches the Uzbek meaning 'biznes reja'.,smart process,mobile service,business plan,digital system,C,The English word or phrase for 'biznes reja' is 'business plan'.
1839,business plan,biznes reja,Medium,Business,Context,The lesson uses the vocabulary item _____ in a business context.,mobile service,business plan,digital system,smart process,B,The best answer in this context is 'business plan' (biznes reja).
1840,business model,biznes model,Medium,Business,EN→UZ,Choose the best Uzbek meaning of 'business model'.,biznes model,mijoz talab,bozor fikr,biznes qaror,A,'business model' means 'biznes model' in Uzbek. Remember it together with its context.
1841,business model,biznes model,Medium,Business,UZ→EN,Choose the English word or phrase that matches the Uzbek meaning 'biznes model'.,customer demand,market feedback,business decision,business model,D,The English word or phrase for 'biznes model' is 'business model'.
1842,business model,biznes model,Medium,Business,Context,The lesson uses the vocabulary item _____ in a business context.,market feedback,business decision,business model,customer demand,C,The best answer in this context is 'business model' (biznes model).
1843,business decision,biznes qaror,Medium,Business,EN→UZ,Choose the best Uzbek meaning of 'business decision'.,avtomatlashtirilgan xizmat,biznes qaror,onlayn tizim,mobil jarayon,B,'business decision' means 'biznes qaror' in Uzbek. Remember it together with its context.
1844,business decision,biznes qaror,Medium,Business,UZ→EN,Choose the English word or phrase that matches the Uzbek meaning 'biznes qaror'.,business decision,online system,mobile process,automated service,A,The English word or phrase for 'biznes qaror' is 'business decision'.
1845,business decision,biznes qaror,Medium,Business,Context,The lesson uses the vocabulary item _____ in a business context.,online system,mobile process,automated service,business decision,D,The best answer in this context is 'business decision' (biznes qaror).
1846,business opportunity,biznes imkoniyat,Medium,Business,EN→UZ,Choose the best Uzbek meaning of 'business opportunity'.,mobil jarayon,avtomatlashtirilgan xizmat,biznes imkoniyat,onlayn tizim,C,'business opportunity' means 'biznes imkoniyat' in Uzbek. Remember it together with its context.
1847,business opportunity,biznes imkoniyat,Medium,Business,UZ→EN,Choose the English word or phrase that matches the Uzbek meaning 'biznes imkoniyat'.,automated service,business opportunity,online system,mobile process,B,The English word or phrase for 'biznes imkoniyat' is 'business opportunity'.
1848,business opportunity,biznes imkoniyat,Medium,Business,Context,The lesson uses the vocabulary item _____ in a business context.,business opportunity,online system,mobile process,automated service,A,The best answer in this context is 'business opportunity' (biznes imkoniyat).
1849,business feedback,biznes fikr,Medium,Business,EN→UZ,Choose the best Uzbek meaning of 'business feedback'.,o‘qish fikr-mulohaza,o‘rganish usul,aqlli platforma,biznes fikr,D,'business feedback' means 'biznes fikr' in Uzbek. Remember it together with its context.
1850,business feedback,biznes fikr,Medium,Business,UZ→EN,Choose the English word or phrase that matches the Uzbek meaning 'biznes fikr'.,learning method,smart platform,business feedback,reading feedback,C,The English word or phrase for 'biznes fikr' is 'business feedback'.
1851,business feedback,biznes fikr,Medium,Business,Context,The lesson uses the vocabulary item _____ in a business context.,smart platform,business feedback,reading feedback,learning method,B,The best answer in this context is 'business feedback' (biznes fikr).
1852,financial growth,moliyaviy o‘sish,Medium,Business,EN→UZ,Choose the best Uzbek meaning of 'financial growth'.,moliyaviy o‘sish,biznes,onlayn strategiya,muntazam ko‘nikma,A,'financial growth' means 'moliyaviy o‘sish' in Uzbek. Remember it together with its context.
1853,financial growth,moliyaviy o‘sish,Medium,Business,UZ→EN,Choose the English word or phrase that matches the Uzbek meaning 'moliyaviy o‘sish'.,business,online strategy,regular skill,financial growth,D,The English word or phrase for 'moliyaviy o‘sish' is 'financial growth'.
1854,financial growth,moliyaviy o‘sish,Medium,Business,Context,The lesson uses the vocabulary item _____ in a business context.,online strategy,regular skill,financial growth,business,C,The best answer in this context is 'financial growth' (moliyaviy o‘sish).
1855,financial strategy,moliyaviy strategiya,Medium,Business,EN→UZ,Choose the best Uzbek meaning of 'financial strategy'.,moliyaviy fikr,moliyaviy strategiya,bozor xarajat,biznes strategiya,B,'financial strategy' means 'moliyaviy strategiya' in Uzbek. Remember it together with its context.
1856,financial strategy,moliyaviy strategiya,Medium,Business,UZ→EN,Choose the English word or phrase that matches the Uzbek meaning 'moliyaviy strategiya'.,financial strategy,market cost,business strategy,financial feedback,A,The English word or phrase for 'moliyaviy strategiya' is 'financial strategy'.
1857,financial strategy,moliyaviy strategiya,Medium,Business,Context,The lesson uses the vocabulary item _____ in a business context.,market cost,business strategy,financial feedback,financial strategy,D,The best answer in this context is 'financial strategy' (moliyaviy strategiya).
1858,financial demand,moliyaviy talab,Medium,Business,EN→UZ,Choose the best Uzbek meaning of 'financial demand'.,diqqatni jamlamoq,taqqoslamoq,moliyaviy talab,milliy xizmat,C,'financial demand' means 'moliyaviy talab' in Uzbek. Remember it together with its context.
1859,financial demand,moliyaviy talab,Medium,Business,UZ→EN,Choose the English word or phrase that matches the Uzbek meaning 'moliyaviy talab'.,compare,financial demand,national service,focus,B,The English word or phrase for 'moliyaviy talab' is 'financial demand'.
1860,financial demand,moliyaviy talab,Medium,Business,Context,The lesson uses the vocabulary item _____ in a business context.,financial demand,national service,focus,compare,A,The best answer in this context is 'financial demand' (moliyaviy talab).
1861,financial revenue,moliyaviy daromad,Medium,Business,EN→UZ,Choose the best Uzbek meaning of 'financial revenue'.,o‘rganish strategiya,aqlli tizim,onlayn jarayon,moliyaviy daromad,D,'financial revenue' means 'moliyaviy daromad' in Uzbek. Remember it together with its context.
1862,financial revenue,moliyaviy daromad,Medium,Business,UZ→EN,Choose the English word or phrase that matches the Uzbek meaning 'moliyaviy daromad'.,smart system,online process,financial revenue,learning strategy,C,The English word or phrase for 'moliyaviy daromad' is 'financial revenue'.
1863,financial revenue,moliyaviy daromad,Medium,Business,Context,The lesson uses the vocabulary item _____ in a business context.,online process,financial revenue,learning strategy,smart system,B,The best answer in this context is 'financial revenue' (moliyaviy daromad).
1864,financial cost,moliyaviy xarajat,Medium,Business,EN→UZ,Choose the best Uzbek meaning of 'financial cost'.,moliyaviy xarajat,bulutli vosita,virtual yechim,mijoz reja,A,'financial cost' means 'moliyaviy xarajat' in Uzbek. Remember it together with its context.
1865,financial cost,moliyaviy xarajat,Medium,Business,UZ→EN,Choose the English word or phrase that matches the Uzbek meaning 'moliyaviy xarajat'.,cloud tool,virtual solution,customer plan,financial cost,D,The English word or phrase for 'moliyaviy xarajat' is 'financial cost'.
1866,financial cost,moliyaviy xarajat,Medium,Business,Context,The lesson uses the vocabulary item _____ in a business context.,virtual solution,customer plan,financial cost,cloud tool,C,The best answer in this context is 'financial cost' (moliyaviy xarajat).
1867,financial plan,moliyaviy reja,Medium,Business,EN→UZ,Choose the best Uzbek meaning of 'financial plan'.,ma’lumot vosita,moliyaviy reja,avtomatlashtirilgan jarayon,bulutli xizmat,B,'financial plan' means 'moliyaviy reja' in Uzbek. Remember it together with its context.
1868,financial plan,moliyaviy reja,Medium,Business,UZ→EN,Choose the English word or phrase that matches the Uzbek meaning 'moliyaviy reja'.,financial plan,automated process,cloud service,data tool,A,The English word or phrase for 'moliyaviy reja' is 'financial plan'.
1869,financial plan,moliyaviy reja,Medium,Business,Context,The lesson uses the vocabulary item _____ in a business context.,automated process,cloud service,data tool,financial plan,D,The best answer in this context is 'financial plan' (moliyaviy reja).
1870,financial model,moliyaviy model,Medium,Business,EN→UZ,Choose the best Uzbek meaning of 'financial model'.,xizmat imkoniyat,kompaniya reja,moliyaviy model,global strategiya,C,'financial model' means 'moliyaviy model' in Uzbek. Remember it together with its context.
1871,financial model,moliyaviy model,Medium,Business,UZ→EN,Choose the English word or phrase that matches the Uzbek meaning 'moliyaviy model'.,company plan,financial model,global strategy,service opportunity,B,The English word or phrase for 'moliyaviy model' is 'financial model'.
1872,financial model,moliyaviy model,Medium,Business,Context,The lesson uses the vocabulary item _____ in a business context.,financial model,global strategy,service opportunity,company plan,A,The best answer in this context is 'financial model' (moliyaviy model).
1873,financial decision,moliyaviy qaror,Medium,Business,EN→UZ,Choose the best Uzbek meaning of 'financial decision'.,bulutli jarayon,ma’lumot xizmat,bozor strategiya,moliyaviy qaror,D,'financial decision' means 'moliyaviy qaror' in Uzbek. Remember it together with its context.
1874,financial decision,moliyaviy qaror,Medium,Business,UZ→EN,Choose the English word or phrase that matches the Uzbek meaning 'moliyaviy qaror'.,data service,market strategy,financial decision,cloud process,C,The English word or phrase for 'moliyaviy qaror' is 'financial decision'.
1875,financial decision,moliyaviy qaror,Medium,Business,Context,The lesson uses the vocabulary item _____ in a business context.,market strategy,financial decision,cloud process,data service,B,The best answer in this context is 'financial decision' (moliyaviy qaror).
1876,financial opportunity,moliyaviy imkoniyat,Medium,Business,EN→UZ,Choose the best Uzbek meaning of 'financial opportunity'.,moliyaviy imkoniyat,bulutli jarayon,ma’lumot xizmat,bozor strategiya,A,'financial opportunity' means 'moliyaviy imkoniyat' in Uzbek. Remember it together with its context.
1877,financial opportunity,moliyaviy imkoniyat,Medium,Business,UZ→EN,Choose the English word or phrase that matches the Uzbek meaning 'moliyaviy imkoniyat'.,cloud process,data service,market strategy,financial opportunity,D,The English word or phrase for 'moliyaviy imkoniyat' is 'financial opportunity'.
1878,financial opportunity,moliyaviy imkoniyat,Medium,Business,Context,The lesson uses the vocabulary item _____ in a business context.,data service,market strategy,financial opportunity,cloud process,C,The best answer in this context is 'financial opportunity' (moliyaviy imkoniyat).
1879,financial feedback,moliyaviy fikr,Medium,Business,EN→UZ,Choose the best Uzbek meaning of 'financial feedback'.,bulutli tizim,moliyaviy fikr,mobil ilova,avtomatlashtirilgan platforma,B,'financial feedback' means 'moliyaviy fikr' in Uzbek. Remember it together with its context.
1880,financial feedback,moliyaviy fikr,Medium,Business,UZ→EN,Choose the English word or phrase that matches the Uzbek meaning 'moliyaviy fikr'.,financial feedback,mobile application,automated platform,cloud system,A,The English word or phrase for 'moliyaviy fikr' is 'financial feedback'.
1881,financial feedback,moliyaviy fikr,Medium,Business,Context,The lesson uses the vocabulary item _____ in a business context.,mobile application,automated platform,cloud system,financial feedback,D,The best answer in this context is 'financial feedback' (moliyaviy fikr).
1882,local growth,mahalliy o‘sish,Medium,Business,EN→UZ,Choose the best Uzbek meaning of 'local growth'.,akademik topshiriq,onlayn fikr-mulohaza,mahalliy o‘sish,yechim,C,'local growth' means 'mahalliy o‘sish' in Uzbek. Remember it together with its context.
1883,local growth,mahalliy o‘sish,Medium,Business,UZ→EN,Choose the English word or phrase that matches the Uzbek meaning 'mahalliy o‘sish'.,online feedback,local growth,solution,academic task,B,The English word or phrase for 'mahalliy o‘sish' is 'local growth'.
1884,local growth,mahalliy o‘sish,Medium,Business,Context,The lesson uses the vocabulary item _____ in a business context.,local growth,solution,academic task,online feedback,A,The best answer in this context is 'local growth' (mahalliy o‘sish).
1885,local strategy,mahalliy strategiya,Medium,Business,EN→UZ,Choose the best Uzbek meaning of 'local strategy'.,mijoz daromad,savdo o‘sish,biznes qaror,mahalliy strategiya,D,'local strategy' means 'mahalliy strategiya' in Uzbek. Remember it together with its context.
1886,local strategy,mahalliy strategiya,Medium,Business,UZ→EN,Choose the English word or phrase that matches the Uzbek meaning 'mahalliy strategiya'.,sales growth,business decision,local strategy,customer revenue,C,The English word or phrase for 'mahalliy strategiya' is 'local strategy'.
1887,local strategy,mahalliy strategiya,Medium,Business,Context,The lesson uses the vocabulary item _____ in a business context.,business decision,local strategy,customer revenue,sales growth,B,The best answer in this context is 'local strategy' (mahalliy strategiya).
1888,local demand,mahalliy talab,Medium,Business,EN→UZ,Choose the best Uzbek meaning of 'local demand'.,mahalliy talab,madaniy loyiha,milliy qo‘llab-quvvatlash,tushuntirmoq,A,'local demand' means 'mahalliy talab' in Uzbek. Remember it together with its context.
1889,local demand,mahalliy talab,Medium,Business,UZ→EN,Choose the English word or phrase that matches the Uzbek meaning 'mahalliy talab'.,cultural project,national support,explain,local demand,D,The English word or phrase for 'mahalliy talab' is 'local demand'.
1890,local demand,mahalliy talab,Medium,Business,Context,The lesson uses the vocabulary item _____ in a business context.,national support,explain,local demand,cultural project,C,The best answer in this context is 'local demand' (mahalliy talab).
1891,local revenue,mahalliy daromad,Medium,Business,EN→UZ,Choose the best Uzbek meaning of 'local revenue'.,aqlli ilova,mahalliy daromad,lug‘at topshiriq,o‘rganish fikr-mulohaza,B,'local revenue' means 'mahalliy daromad' in Uzbek. Remember it together with its context.
1892,local revenue,mahalliy daromad,Medium,Business,UZ→EN,Choose the English word or phrase that matches the Uzbek meaning 'mahalliy daromad'.,local revenue,vocabulary task,learning feedback,smart application,A,The English word or phrase for 'mahalliy daromad' is 'local revenue'.
1893,local revenue,mahalliy daromad,Medium,Business,Context,The lesson uses the vocabulary item _____ in a business context.,vocabulary task,learning feedback,smart application,local revenue,D,The best answer in this context is 'local revenue' (mahalliy daromad).
1894,local cost,mahalliy xarajat,Medium,Business,EN→UZ,Choose the best Uzbek meaning of 'local cost'.,bulutli jarayon,ma’lumot xizmat,mahalliy xarajat,texnik tizim,C,'local cost' means 'mahalliy xarajat' in Uzbek. Remember it together with its context.
1895,local cost,mahalliy xarajat,Medium,Business,UZ→EN,Choose the English word or phrase that matches the Uzbek meaning 'mahalliy xarajat'.,data service,local cost,technical system,cloud process,B,The English word or phrase for 'mahalliy xarajat' is 'local cost'.
1896,local cost,mahalliy xarajat,Medium,Business,Context,The lesson uses the vocabulary item _____ in a business context.,local cost,technical system,cloud process,data service,A,The best answer in this context is 'local cost' (mahalliy xarajat).
1897,local model,mahalliy model,Medium,Business,EN→UZ,Choose the best Uzbek meaning of 'local model'.,moliyaviy imkoniyat,global qaror,mahsulot xarajat,mahalliy model,D,'local model' means 'mahalliy model' in Uzbek. Remember it together with its context.
1898,local model,mahalliy model,Medium,Business,UZ→EN,Choose the English word or phrase that matches the Uzbek meaning 'mahalliy model'.,global decision,product cost,local model,financial opportunity,C,The English word or phrase for 'mahalliy model' is 'local model'.
1899,local model,mahalliy model,Medium,Business,Context,The lesson uses the vocabulary item _____ in a business context.,product cost,local model,financial opportunity,global decision,B,The best answer in this context is 'local model' (mahalliy model).
1900,local decision,mahalliy qaror,Medium,Business,EN→UZ,Choose the best Uzbek meaning of 'local decision'.,mahalliy qaror,texnik ilova,virtual platforma,mijoz o‘sish,A,'local decision' means 'mahalliy qaror' in Uzbek. Remember it together with its context.
1901,local decision,mahalliy qaror,Medium,Business,UZ→EN,Choose the English word or phrase that matches the Uzbek meaning 'mahalliy qaror'.,technical application,virtual platform,customer growth,local decision,D,The English word or phrase for 'mahalliy qaror' is 'local decision'.
1902,local decision,mahalliy qaror,Medium,Business,Context,The lesson uses the vocabulary item _____ in a business context.,virtual platform,customer growth,local decision,technical application,C,The best answer in this context is 'local decision' (mahalliy qaror).
1903,local opportunity,mahalliy imkoniyat,Medium,Business,EN→UZ,Choose the best Uzbek meaning of 'local opportunity'.,mijoz o‘sish,mahalliy imkoniyat,texnik ilova,virtual platforma,B,'local opportunity' means 'mahalliy imkoniyat' in Uzbek. Remember it together with its context.
1904,local opportunity,mahalliy imkoniyat,Medium,Business,UZ→EN,Choose the English word or phrase that matches the Uzbek meaning 'mahalliy imkoniyat'.,local opportunity,technical application,virtual platform,customer growth,A,The English word or phrase for 'mahalliy imkoniyat' is 'local opportunity'.
1905,local opportunity,mahalliy imkoniyat,Medium,Business,Context,The lesson uses the vocabulary item _____ in a business context.,technical application,virtual platform,customer growth,local opportunity,D,The best answer in this context is 'local opportunity' (mahalliy imkoniyat).
1906,local feedback,mahalliy fikr,Medium,Business,EN→UZ,Choose the best Uzbek meaning of 'local feedback'.,xavfsiz qurilma,avtomatlashtirilgan kirish,mahalliy fikr,onlayn tarmoq,C,'local feedback' means 'mahalliy fikr' in Uzbek. Remember it together with its context.
1907,local feedback,mahalliy fikr,Medium,Business,UZ→EN,Choose the English word or phrase that matches the Uzbek meaning 'mahalliy fikr'.,automated access,local feedback,online network,secure device,B,The English word or phrase for 'mahalliy fikr' is 'local feedback'.
1908,local feedback,mahalliy fikr,Medium,Business,Context,The lesson uses the vocabulary item _____ in a business context.,local feedback,online network,secure device,automated access,A,The best answer in this context is 'local feedback' (mahalliy fikr).
1909,global growth,global o‘sish,Medium,Business,EN→UZ,Choose the best Uzbek meaning of 'global growth'.,lug‘at fikr-mulohaza,raqamli ilova,onlayn platforma,global o‘sish,D,'global growth' means 'global o‘sish' in Uzbek. Remember it together with its context.
1910,global growth,global o‘sish,Medium,Business,UZ→EN,Choose the English word or phrase that matches the Uzbek meaning 'global o‘sish'.,digital application,online platform,global growth,vocabulary feedback,C,The English word or phrase for 'global o‘sish' is 'global growth'.
1911,global growth,global o‘sish,Medium,Business,Context,The lesson uses the vocabulary item _____ in a business context.,online platform,global growth,vocabulary feedback,digital application,B,The best answer in this context is 'global growth' (global o‘sish).
1912,global strategy,global strategiya,Medium,Business,EN→UZ,Choose the best Uzbek meaning of 'global strategy'.,global strategiya,mahalliy qadriyat,ijtimoiy o‘zgarish,hamjamiyat guruh,A,'global strategy' means 'global strategiya' in Uzbek. Remember it together with its context.
1913,global strategy,global strategiya,Medium,Business,UZ→EN,Choose the English word or phrase that matches the Uzbek meaning 'global strategiya'.,local value,social change,community group,global strategy,D,The English word or phrase for 'global strategiya' is 'global strategy'.
1914,global strategy,global strategiya,Medium,Business,Context,The lesson uses the vocabulary item _____ in a business context.,social change,community group,global strategy,local value,C,The best answer in this context is 'global strategy' (global strategiya).
1915,global demand,global talab,Medium,Business,EN→UZ,Choose the best Uzbek meaning of 'global demand'.,o‘qish strategiya,global talab,muntazam natija,guruh rivojlanish,B,'global demand' means 'global talab' in Uzbek. Remember it together with its context.
1916,global demand,global talab,Medium,Business,UZ→EN,Choose the English word or phrase that matches the Uzbek meaning 'global talab'.,global demand,regular result,group progress,reading strategy,A,The English word or phrase for 'global talab' is 'global demand'.
1917,global demand,global talab,Medium,Business,Context,The lesson uses the vocabulary item _____ in a business context.,regular result,group progress,reading strategy,global demand,D,The best answer in this context is 'global demand' (global talab).
1918,global revenue,global daromad,Medium,Business,EN→UZ,Choose the best Uzbek meaning of 'global revenue'.,mijoz strategiya,bozor imkoniyat,global daromad,virtual xizmat,C,'global revenue' means 'global daromad' in Uzbek. Remember it together with its context.
1919,global revenue,global daromad,Medium,Business,UZ→EN,Choose the English word or phrase that matches the Uzbek meaning 'global daromad'.,market opportunity,global revenue,virtual service,customer strategy,B,The English word or phrase for 'global daromad' is 'global revenue'.
1920,global revenue,global daromad,Medium,Business,Context,The lesson uses the vocabulary item _____ in a business context.,global revenue,virtual service,customer strategy,market opportunity,A,The best answer in this context is 'global revenue' (global daromad).
1921,global cost,global xarajat,Medium,Business,EN→UZ,Choose the best Uzbek meaning of 'global cost'.,global daromad,mahsulot strategiya,kompaniya imkoniyat,global xarajat,D,'global cost' means 'global xarajat' in Uzbek. Remember it together with its context.
1922,global cost,global xarajat,Medium,Business,UZ→EN,Choose the English word or phrase that matches the Uzbek meaning 'global xarajat'.,product strategy,company opportunity,global cost,global revenue,C,The English word or phrase for 'global xarajat' is 'global cost'.
1923,global cost,global xarajat,Medium,Business,Context,The lesson uses the vocabulary item _____ in a business context.,company opportunity,global cost,global revenue,product strategy,B,The best answer in this context is 'global cost' (global xarajat).
1924,global plan,global reja,Medium,Business,EN→UZ,Choose the best Uzbek meaning of 'global plan'.,global reja,moliyaviy imkoniyat,global qaror,mahsulot xarajat,A,'global plan' means 'global reja' in Uzbek. Remember it together with its context.
1925,global plan,global reja,Medium,Business,UZ→EN,Choose the English word or phrase that matches the Uzbek meaning 'global reja'.,financial opportunity,global decision,product cost,global plan,D,The English word or phrase for 'global reja' is 'global plan'.
1926,global plan,global reja,Medium,Business,Context,The lesson uses the vocabulary item _____ in a business context.,global decision,product cost,global plan,financial opportunity,C,The best answer in this context is 'global plan' (global reja).
1927,global model,global model,Medium,Business,EN→UZ,Choose the best Uzbek meaning of 'global model'.,foyda,global model,milliy o‘zlik,ball,B,'global model' means 'global model' in Uzbek. Remember it together with its context.
1928,global model,global model,Medium,Business,UZ→EN,Choose the English word or phrase that matches the Uzbek meaning 'global model'.,global model,national identity,score,benefit,A,The English word or phrase for 'global model' is 'global model'.
1929,global model,global model,Medium,Business,Context,The lesson uses the vocabulary item _____ in a business context.,national identity,score,benefit,global model,D,The best answer in this context is 'global model' (global model).
1930,global decision,global qaror,Medium,Business,EN→UZ,Choose the best Uzbek meaning of 'global decision'.,mahsulot qaror,mahalliy o‘zgarish,global qaror,xizmat o‘sish,C,'global decision' means 'global qaror' in Uzbek. Remember it together with its context.
1931,global decision,global qaror,Medium,Business,UZ→EN,Choose the English word or phrase that matches the Uzbek meaning 'global qaror'.,local change,global decision,service growth,product decision,B,The English word or phrase for 'global qaror' is 'global decision'.
1932,global decision,global qaror,Medium,Business,Context,The lesson uses the vocabulary item _____ in a business context.,global decision,service growth,product decision,local change,A,The best answer in this context is 'global decision' (global qaror).
1933,global opportunity,global imkoniyat,Medium,Business,EN→UZ,Choose the best Uzbek meaning of 'global opportunity'.,xizmat o‘sish,mahsulot qaror,mahalliy o‘zgarish,global imkoniyat,D,'global opportunity' means 'global imkoniyat' in Uzbek. Remember it together with its context.
1934,global opportunity,global imkoniyat,Medium,Business,UZ→EN,Choose the English word or phrase that matches the Uzbek meaning 'global imkoniyat'.,product decision,local change,global opportunity,service growth,C,The English word or phrase for 'global imkoniyat' is 'global opportunity'.
1935,global opportunity,global imkoniyat,Medium,Business,Context,The lesson uses the vocabulary item _____ in a business context.,local change,global opportunity,service growth,product decision,B,The best answer in this context is 'global opportunity' (global imkoniyat).
1936,global feedback,global fikr,Medium,Business,EN→UZ,Choose the best Uzbek meaning of 'global feedback'.,global fikr,savdo qaror,moliyaviy xarajat,global talab,A,'global feedback' means 'global fikr' in Uzbek. Remember it together with its context.
1937,global feedback,global fikr,Medium,Business,UZ→EN,Choose the English word or phrase that matches the Uzbek meaning 'global fikr'.,sales decision,financial cost,global demand,global feedback,D,The English word or phrase for 'global fikr' is 'global feedback'.
1938,global feedback,global fikr,Medium,Business,Context,The lesson uses the vocabulary item _____ in a business context.,financial cost,global demand,global feedback,sales decision,C,The best answer in this context is 'global feedback' (global fikr).
1939,service growth,xizmat o‘sish,Medium,Business,EN→UZ,Choose the best Uzbek meaning of 'service growth'.,mahalliy strategiya,xizmat o‘sish,bozor qaror,biznes xarajat,B,'service growth' means 'xizmat o‘sish' in Uzbek. Remember it together with its context.
1940,service growth,xizmat o‘sish,Medium,Business,UZ→EN,Choose the English word or phrase that matches the Uzbek meaning 'xizmat o‘sish'.,service growth,market decision,business cost,local strategy,A,The English word or phrase for 'xizmat o‘sish' is 'service growth'.
1941,service growth,xizmat o‘sish,Medium,Business,Context,The lesson uses the vocabulary item _____ in a business context.,market decision,business cost,local strategy,service growth,D,The best answer in this context is 'service growth' (xizmat o‘sish).
1942,service strategy,xizmat strategiya,Medium,Business,EN→UZ,Choose the best Uzbek meaning of 'service strategy'.,mustaqil fikr-mulohaza,til usul,xizmat strategiya,muntazam topshiriq,C,'service strategy' means 'xizmat strategiya' in Uzbek. Remember it together with its context.
1943,service strategy,xizmat strategiya,Medium,Business,UZ→EN,Choose the English word or phrase that matches the Uzbek meaning 'xizmat strategiya'.,language method,service strategy,regular task,independent feedback,B,The English word or phrase for 'xizmat strategiya' is 'service strategy'.
1944,service strategy,xizmat strategiya,Medium,Business,Context,The lesson uses the vocabulary item _____ in a business context.,service strategy,regular task,independent feedback,language method,A,The best answer in this context is 'service strategy' (xizmat strategiya).
1945,service demand,xizmat talab,Medium,Business,EN→UZ,Choose the best Uzbek meaning of 'service demand'.,texnik jarayon,virtual xizmat,mijoz strategiya,xizmat talab,D,'service demand' means 'xizmat talab' in Uzbek. Remember it together with its context.
1946,service demand,xizmat talab,Medium,Business,UZ→EN,Choose the English word or phrase that matches the Uzbek meaning 'xizmat talab'.,virtual service,customer strategy,service demand,technical process,C,The English word or phrase for 'xizmat talab' is 'service demand'.
1947,service demand,xizmat talab,Medium,Business,Context,The lesson uses the vocabulary item _____ in a business context.,customer strategy,service demand,technical process,virtual service,B,The best answer in this context is 'service demand' (xizmat talab).
1948,service revenue,xizmat daromad,Medium,Business,EN→UZ,Choose the best Uzbek meaning of 'service revenue'.,xizmat daromad,jamoat o‘zgarish,madaniy guruh,hamjamiyat loyiha,A,'service revenue' means 'xizmat daromad' in Uzbek. Remember it together with its context.
1949,service revenue,xizmat daromad,Medium,Business,UZ→EN,Choose the English word or phrase that matches the Uzbek meaning 'xizmat daromad'.,public change,cultural group,community project,service revenue,D,The English word or phrase for 'xizmat daromad' is 'service revenue'.
1950,service revenue,xizmat daromad,Medium,Business,Context,The lesson uses the vocabulary item _____ in a business context.,cultural group,community project,service revenue,public change,C,The best answer in this context is 'service revenue' (xizmat daromad).
1951,service cost,xizmat xarajat,Medium,Business,EN→UZ,Choose the best Uzbek meaning of 'service cost'.,amaliy strategiya,xizmat xarajat,qurilma,akademik usul,B,'service cost' means 'xizmat xarajat' in Uzbek. Remember it together with its context.
1952,service cost,xizmat xarajat,Medium,Business,UZ→EN,Choose the English word or phrase that matches the Uzbek meaning 'xizmat xarajat'.,service cost,device,academic method,practical strategy,A,The English word or phrase for 'xizmat xarajat' is 'service cost'.
1953,service cost,xizmat xarajat,Medium,Business,Context,The lesson uses the vocabulary item _____ in a business context.,device,academic method,practical strategy,service cost,D,The best answer in this context is 'service cost' (xizmat xarajat).
1954,service plan,xizmat reja,Medium,Business,EN→UZ,Choose the best Uzbek meaning of 'service plan'.,manba,akademik fikr-mulohaza,xizmat reja,kamaymoq,C,'service plan' means 'xizmat reja' in Uzbek. Remember it together with its context.
1955,service plan,xizmat reja,Medium,Business,UZ→EN,Choose the English word or phrase that matches the Uzbek meaning 'xizmat reja'.,academic feedback,service plan,decrease,source,B,The English word or phrase for 'xizmat reja' is 'service plan'.
1956,service plan,xizmat reja,Medium,Business,Context,The lesson uses the vocabulary item _____ in a business context.,service plan,decrease,source,academic feedback,A,The best answer in this context is 'service plan' (xizmat reja).
1957,service model,xizmat model,Medium,Business,EN→UZ,Choose the best Uzbek meaning of 'service model'.,o‘qish fikr-mulohaza,o‘rganish usul,aqlli platforma,xizmat model,D,'service model' means 'xizmat model' in Uzbek. Remember it together with its context.
1958,service model,xizmat model,Medium,Business,UZ→EN,Choose the English word or phrase that matches the Uzbek meaning 'xizmat model'.,learning method,smart platform,service model,reading feedback,C,The English word or phrase for 'xizmat model' is 'service model'.
1959,service model,xizmat model,Medium,Business,Context,The lesson uses the vocabulary item _____ in a business context.,smart platform,service model,reading feedback,learning method,B,The best answer in this context is 'service model' (xizmat model).
1960,service decision,xizmat qaror,Medium,Business,EN→UZ,Choose the best Uzbek meaning of 'service decision'.,xizmat qaror,madaniyat,onlayn topshiriq,amaliy fikr-mulohaza,A,'service decision' means 'xizmat qaror' in Uzbek. Remember it together with its context.
1961,service decision,xizmat qaror,Medium,Business,UZ→EN,Choose the English word or phrase that matches the Uzbek meaning 'xizmat qaror'.,culture,online task,practical feedback,service decision,D,The English word or phrase for 'xizmat qaror' is 'service decision'.
1962,service decision,xizmat qaror,Medium,Business,Context,The lesson uses the vocabulary item _____ in a business context.,online task,practical feedback,service decision,culture,C,The best answer in this context is 'service decision' (xizmat qaror).
1963,service opportunity,xizmat imkoniyat,Medium,Business,EN→UZ,Choose the best Uzbek meaning of 'service opportunity'.,amaliy fikr-mulohaza,xizmat imkoniyat,madaniyat,onlayn topshiriq,B,'service opportunity' means 'xizmat imkoniyat' in Uzbek. Remember it together with its context.
1964,service opportunity,xizmat imkoniyat,Medium,Business,UZ→EN,Choose the English word or phrase that matches the Uzbek meaning 'xizmat imkoniyat'.,service opportunity,culture,online task,practical feedback,A,The English word or phrase for 'xizmat imkoniyat' is 'service opportunity'.
1965,service opportunity,xizmat imkoniyat,Medium,Business,Context,The lesson uses the vocabulary item _____ in a business context.,culture,online task,practical feedback,service opportunity,D,The best answer in this context is 'service opportunity' (xizmat imkoniyat).
1966,service feedback,xizmat fikr,Medium,Business,EN→UZ,Choose the best Uzbek meaning of 'service feedback'.,kontekst,texnologiya,xizmat fikr,milliy qadriyat,C,'service feedback' means 'xizmat fikr' in Uzbek. Remember it together with its context.
1967,service feedback,xizmat fikr,Medium,Business,UZ→EN,Choose the English word or phrase that matches the Uzbek meaning 'xizmat fikr'.,technology,service feedback,national value,context,B,The English word or phrase for 'xizmat fikr' is 'service feedback'.
1968,service feedback,xizmat fikr,Medium,Business,Context,The lesson uses the vocabulary item _____ in a business context.,service feedback,national value,context,technology,A,The best answer in this context is 'service feedback' (xizmat fikr).
1969,product growth,mahsulot o‘sish,Medium,Business,EN→UZ,Choose the best Uzbek meaning of 'product growth'.,biznes daromad,mahalliy o‘sish,global imkoniyat,mahsulot o‘sish,D,'product growth' means 'mahsulot o‘sish' in Uzbek. Remember it together with its context.
1970,product growth,mahsulot o‘sish,Medium,Business,UZ→EN,Choose the English word or phrase that matches the Uzbek meaning 'mahsulot o‘sish'.,local growth,global opportunity,product growth,business revenue,C,The English word or phrase for 'mahsulot o‘sish' is 'product growth'.
1971,product growth,mahsulot o‘sish,Medium,Business,Context,The lesson uses the vocabulary item _____ in a business context.,global opportunity,product growth,business revenue,local growth,B,The best answer in this context is 'product growth' (mahsulot o‘sish).
1972,product strategy,mahsulot strategiya,Medium,Business,EN→UZ,Choose the best Uzbek meaning of 'product strategy'.,mahsulot strategiya,mustaqil maqsad,til baholash,lug‘at rivojlanish,A,'product strategy' means 'mahsulot strategiya' in Uzbek. Remember it together with its context.
1973,product strategy,mahsulot strategiya,Medium,Business,UZ→EN,Choose the English word or phrase that matches the Uzbek meaning 'mahsulot strategiya'.,independent goal,language assessment,vocabulary progress,product strategy,D,The English word or phrase for 'mahsulot strategiya' is 'product strategy'.
1974,product strategy,mahsulot strategiya,Medium,Business,Context,The lesson uses the vocabulary item _____ in a business context.,language assessment,vocabulary progress,product strategy,independent goal,C,The best answer in this context is 'product strategy' (mahsulot strategiya).
1975,product demand,mahsulot talab,Medium,Business,EN→UZ,Choose the best Uzbek meaning of 'product demand'.,bozor qaror,mahsulot talab,virtual platforma,mijoz o‘sish,B,'product demand' means 'mahsulot talab' in Uzbek. Remember it together with its context.
1976,product demand,mahsulot talab,Medium,Business,UZ→EN,Choose the English word or phrase that matches the Uzbek meaning 'mahsulot talab'.,product demand,virtual platform,customer growth,market decision,A,The English word or phrase for 'mahsulot talab' is 'product demand'.
1977,product demand,mahsulot talab,Medium,Business,Context,The lesson uses the vocabulary item _____ in a business context.,virtual platform,customer growth,market decision,product demand,D,The best answer in this context is 'product demand' (mahsulot talab).
1978,product revenue,mahsulot daromad,Medium,Business,EN→UZ,Choose the best Uzbek meaning of 'product revenue'.,hamjamiyat qadriyat,mashq qilmoq,mahsulot daromad,madaniy tadbir,C,'product revenue' means 'mahsulot daromad' in Uzbek. Remember it together with its context.
1979,product revenue,mahsulot daromad,Medium,Business,UZ→EN,Choose the English word or phrase that matches the Uzbek meaning 'mahsulot daromad'.,practice,product revenue,cultural event,community value,B,The English word or phrase for 'mahsulot daromad' is 'product revenue'.
1980,product revenue,mahsulot daromad,Medium,Business,Context,The lesson uses the vocabulary item _____ in a business context.,product revenue,cultural event,community value,practice,A,The best answer in this context is 'product revenue' (mahsulot daromad).
1981,product cost,mahsulot xarajat,Medium,Business,EN→UZ,Choose the best Uzbek meaning of 'product cost'.,akademik baholash,amaliy topshiriq,muntazam fikr-mulohaza,mahsulot xarajat,D,'product cost' means 'mahsulot xarajat' in Uzbek. Remember it together with its context.
1982,product cost,mahsulot xarajat,Medium,Business,UZ→EN,Choose the English word or phrase that matches the Uzbek meaning 'mahsulot xarajat'.,practical task,regular feedback,product cost,academic assessment,C,The English word or phrase for 'mahsulot xarajat' is 'product cost'.
1983,product cost,mahsulot xarajat,Medium,Business,Context,The lesson uses the vocabulary item _____ in a business context.,regular feedback,product cost,academic assessment,practical task,B,The best answer in this context is 'product cost' (mahsulot xarajat).
1984,product plan,mahsulot reja,Medium,Business,EN→UZ,Choose the best Uzbek meaning of 'product plan'.,mahsulot reja,ma’lumot,akademik maqsad,amaliy baholash,A,'product plan' means 'mahsulot reja' in Uzbek. Remember it together with its context.
1985,product plan,mahsulot reja,Medium,Business,UZ→EN,Choose the English word or phrase that matches the Uzbek meaning 'mahsulot reja'.,information,academic goal,practical assessment,product plan,D,The English word or phrase for 'mahsulot reja' is 'product plan'.
1986,product plan,mahsulot reja,Medium,Business,Context,The lesson uses the vocabulary item _____ in a business context.,academic goal,practical assessment,product plan,information,C,The best answer in this context is 'product plan' (mahsulot reja).
1987,product model,mahsulot model,Medium,Business,EN→UZ,Choose the best Uzbek meaning of 'product model'.,onlayn kirish,mahsulot model,o‘rganish baholash,aqlli qurilma,B,'product model' means 'mahsulot model' in Uzbek. Remember it together with its context.
1988,product model,mahsulot model,Medium,Business,UZ→EN,Choose the English word or phrase that matches the Uzbek meaning 'mahsulot model'.,product model,learning assessment,smart device,online access,A,The English word or phrase for 'mahsulot model' is 'product model'.
1989,product model,mahsulot model,Medium,Business,Context,The lesson uses the vocabulary item _____ in a business context.,learning assessment,smart device,online access,product model,D,The best answer in this context is 'product model' (mahsulot model).
1990,product decision,mahsulot qaror,Medium,Business,EN→UZ,Choose the best Uzbek meaning of 'product decision'.,amaliy maqsad,mustaqil baholash,mahsulot qaror,onlayn mashq,C,'product decision' means 'mahsulot qaror' in Uzbek. Remember it together with its context.
1991,product decision,mahsulot qaror,Medium,Business,UZ→EN,Choose the English word or phrase that matches the Uzbek meaning 'mahsulot qaror'.,independent assessment,product decision,online practice,practical goal,B,The English word or phrase for 'mahsulot qaror' is 'product decision'.
1992,product decision,mahsulot qaror,Medium,Business,Context,The lesson uses the vocabulary item _____ in a business context.,product decision,online practice,practical goal,independent assessment,A,The best answer in this context is 'product decision' (mahsulot qaror).
1993,product opportunity,mahsulot imkoniyat,Medium,Business,EN→UZ,Choose the best Uzbek meaning of 'product opportunity'.,onlayn mashq,amaliy maqsad,mustaqil baholash,mahsulot imkoniyat,D,'product opportunity' means 'mahsulot imkoniyat' in Uzbek. Remember it together with its context.
1994,product opportunity,mahsulot imkoniyat,Medium,Business,UZ→EN,Choose the English word or phrase that matches the Uzbek meaning 'mahsulot imkoniyat'.,practical goal,independent assessment,product opportunity,online practice,C,The English word or phrase for 'mahsulot imkoniyat' is 'product opportunity'.
1995,product opportunity,mahsulot imkoniyat,Medium,Business,Context,The lesson uses the vocabulary item _____ in a business context.,independent assessment,product opportunity,online practice,practical goal,B,The best answer in this context is 'product opportunity' (mahsulot imkoniyat).
1996,product feedback,mahsulot fikr,Medium,Business,EN→UZ,Choose the best Uzbek meaning of 'product feedback'.,mahsulot fikr,ma’no,energiya,akademik rivojlanish,A,'product feedback' means 'mahsulot fikr' in Uzbek. Remember it together with its context.
1997,product feedback,mahsulot fikr,Medium,Business,UZ→EN,Choose the English word or phrase that matches the Uzbek meaning 'mahsulot fikr'.,meaning,energy,academic progress,product feedback,D,The English word or phrase for 'mahsulot fikr' is 'product feedback'.
1998,product feedback,mahsulot fikr,Medium,Business,Context,The lesson uses the vocabulary item _____ in a business context.,energy,academic progress,product feedback,meaning,C,The best answer in this context is 'product feedback' (mahsulot fikr).
1999,company growth,kompaniya o‘sish,Medium,Business,EN→UZ,Choose the best Uzbek meaning of 'company growth'.,mahalliy imkoniyat,kompaniya o‘sish,savdo daromad,moliyaviy o‘sish,B,'company growth' means 'kompaniya o‘sish' in Uzbek. Remember it together with its context.
2000,company growth,kompaniya o‘sish,Medium,Business,UZ→EN,Choose the English word or phrase that matches the Uzbek meaning 'kompaniya o‘sish'.,company growth,sales revenue,financial growth,local opportunity,A,The English word or phrase for 'kompaniya o‘sish' is 'company growth'.
2001,company growth,kompaniya o‘sish,Medium,Business,Context,The lesson uses the vocabulary item _____ in a business context.,sales revenue,financial growth,local opportunity,company growth,D,The best answer in this context is 'company growth' (kompaniya o‘sish).
2002,company strategy,kompaniya strategiya,Medium,Business,EN→UZ,Choose the best Uzbek meaning of 'company strategy'.,guruh baholash,o‘qish rivojlanish,kompaniya strategiya,muntazam maqsad,C,'company strategy' means 'kompaniya strategiya' in Uzbek. Remember it together with its context.
2003,company strategy,kompaniya strategiya,Medium,Business,UZ→EN,Choose the English word or phrase that matches the Uzbek meaning 'kompaniya strategiya'.,reading progress,company strategy,regular goal,group assessment,B,The English word or phrase for 'kompaniya strategiya' is 'company strategy'.
2004,company strategy,kompaniya strategiya,Medium,Business,Context,The lesson uses the vocabulary item _____ in a business context.,company strategy,regular goal,group assessment,reading progress,A,The best answer in this context is 'company strategy' (kompaniya strategiya).
2005,company demand,kompaniya talab,Medium,Business,EN→UZ,Choose the best Uzbek meaning of 'company demand'.,bulutli platforma,ma’lumot tizim,mijoz qaror,kompaniya talab,D,'company demand' means 'kompaniya talab' in Uzbek. Remember it together with its context.
2006,company demand,kompaniya talab,Medium,Business,UZ→EN,Choose the English word or phrase that matches the Uzbek meaning 'kompaniya talab'.,data system,customer decision,company demand,cloud platform,C,The English word or phrase for 'kompaniya talab' is 'company demand'.
2007,company demand,kompaniya talab,Medium,Business,Context,The lesson uses the vocabulary item _____ in a business context.,customer decision,company demand,cloud platform,data system,B,The best answer in this context is 'company demand' (kompaniya talab).
2008,company revenue,kompaniya daromad,Medium,Business,EN→UZ,Choose the best Uzbek meaning of 'company revenue'.,kompaniya daromad,ijtimoiy tadbir,madaniy qadriyat,milliy o‘zgarish,A,'company revenue' means 'kompaniya daromad' in Uzbek. Remember it together with its context.
2009,company revenue,kompaniya daromad,Medium,Business,UZ→EN,Choose the English word or phrase that matches the Uzbek meaning 'kompaniya daromad'.,social event,cultural value,national change,company revenue,D,The English word or phrase for 'kompaniya daromad' is 'company revenue'.
2010,company revenue,kompaniya daromad,Medium,Business,Context,The lesson uses the vocabulary item _____ in a business context.,cultural value,national change,company revenue,social event,C,The best answer in this context is 'company revenue' (kompaniya daromad).
2011,company cost,kompaniya xarajat,Medium,Business,EN→UZ,Choose the best Uzbek meaning of 'company cost'.,amaliy fikr-mulohaza,kompaniya xarajat,madaniyat,onlayn topshiriq,B,'company cost' means 'kompaniya xarajat' in Uzbek. Remember it together with its context.
2012,company cost,kompaniya xarajat,Medium,Business,UZ→EN,Choose the English word or phrase that matches the Uzbek meaning 'kompaniya xarajat'.,company cost,culture,online task,practical feedback,A,The English word or phrase for 'kompaniya xarajat' is 'company cost'.
2013,company cost,kompaniya xarajat,Medium,Business,Context,The lesson uses the vocabulary item _____ in a business context.,culture,online task,practical feedback,company cost,D,The best answer in this context is 'company cost' (kompaniya xarajat).
2014,company plan,kompaniya reja,Medium,Business,EN→UZ,Choose the best Uzbek meaning of 'company plan'.,xizmat,onlayn baholash,kompaniya reja,tasvirlamoq,C,'company plan' means 'kompaniya reja' in Uzbek. Remember it together with its context.
2015,company plan,kompaniya reja,Medium,Business,UZ→EN,Choose the English word or phrase that matches the Uzbek meaning 'kompaniya reja'.,online assessment,company plan,describe,service,B,The English word or phrase for 'kompaniya reja' is 'company plan'.
2016,company plan,kompaniya reja,Medium,Business,Context,The lesson uses the vocabulary item _____ in a business context.,company plan,describe,service,online assessment,A,The best answer in this context is 'company plan' (kompaniya reja).
2017,company model,kompaniya model,Medium,Business,EN→UZ,Choose the best Uzbek meaning of 'company model'.,lug‘at baholash,raqamli qurilma,aqlli kirish,kompaniya model,D,'company model' means 'kompaniya model' in Uzbek. Remember it together with its context.
2018,company model,kompaniya model,Medium,Business,UZ→EN,Choose the English word or phrase that matches the Uzbek meaning 'kompaniya model'.,digital device,smart access,company model,vocabulary assessment,C,The English word or phrase for 'kompaniya model' is 'company model'.
2019,company model,kompaniya model,Medium,Business,Context,The lesson uses the vocabulary item _____ in a business context.,smart access,company model,vocabulary assessment,digital device,B,The best answer in this context is 'company model' (kompaniya model).
2020,company decision,kompaniya qaror,Medium,Business,EN→UZ,Choose the best Uzbek meaning of 'company decision'.,kompaniya qaror,akademik mashq,onlayn maqsad,muntazam baholash,A,'company decision' means 'kompaniya qaror' in Uzbek. Remember it together with its context.
2021,company decision,kompaniya qaror,Medium,Business,UZ→EN,Choose the English word or phrase that matches the Uzbek meaning 'kompaniya qaror'.,academic practice,online goal,regular assessment,company decision,D,The English word or phrase for 'kompaniya qaror' is 'company decision'.
2022,company decision,kompaniya qaror,Medium,Business,Context,The lesson uses the vocabulary item _____ in a business context.,online goal,regular assessment,company decision,academic practice,C,The best answer in this context is 'company decision' (kompaniya qaror).
2023,company opportunity,kompaniya imkoniyat,Medium,Business,EN→UZ,Choose the best Uzbek meaning of 'company opportunity'.,muntazam baholash,kompaniya imkoniyat,akademik mashq,onlayn maqsad,B,'company opportunity' means 'kompaniya imkoniyat' in Uzbek. Remember it together with its context.
2024,company opportunity,kompaniya imkoniyat,Medium,Business,UZ→EN,Choose the English word or phrase that matches the Uzbek meaning 'kompaniya imkoniyat'.,company opportunity,academic practice,online goal,regular assessment,A,The English word or phrase for 'kompaniya imkoniyat' is 'company opportunity'.
2025,company opportunity,kompaniya imkoniyat,Medium,Business,Context,The lesson uses the vocabulary item _____ in a business context.,academic practice,online goal,regular assessment,company opportunity,D,The best answer in this context is 'company opportunity' (kompaniya imkoniyat).
2026,company feedback,kompaniya fikr,Medium,Business,EN→UZ,Choose the best Uzbek meaning of 'company feedback'.,sabab,hamjamiyat,kompaniya fikr,yaxshilamoq,C,'company feedback' means 'kompaniya fikr' in Uzbek. Remember it together with its context.
2027,company feedback,kompaniya fikr,Medium,Business,UZ→EN,Choose the English word or phrase that matches the Uzbek meaning 'kompaniya fikr'.,community,company feedback,improve,reason,B,The English word or phrase for 'kompaniya fikr' is 'company feedback'.
2028,company feedback,kompaniya fikr,Medium,Business,Context,The lesson uses the vocabulary item _____ in a business context.,company feedback,improve,reason,community,A,The best answer in this context is 'company feedback' (kompaniya fikr).
2029,local event,mahalliy tadbir,Medium,Society,EN→UZ,Choose the best Uzbek meaning of 'local event'.,global model,mahsulot daromad,mahalliy guruh,mahalliy tadbir,D,'local event' means 'mahalliy tadbir' in Uzbek. Remember it together with its context.
2030,local event,mahalliy tadbir,Medium,Society,UZ→EN,Choose the English word or phrase that matches the Uzbek meaning 'mahalliy tadbir'.,product revenue,local group,local event,global model,C,The English word or phrase for 'mahalliy tadbir' is 'local event'.
2031,local event,mahalliy tadbir,Medium,Society,Context,The lesson uses the vocabulary item _____ in a society context.,local group,local event,global model,product revenue,B,The best answer in this context is 'local event' (mahalliy tadbir).
2032,local group,mahalliy guruh,Medium,Society,EN→UZ,Choose the best Uzbek meaning of 'local group'.,mahalliy guruh,xizmat qaror,kompaniya xarajat,jamoat o‘zlik,A,'local group' means 'mahalliy guruh' in Uzbek. Remember it together with its context.
2033,local group,mahalliy guruh,Medium,Society,UZ→EN,Choose the English word or phrase that matches the Uzbek meaning 'mahalliy guruh'.,service decision,company cost,public identity,local group,D,The English word or phrase for 'mahalliy guruh' is 'local group'.
2034,local group,mahalliy guruh,Medium,Society,Context,The lesson uses the vocabulary item _____ in a society context.,company cost,public identity,local group,service decision,C,The best answer in this context is 'local group' (mahalliy guruh).
2035,local identity,mahalliy o‘zlik,Medium,Society,EN→UZ,Choose the best Uzbek meaning of 'local identity'.,savdo imkoniyat,mahalliy o‘zlik,ma’lumot xizmat,bozor strategiya,B,'local identity' means 'mahalliy o‘zlik' in Uzbek. Remember it together with its context.
2036,local identity,mahalliy o‘zlik,Medium,Society,UZ→EN,Choose the English word or phrase that matches the Uzbek meaning 'mahalliy o‘zlik'.,local identity,data service,market strategy,sales opportunity,A,The English word or phrase for 'mahalliy o‘zlik' is 'local identity'.
2037,local identity,mahalliy o‘zlik,Medium,Society,Context,The lesson uses the vocabulary item _____ in a society context.,data service,market strategy,sales opportunity,local identity,D,The best answer in this context is 'local identity' (mahalliy o‘zlik).
2038,local issue,mahalliy masala,Medium,Society,EN→UZ,Choose the best Uzbek meaning of 'local issue'.,kompaniya o‘sish,mahalliy loyiha,mahalliy masala,xizmat daromad,C,'local issue' means 'mahalliy masala' in Uzbek. Remember it together with its context.
2039,local issue,mahalliy masala,Medium,Society,UZ→EN,Choose the English word or phrase that matches the Uzbek meaning 'mahalliy masala'.,local project,local issue,service revenue,company growth,B,The English word or phrase for 'mahalliy masala' is 'local issue'.
2040,local issue,mahalliy masala,Medium,Society,Context,The lesson uses the vocabulary item _____ in a society context.,local issue,service revenue,company growth,local project,A,The best answer in this context is 'local issue' (mahalliy masala).
2041,local change,mahalliy o‘zgarish,Medium,Society,EN→UZ,Choose the best Uzbek meaning of 'local change'.,madaniy qo‘llab-quvvatlash,milliy o‘zlik,ball,mahalliy o‘zgarish,D,'local change' means 'mahalliy o‘zgarish' in Uzbek. Remember it together with its context.
2042,local change,mahalliy o‘zgarish,Medium,Society,UZ→EN,Choose the English word or phrase that matches the Uzbek meaning 'mahalliy o‘zgarish'.,national identity,score,local change,cultural support,C,The English word or phrase for 'mahalliy o‘zgarish' is 'local change'.
2043,local change,mahalliy o‘zgarish,Medium,Society,Context,The lesson uses the vocabulary item _____ in a society context.,score,local change,cultural support,national identity,B,The best answer in this context is 'local change' (mahalliy o‘zgarish).
2044,local support,mahalliy qo‘llab-quvvatlash,Medium,Society,EN→UZ,Choose the best Uzbek meaning of 'local support'.,mahalliy qo‘llab-quvvatlash,aqlli jarayon,mobil xizmat,avtomatlashtirilgan vosita,A,'local support' means 'mahalliy qo‘llab-quvvatlash' in Uzbek. Remember it together with its context.
2045,local support,mahalliy qo‘llab-quvvatlash,Medium,Society,UZ→EN,Choose the English word or phrase that matches the Uzbek meaning 'mahalliy qo‘llab-quvvatlash'.,smart process,mobile service,automated tool,local support,D,The English word or phrase for 'mahalliy qo‘llab-quvvatlash' is 'local support'.
2046,local support,mahalliy qo‘llab-quvvatlash,Medium,Society,Context,The lesson uses the vocabulary item _____ in a society context.,mobile service,automated tool,local support,smart process,C,The best answer in this context is 'local support' (mahalliy qo‘llab-quvvatlash).
2047,local responsibility,mahalliy mas’uliyat,Medium,Society,EN→UZ,Choose the best Uzbek meaning of 'local responsibility'.,o‘rganish topshiriq,mahalliy mas’uliyat,guruh usul,o‘qish baholash,B,'local responsibility' means 'mahalliy mas’uliyat' in Uzbek. Remember it together with its context.
2048,local responsibility,mahalliy mas’uliyat,Medium,Society,UZ→EN,Choose the English word or phrase that matches the Uzbek meaning 'mahalliy mas’uliyat'.,local responsibility,group method,reading assessment,learning task,A,The English word or phrase for 'mahalliy mas’uliyat' is 'local responsibility'.
2049,local responsibility,mahalliy mas’uliyat,Medium,Society,Context,The lesson uses the vocabulary item _____ in a society context.,group method,reading assessment,learning task,local responsibility,D,The best answer in this context is 'local responsibility' (mahalliy mas’uliyat).
2050,local value,mahalliy qadriyat,Medium,Society,EN→UZ,Choose the best Uzbek meaning of 'local value'.,xizmat imkoniyat,kompaniya reja,mahalliy qadriyat,global strategiya,C,'local value' means 'mahalliy qadriyat' in Uzbek. Remember it together with its context.
2051,local value,mahalliy qadriyat,Medium,Society,UZ→EN,Choose the English word or phrase that matches the Uzbek meaning 'mahalliy qadriyat'.,company plan,local value,global strategy,service opportunity,B,The English word or phrase for 'mahalliy qadriyat' is 'local value'.
2052,local value,mahalliy qadriyat,Medium,Society,Context,The lesson uses the vocabulary item _____ in a society context.,local value,global strategy,service opportunity,company plan,A,The best answer in this context is 'local value' (mahalliy qadriyat).
2053,local project,mahalliy loyiha,Medium,Society,EN→UZ,Choose the best Uzbek meaning of 'local project'.,o‘qish fikr-mulohaza,o‘rganish usul,aqlli platforma,mahalliy loyiha,D,'local project' means 'mahalliy loyiha' in Uzbek. Remember it together with its context.
2054,local project,mahalliy loyiha,Medium,Society,UZ→EN,Choose the English word or phrase that matches the Uzbek meaning 'mahalliy loyiha'.,learning method,smart platform,local project,reading feedback,C,The English word or phrase for 'mahalliy loyiha' is 'local project'.
2055,local project,mahalliy loyiha,Medium,Society,Context,The lesson uses the vocabulary item _____ in a society context.,smart platform,local project,reading feedback,learning method,B,The best answer in this context is 'local project' (mahalliy loyiha).
2056,public service,jamoat xizmat,Medium,Society,EN→UZ,Choose the best Uzbek meaning of 'public service'.,jamoat xizmat,virtual kirish,mijoz model,savdo daromad,A,'public service' means 'jamoat xizmat' in Uzbek. Remember it together with its context.
2057,public service,jamoat xizmat,Medium,Society,UZ→EN,Choose the English word or phrase that matches the Uzbek meaning 'jamoat xizmat'.,virtual access,customer model,sales revenue,public service,D,The English word or phrase for 'jamoat xizmat' is 'public service'.
2058,public service,jamoat xizmat,Medium,Society,Context,The lesson uses the vocabulary item _____ in a society context.,customer model,sales revenue,public service,virtual access,C,The best answer in this context is 'public service' (jamoat xizmat).
2059,public event,jamoat tadbir,Medium,Society,EN→UZ,Choose the best Uzbek meaning of 'public event'.,onlayn rivojlanish,jamoat tadbir,taqqoslamoq,mijoz,B,'public event' means 'jamoat tadbir' in Uzbek. Remember it together with its context.
2060,public event,jamoat tadbir,Medium,Society,UZ→EN,Choose the English word or phrase that matches the Uzbek meaning 'jamoat tadbir'.,public event,compare,customer,online progress,A,The English word or phrase for 'jamoat tadbir' is 'public event'.
2061,public event,jamoat tadbir,Medium,Society,Context,The lesson uses the vocabulary item _____ in a society context.,compare,customer,online progress,public event,D,The best answer in this context is 'public event' (jamoat tadbir).
2062,public group,jamoat guruh,Medium,Society,EN→UZ,Choose the best Uzbek meaning of 'public group'.,akademik maqsad,amaliy baholash,jamoat guruh,ma’lumot,C,'public group' means 'jamoat guruh' in Uzbek. Remember it together with its context.
2063,public group,jamoat guruh,Medium,Society,UZ→EN,Choose the English word or phrase that matches the Uzbek meaning 'jamoat guruh'.,practical assessment,public group,information,academic goal,B,The English word or phrase for 'jamoat guruh' is 'public group'.
2064,public group,jamoat guruh,Medium,Society,Context,The lesson uses the vocabulary item _____ in a society context.,public group,information,academic goal,practical assessment,A,The best answer in this context is 'public group' (jamoat guruh).
2065,public identity,jamoat o‘zlik,Medium,Society,EN→UZ,Choose the best Uzbek meaning of 'public identity'.,jamoat guruh,madaniy xizmat,hamjamiyat mas’uliyat,jamoat o‘zlik,D,'public identity' means 'jamoat o‘zlik' in Uzbek. Remember it together with its context.
2066,public identity,jamoat o‘zlik,Medium,Society,UZ→EN,Choose the English word or phrase that matches the Uzbek meaning 'jamoat o‘zlik'.,cultural service,community responsibility,public identity,public group,C,The English word or phrase for 'jamoat o‘zlik' is 'public identity'.
2067,public identity,jamoat o‘zlik,Medium,Society,Context,The lesson uses the vocabulary item _____ in a society context.,community responsibility,public identity,public group,cultural service,B,The best answer in this context is 'public identity' (jamoat o‘zlik).
2068,public issue,jamoat masala,Medium,Society,EN→UZ,Choose the best Uzbek meaning of 'public issue'.,jamoat masala,energiya,akademik rivojlanish,amaliy mashq,A,'public issue' means 'jamoat masala' in Uzbek. Remember it together with its context.
2069,public issue,jamoat masala,Medium,Society,UZ→EN,Choose the English word or phrase that matches the Uzbek meaning 'jamoat masala'.,energy,academic progress,practical practice,public issue,D,The English word or phrase for 'jamoat masala' is 'public issue'.
2070,public issue,jamoat masala,Medium,Society,Context,The lesson uses the vocabulary item _____ in a society context.,academic progress,practical practice,public issue,energy,C,The best answer in this context is 'public issue' (jamoat masala).
2071,public change,jamoat o‘zgarish,Medium,Society,EN→UZ,Choose the best Uzbek meaning of 'public change'.,lug‘at rivojlanish,jamoat o‘zgarish,mustaqil maqsad,til baholash,B,'public change' means 'jamoat o‘zgarish' in Uzbek. Remember it together with its context.
2072,public change,jamoat o‘zgarish,Medium,Society,UZ→EN,Choose the English word or phrase that matches the Uzbek meaning 'jamoat o‘zgarish'.,public change,independent goal,language assessment,vocabulary progress,A,The English word or phrase for 'jamoat o‘zgarish' is 'public change'.
2073,public change,jamoat o‘zgarish,Medium,Society,Context,The lesson uses the vocabulary item _____ in a society context.,independent goal,language assessment,vocabulary progress,public change,D,The best answer in this context is 'public change' (jamoat o‘zgarish).
2074,public support,jamoat qo‘llab-quvvatlash,Medium,Society,EN→UZ,Choose the best Uzbek meaning of 'public support'.,mahalliy o‘sish,global imkoniyat,jamoat qo‘llab-quvvatlash,biznes daromad,C,'public support' means 'jamoat qo‘llab-quvvatlash' in Uzbek. Remember it together with its context.
2075,public support,jamoat qo‘llab-quvvatlash,Medium,Society,UZ→EN,Choose the English word or phrase that matches the Uzbek meaning 'jamoat qo‘llab-quvvatlash'.,global opportunity,public support,business revenue,local growth,B,The English word or phrase for 'jamoat qo‘llab-quvvatlash' is 'public support'.
2076,public support,jamoat qo‘llab-quvvatlash,Medium,Society,Context,The lesson uses the vocabulary item _____ in a society context.,public support,business revenue,local growth,global opportunity,A,The best answer in this context is 'public support' (jamoat qo‘llab-quvvatlash).
2077,public responsibility,jamoat mas’uliyat,Medium,Society,EN→UZ,Choose the best Uzbek meaning of 'public responsibility'.,bulutli xizmat,ma’lumot vosita,mijoz imkoniyat,jamoat mas’uliyat,D,'public responsibility' means 'jamoat mas’uliyat' in Uzbek. Remember it together with its context.
2078,public responsibility,jamoat mas’uliyat,Medium,Society,UZ→EN,Choose the English word or phrase that matches the Uzbek meaning 'jamoat mas’uliyat'.,data tool,customer opportunity,public responsibility,cloud service,C,The English word or phrase for 'jamoat mas’uliyat' is 'public responsibility'.
2079,public responsibility,jamoat mas’uliyat,Medium,Society,Context,The lesson uses the vocabulary item _____ in a society context.,customer opportunity,public responsibility,cloud service,data tool,B,The best answer in this context is 'public responsibility' (jamoat mas’uliyat).
2080,public value,jamoat qadriyat,Medium,Society,EN→UZ,Choose the best Uzbek meaning of 'public value'.,jamoat qadriyat,kamaymoq,manba,akademik fikr-mulohaza,A,'public value' means 'jamoat qadriyat' in Uzbek. Remember it together with its context.
2081,public value,jamoat qadriyat,Medium,Society,UZ→EN,Choose the English word or phrase that matches the Uzbek meaning 'jamoat qadriyat'.,decrease,source,academic feedback,public value,D,The English word or phrase for 'jamoat qadriyat' is 'public value'.
2082,public value,jamoat qadriyat,Medium,Society,Context,The lesson uses the vocabulary item _____ in a society context.,source,academic feedback,public value,decrease,C,The best answer in this context is 'public value' (jamoat qadriyat).
2083,public project,jamoat loyiha,Medium,Society,EN→UZ,Choose the best Uzbek meaning of 'public project'.,savdo fikr,jamoat loyiha,ma’lumot tarmoq,bozor talab,B,'public project' means 'jamoat loyiha' in Uzbek. Remember it together with its context.
2084,public project,jamoat loyiha,Medium,Society,UZ→EN,Choose the English word or phrase that matches the Uzbek meaning 'jamoat loyiha'.,public project,data network,market demand,sales feedback,A,The English word or phrase for 'jamoat loyiha' is 'public project'.
2085,public project,jamoat loyiha,Medium,Society,Context,The lesson uses the vocabulary item _____ in a society context.,data network,market demand,sales feedback,public project,D,The best answer in this context is 'public project' (jamoat loyiha).
2086,social service,ijtimoiy xizmat,Medium,Society,EN→UZ,Choose the best Uzbek meaning of 'social service'.,mijoz talab,bozor fikr,ijtimoiy xizmat,virtual tarmoq,C,'social service' means 'ijtimoiy xizmat' in Uzbek. Remember it together with its context.
2087,social service,ijtimoiy xizmat,Medium,Society,UZ→EN,Choose the English word or phrase that matches the Uzbek meaning 'ijtimoiy xizmat'.,market feedback,social service,virtual network,customer demand,B,The English word or phrase for 'ijtimoiy xizmat' is 'social service'.
2088,social service,ijtimoiy xizmat,Medium,Society,Context,The lesson uses the vocabulary item _____ in a society context.,social service,virtual network,customer demand,market feedback,A,The best answer in this context is 'social service' (ijtimoiy xizmat).
2089,social event,ijtimoiy tadbir,Medium,Society,EN→UZ,Choose the best Uzbek meaning of 'social event'.,o‘zgarish,xabar,onlayn ko‘nikma,ijtimoiy tadbir,D,'social event' means 'ijtimoiy tadbir' in Uzbek. Remember it together with its context.
2090,social event,ijtimoiy tadbir,Medium,Society,UZ→EN,Choose the English word or phrase that matches the Uzbek meaning 'ijtimoiy tadbir'.,message,online skill,social event,change,C,The English word or phrase for 'ijtimoiy tadbir' is 'social event'.
2091,social event,ijtimoiy tadbir,Medium,Society,Context,The lesson uses the vocabulary item _____ in a society context.,online skill,social event,change,message,B,The best answer in this context is 'social event' (ijtimoiy tadbir).
2092,social group,ijtimoiy guruh,Medium,Society,EN→UZ,Choose the best Uzbek meaning of 'social group'.,ijtimoiy guruh,energiya,akademik rivojlanish,amaliy mashq,A,'social group' means 'ijtimoiy guruh' in Uzbek. Remember it together with its context.
2093,social group,ijtimoiy guruh,Medium,Society,UZ→EN,Choose the English word or phrase that matches the Uzbek meaning 'ijtimoiy guruh'.,energy,academic progress,practical practice,social group,D,The English word or phrase for 'ijtimoiy guruh' is 'social group'.
2094,social group,ijtimoiy guruh,Medium,Society,Context,The lesson uses the vocabulary item _____ in a society context.,academic progress,practical practice,social group,energy,C,The best answer in this context is 'social group' (ijtimoiy guruh).
2095,social identity,ijtimoiy o‘zlik,Medium,Society,EN→UZ,Choose the best Uzbek meaning of 'social identity'.,hamjamiyat o‘zlik,ijtimoiy o‘zlik,mahalliy qadriyat,ijtimoiy qo‘llab-quvvatlash,B,'social identity' means 'ijtimoiy o‘zlik' in Uzbek. Remember it together with its context.
2096,social identity,ijtimoiy o‘zlik,Medium,Society,UZ→EN,Choose the English word or phrase that matches the Uzbek meaning 'ijtimoiy o‘zlik'.,social identity,local value,social support,community identity,A,The English word or phrase for 'ijtimoiy o‘zlik' is 'social identity'.
2097,social identity,ijtimoiy o‘zlik,Medium,Society,Context,The lesson uses the vocabulary item _____ in a society context.,local value,social support,community identity,social identity,D,The best answer in this context is 'social identity' (ijtimoiy o‘zlik).
2098,social issue,ijtimoiy masala,Medium,Society,EN→UZ,Choose the best Uzbek meaning of 'social issue'.,akademik ko‘nikma,onlayn natija,ijtimoiy masala,foyda,C,'social issue' means 'ijtimoiy masala' in Uzbek. Remember it together with its context.
2099,social issue,ijtimoiy masala,Medium,Society,UZ→EN,Choose the English word or phrase that matches the Uzbek meaning 'ijtimoiy masala'.,online result,social issue,benefit,academic skill,B,The English word or phrase for 'ijtimoiy masala' is 'social issue'.
2100,social issue,ijtimoiy masala,Medium,Society,Context,The lesson uses the vocabulary item _____ in a society context.,social issue,benefit,academic skill,online result,A,The best answer in this context is 'social issue' (ijtimoiy masala).
2101,social change,ijtimoiy o‘zgarish,Medium,Society,EN→UZ,Choose the best Uzbek meaning of 'social change'.,mustaqil rivojlanish,til mashq,lug‘at ko‘nikma,ijtimoiy o‘zgarish,D,'social change' means 'ijtimoiy o‘zgarish' in Uzbek. Remember it together with its context.
2102,social change,ijtimoiy o‘zgarish,Medium,Society,UZ→EN,Choose the English word or phrase that matches the Uzbek meaning 'ijtimoiy o‘zgarish'.,language practice,vocabulary skill,social change,independent progress,C,The English word or phrase for 'ijtimoiy o‘zgarish' is 'social change'.
2103,social change,ijtimoiy o‘zgarish,Medium,Society,Context,The lesson uses the vocabulary item _____ in a society context.,vocabulary skill,social change,independent progress,language practice,B,The best answer in this context is 'social change' (ijtimoiy o‘zgarish).
2104,social support,ijtimoiy qo‘llab-quvvatlash,Medium,Society,EN→UZ,Choose the best Uzbek meaning of 'social support'.,ijtimoiy qo‘llab-quvvatlash,savdo fikr,moliyaviy model,global xarajat,A,'social support' means 'ijtimoiy qo‘llab-quvvatlash' in Uzbek. Remember it together with its context.
2105,social support,ijtimoiy qo‘llab-quvvatlash,Medium,Society,UZ→EN,Choose the English word or phrase that matches the Uzbek meaning 'ijtimoiy qo‘llab-quvvatlash'.,sales feedback,financial model,global cost,social support,D,The English word or phrase for 'ijtimoiy qo‘llab-quvvatlash' is 'social support'.
2106,social support,ijtimoiy qo‘llab-quvvatlash,Medium,Society,Context,The lesson uses the vocabulary item _____ in a society context.,financial model,global cost,social support,sales feedback,C,The best answer in this context is 'social support' (ijtimoiy qo‘llab-quvvatlash).
2107,social responsibility,ijtimoiy mas’uliyat,Medium,Society,EN→UZ,Choose the best Uzbek meaning of 'social responsibility'.,mijoz xarajat,ijtimoiy mas’uliyat,bulutli tizim,virtual jarayon,B,'social responsibility' means 'ijtimoiy mas’uliyat' in Uzbek. Remember it together with its context.
2108,social responsibility,ijtimoiy mas’uliyat,Medium,Society,UZ→EN,Choose the English word or phrase that matches the Uzbek meaning 'ijtimoiy mas’uliyat'.,social responsibility,cloud system,virtual process,customer cost,A,The English word or phrase for 'ijtimoiy mas’uliyat' is 'social responsibility'.
2109,social responsibility,ijtimoiy mas’uliyat,Medium,Society,Context,The lesson uses the vocabulary item _____ in a society context.,cloud system,virtual process,customer cost,social responsibility,D,The best answer in this context is 'social responsibility' (ijtimoiy mas’uliyat).
2110,social value,ijtimoiy qadriyat,Medium,Society,EN→UZ,Choose the best Uzbek meaning of 'social value'.,texnologiya,akademik baholash,ijtimoiy qadriyat,kontekst,C,'social value' means 'ijtimoiy qadriyat' in Uzbek. Remember it together with its context.
2111,social value,ijtimoiy qadriyat,Medium,Society,UZ→EN,Choose the English word or phrase that matches the Uzbek meaning 'ijtimoiy qadriyat'.,academic assessment,social value,context,technology,B,The English word or phrase for 'ijtimoiy qadriyat' is 'social value'.
2112,social value,ijtimoiy qadriyat,Medium,Society,Context,The lesson uses the vocabulary item _____ in a society context.,social value,context,technology,academic assessment,A,The best answer in this context is 'social value' (ijtimoiy qadriyat).
2113,social project,ijtimoiy loyiha,Medium,Society,EN→UZ,Choose the best Uzbek meaning of 'social project'.,ma’lumot vosita,mijoz imkoniyat,savdo reja,ijtimoiy loyiha,D,'social project' means 'ijtimoiy loyiha' in Uzbek. Remember it together with its context.
2114,social project,ijtimoiy loyiha,Medium,Society,UZ→EN,Choose the English word or phrase that matches the Uzbek meaning 'ijtimoiy loyiha'.,customer opportunity,sales plan,social project,data tool,C,The English word or phrase for 'ijtimoiy loyiha' is 'social project'.
2115,social project,ijtimoiy loyiha,Medium,Society,Context,The lesson uses the vocabulary item _____ in a society context.,sales plan,social project,data tool,customer opportunity,B,The best answer in this context is 'social project' (ijtimoiy loyiha).
2116,cultural service,madaniy xizmat,Medium,Society,EN→UZ,Choose the best Uzbek meaning of 'cultural service'.,madaniy xizmat,amaliy baholash,mustaqil topshiriq,guruh fikr-mulohaza,A,'cultural service' means 'madaniy xizmat' in Uzbek. Remember it together with its context.
2117,cultural service,madaniy xizmat,Medium,Society,UZ→EN,Choose the English word or phrase that matches the Uzbek meaning 'madaniy xizmat'.,practical assessment,independent task,group feedback,cultural service,D,The English word or phrase for 'madaniy xizmat' is 'cultural service'.
2118,cultural service,madaniy xizmat,Medium,Society,Context,The lesson uses the vocabulary item _____ in a society context.,independent task,group feedback,cultural service,practical assessment,C,The best answer in this context is 'cultural service' (madaniy xizmat).
2119,cultural event,madaniy tadbir,Medium,Society,EN→UZ,Choose the best Uzbek meaning of 'cultural event'.,mahalliy daromad,madaniy tadbir,bozor fikr,biznes model,B,'cultural event' means 'madaniy tadbir' in Uzbek. Remember it together with its context.
2120,cultural event,madaniy tadbir,Medium,Society,UZ→EN,Choose the English word or phrase that matches the Uzbek meaning 'madaniy tadbir'.,cultural event,market feedback,business model,local revenue,A,The English word or phrase for 'madaniy tadbir' is 'cultural event'.
2121,cultural event,madaniy tadbir,Medium,Society,Context,The lesson uses the vocabulary item _____ in a society context.,market feedback,business model,local revenue,cultural event,D,The best answer in this context is 'cultural event' (madaniy tadbir).
2122,cultural group,madaniy guruh,Medium,Society,EN→UZ,Choose the best Uzbek meaning of 'cultural group'.,moliyaviy qaror,global reja,madaniy guruh,biznes o‘sish,C,'cultural group' means 'madaniy guruh' in Uzbek. Remember it together with its context.
2123,cultural group,madaniy guruh,Medium,Society,UZ→EN,Choose the English word or phrase that matches the Uzbek meaning 'madaniy guruh'.,global plan,cultural group,business growth,financial decision,B,The English word or phrase for 'madaniy guruh' is 'cultural group'.
2124,cultural group,madaniy guruh,Medium,Society,Context,The lesson uses the vocabulary item _____ in a society context.,cultural group,business growth,financial decision,global plan,A,The best answer in this context is 'cultural group' (madaniy guruh).
2125,cultural identity,madaniy o‘zlik,Medium,Society,EN→UZ,Choose the best Uzbek meaning of 'cultural identity'.,xavfsiz yechim,texnik tarmoq,virtual qurilma,madaniy o‘zlik,D,'cultural identity' means 'madaniy o‘zlik' in Uzbek. Remember it together with its context.
2126,cultural identity,madaniy o‘zlik,Medium,Society,UZ→EN,Choose the English word or phrase that matches the Uzbek meaning 'madaniy o‘zlik'.,technical network,virtual device,cultural identity,secure solution,C,The English word or phrase for 'madaniy o‘zlik' is 'cultural identity'.
2127,cultural identity,madaniy o‘zlik,Medium,Society,Context,The lesson uses the vocabulary item _____ in a society context.,virtual device,cultural identity,secure solution,technical network,B,The best answer in this context is 'cultural identity' (madaniy o‘zlik).
2128,cultural issue,madaniy masala,Medium,Society,EN→UZ,Choose the best Uzbek meaning of 'cultural issue'.,madaniy masala,savdo model,moliyaviy daromad,global strategiya,A,'cultural issue' means 'madaniy masala' in Uzbek. Remember it together with its context.
2129,cultural issue,madaniy masala,Medium,Society,UZ→EN,Choose the English word or phrase that matches the Uzbek meaning 'madaniy masala'.,sales model,financial revenue,global strategy,cultural issue,D,The English word or phrase for 'madaniy masala' is 'cultural issue'.
2130,cultural issue,madaniy masala,Medium,Society,Context,The lesson uses the vocabulary item _____ in a society context.,financial revenue,global strategy,cultural issue,sales model,C,The best answer in this context is 'cultural issue' (madaniy masala).
2131,cultural change,madaniy o‘zgarish,Medium,Society,EN→UZ,Choose the best Uzbek meaning of 'cultural change'.,ijtimoiy o‘zlik,madaniy o‘zgarish,mahsulot imkoniyat,mahalliy qo‘llab-quvvatlash,B,'cultural change' means 'madaniy o‘zgarish' in Uzbek. Remember it together with its context.
2132,cultural change,madaniy o‘zgarish,Medium,Society,UZ→EN,Choose the English word or phrase that matches the Uzbek meaning 'madaniy o‘zgarish'.,cultural change,product opportunity,local support,social identity,A,The English word or phrase for 'madaniy o‘zgarish' is 'cultural change'.
2133,cultural change,madaniy o‘zgarish,Medium,Society,Context,The lesson uses the vocabulary item _____ in a society context.,product opportunity,local support,social identity,cultural change,D,The best answer in this context is 'cultural change' (madaniy o‘zgarish).
2134,cultural support,madaniy qo‘llab-quvvatlash,Medium,Society,EN→UZ,Choose the best Uzbek meaning of 'cultural support'.,lug‘at maqsad,raqamli tarmoq,madaniy qo‘llab-quvvatlash,til fikr-mulohaza,C,'cultural support' means 'madaniy qo‘llab-quvvatlash' in Uzbek. Remember it together with its context.
2135,cultural support,madaniy qo‘llab-quvvatlash,Medium,Society,UZ→EN,Choose the English word or phrase that matches the Uzbek meaning 'madaniy qo‘llab-quvvatlash'.,digital network,cultural support,language feedback,vocabulary goal,B,The English word or phrase for 'madaniy qo‘llab-quvvatlash' is 'cultural support'.
2136,cultural support,madaniy qo‘llab-quvvatlash,Medium,Society,Context,The lesson uses the vocabulary item _____ in a society context.,cultural support,language feedback,vocabulary goal,digital network,A,The best answer in this context is 'cultural support' (madaniy qo‘llab-quvvatlash).
2137,cultural responsibility,madaniy mas’uliyat,Medium,Society,EN→UZ,Choose the best Uzbek meaning of 'cultural responsibility'.,onlayn ko‘nikma,amaliy natija,mustaqil rivojlanish,madaniy mas’uliyat,D,'cultural responsibility' means 'madaniy mas’uliyat' in Uzbek. Remember it together with its context.
2138,cultural responsibility,madaniy mas’uliyat,Medium,Society,UZ→EN,Choose the English word or phrase that matches the Uzbek meaning 'madaniy mas’uliyat'.,practical result,independent progress,cultural responsibility,online skill,C,The English word or phrase for 'madaniy mas’uliyat' is 'cultural responsibility'.
2139,cultural responsibility,madaniy mas’uliyat,Medium,Society,Context,The lesson uses the vocabulary item _____ in a society context.,independent progress,cultural responsibility,online skill,practical result,B,The best answer in this context is 'cultural responsibility' (madaniy mas’uliyat).
2140,cultural value,madaniy qadriyat,Medium,Society,EN→UZ,Choose the best Uzbek meaning of 'cultural value'.,madaniy qadriyat,bozor xarajat,biznes strategiya,moliyaviy imkoniyat,A,'cultural value' means 'madaniy qadriyat' in Uzbek. Remember it together with its context.
2141,cultural value,madaniy qadriyat,Medium,Society,UZ→EN,Choose the English word or phrase that matches the Uzbek meaning 'madaniy qadriyat'.,market cost,business strategy,financial opportunity,cultural value,D,The English word or phrase for 'madaniy qadriyat' is 'cultural value'.
2142,cultural value,madaniy qadriyat,Medium,Society,Context,The lesson uses the vocabulary item _____ in a society context.,business strategy,financial opportunity,cultural value,market cost,C,The best answer in this context is 'cultural value' (madaniy qadriyat).
2143,cultural project,madaniy loyiha,Medium,Society,EN→UZ,Choose the best Uzbek meaning of 'cultural project'.,til baholash,madaniy loyiha,muntazam mashq,mustaqil maqsad,B,'cultural project' means 'madaniy loyiha' in Uzbek. Remember it together with its context.
2144,cultural project,madaniy loyiha,Medium,Society,UZ→EN,Choose the English word or phrase that matches the Uzbek meaning 'madaniy loyiha'.,cultural project,regular practice,independent goal,language assessment,A,The English word or phrase for 'madaniy loyiha' is 'cultural project'.
2145,cultural project,madaniy loyiha,Medium,Society,Context,The lesson uses the vocabulary item _____ in a society context.,regular practice,independent goal,language assessment,cultural project,D,The best answer in this context is 'cultural project' (madaniy loyiha).
2146,community service,hamjamiyat xizmat,Medium,Society,EN→UZ,Choose the best Uzbek meaning of 'community service'.,texnik tarmoq,virtual qurilma,hamjamiyat xizmat,xavfsiz yechim,C,'community service' means 'hamjamiyat xizmat' in Uzbek. Remember it together with its context.
2147,community service,hamjamiyat xizmat,Medium,Society,UZ→EN,Choose the English word or phrase that matches the Uzbek meaning 'hamjamiyat xizmat'.,virtual device,community service,secure solution,technical network,B,The English word or phrase for 'hamjamiyat xizmat' is 'community service'.
2148,community service,hamjamiyat xizmat,Medium,Society,Context,The lesson uses the vocabulary item _____ in a society context.,community service,secure solution,technical network,virtual device,A,The best answer in this context is 'community service' (hamjamiyat xizmat).
2149,community event,hamjamiyat tadbir,Medium,Society,EN→UZ,Choose the best Uzbek meaning of 'community event'.,hamjamiyat o‘zlik,xalqaro xizmat,farqli,hamjamiyat tadbir,D,'community event' means 'hamjamiyat tadbir' in Uzbek. Remember it together with its context.
2150,community event,hamjamiyat tadbir,Medium,Society,UZ→EN,Choose the English word or phrase that matches the Uzbek meaning 'hamjamiyat tadbir'.,international service,different,community event,community identity,C,The English word or phrase for 'hamjamiyat tadbir' is 'community event'.
2151,community event,hamjamiyat tadbir,Medium,Society,Context,The lesson uses the vocabulary item _____ in a society context.,different,community event,community identity,international service,B,The best answer in this context is 'community event' (hamjamiyat tadbir).
2152,community group,hamjamiyat guruh,Medium,Society,EN→UZ,Choose the best Uzbek meaning of 'community group'.,hamjamiyat guruh,milliy masala,to‘g‘ri,muammo,A,'community group' means 'hamjamiyat guruh' in Uzbek. Remember it together with its context.
2153,community group,hamjamiyat guruh,Medium,Society,UZ→EN,Choose the English word or phrase that matches the Uzbek meaning 'hamjamiyat guruh'.,national issue,correct,problem,community group,D,The English word or phrase for 'hamjamiyat guruh' is 'community group'.
2154,community group,hamjamiyat guruh,Medium,Society,Context,The lesson uses the vocabulary item _____ in a society context.,correct,problem,community group,national issue,C,The best answer in this context is 'community group' (hamjamiyat guruh).
2155,community identity,hamjamiyat o‘zlik,Medium,Society,EN→UZ,Choose the best Uzbek meaning of 'community identity'.,mahalliy o‘zgarish,hamjamiyat o‘zlik,xizmat o‘sish,mahsulot qaror,B,'community identity' means 'hamjamiyat o‘zlik' in Uzbek. Remember it together with its context.
2156,community identity,hamjamiyat o‘zlik,Medium,Society,UZ→EN,Choose the English word or phrase that matches the Uzbek meaning 'hamjamiyat o‘zlik'.,community identity,service growth,product decision,local change,A,The English word or phrase for 'hamjamiyat o‘zlik' is 'community identity'.
2157,community identity,hamjamiyat o‘zlik,Medium,Society,Context,The lesson uses the vocabulary item _____ in a society context.,service growth,product decision,local change,community identity,D,The best answer in this context is 'community identity' (hamjamiyat o‘zlik).
2158,community issue,hamjamiyat masala,Medium,Society,EN→UZ,Choose the best Uzbek meaning of 'community issue'.,diqqatni jamlamoq,taqqoslamoq,hamjamiyat masala,milliy xizmat,C,'community issue' means 'hamjamiyat masala' in Uzbek. Remember it together with its context.
2159,community issue,hamjamiyat masala,Medium,Society,UZ→EN,Choose the English word or phrase that matches the Uzbek meaning 'hamjamiyat masala'.,compare,community issue,national service,focus,B,The English word or phrase for 'hamjamiyat masala' is 'community issue'.
2160,community issue,hamjamiyat masala,Medium,Society,Context,The lesson uses the vocabulary item _____ in a society context.,community issue,national service,focus,compare,A,The best answer in this context is 'community issue' (hamjamiyat masala).
2161,community change,hamjamiyat o‘zgarish,Medium,Society,EN→UZ,Choose the best Uzbek meaning of 'community change'.,akademik natija,amaliy rivojlanish,mustaqil mashq,hamjamiyat o‘zgarish,D,'community change' means 'hamjamiyat o‘zgarish' in Uzbek. Remember it together with its context.
2162,community change,hamjamiyat o‘zgarish,Medium,Society,UZ→EN,Choose the English word or phrase that matches the Uzbek meaning 'hamjamiyat o‘zgarish'.,practical progress,independent practice,community change,academic result,C,The English word or phrase for 'hamjamiyat o‘zgarish' is 'community change'.
2163,community change,hamjamiyat o‘zgarish,Medium,Society,Context,The lesson uses the vocabulary item _____ in a society context.,independent practice,community change,academic result,practical progress,B,The best answer in this context is 'community change' (hamjamiyat o‘zgarish).
2164,community support,hamjamiyat qo‘llab-quvvatlash,Medium,Society,EN→UZ,Choose the best Uzbek meaning of 'community support'.,hamjamiyat qo‘llab-quvvatlash,ma’lumot qurilma,mijoz fikr,savdo model,A,'community support' means 'hamjamiyat qo‘llab-quvvatlash' in Uzbek. Remember it together with its context.
2165,community support,hamjamiyat qo‘llab-quvvatlash,Medium,Society,UZ→EN,Choose the English word or phrase that matches the Uzbek meaning 'hamjamiyat qo‘llab-quvvatlash'.,data device,customer feedback,sales model,community support,D,The English word or phrase for 'hamjamiyat qo‘llab-quvvatlash' is 'community support'.
2166,community support,hamjamiyat qo‘llab-quvvatlash,Medium,Society,Context,The lesson uses the vocabulary item _____ in a society context.,customer feedback,sales model,community support,data device,C,The best answer in this context is 'community support' (hamjamiyat qo‘llab-quvvatlash).
2167,community responsibility,hamjamiyat mas’uliyat,Medium,Society,EN→UZ,Choose the best Uzbek meaning of 'community responsibility'.,texnik jarayon,hamjamiyat mas’uliyat,mobil platforma,avtomatlashtirilgan tizim,B,'community responsibility' means 'hamjamiyat mas’uliyat' in Uzbek. Remember it together with its context.
2168,community responsibility,hamjamiyat mas’uliyat,Medium,Society,UZ→EN,Choose the English word or phrase that matches the Uzbek meaning 'hamjamiyat mas’uliyat'.,community responsibility,mobile platform,automated system,technical process,A,The English word or phrase for 'hamjamiyat mas’uliyat' is 'community responsibility'.
2169,community responsibility,hamjamiyat mas’uliyat,Medium,Society,Context,The lesson uses the vocabulary item _____ in a society context.,mobile platform,automated system,technical process,community responsibility,D,The best answer in this context is 'community responsibility' (hamjamiyat mas’uliyat).
2170,community value,hamjamiyat qadriyat,Medium,Society,EN→UZ,Choose the best Uzbek meaning of 'community value'.,milliy o‘zgarish,noto‘g‘ri,hamjamiyat qadriyat,madaniy mas’uliyat,C,'community value' means 'hamjamiyat qadriyat' in Uzbek. Remember it together with its context.
2171,community value,hamjamiyat qadriyat,Medium,Society,UZ→EN,Choose the English word or phrase that matches the Uzbek meaning 'hamjamiyat qadriyat'.,incorrect,community value,cultural responsibility,national change,B,The English word or phrase for 'hamjamiyat qadriyat' is 'community value'.
2172,community value,hamjamiyat qadriyat,Medium,Society,Context,The lesson uses the vocabulary item _____ in a society context.,community value,cultural responsibility,national change,incorrect,A,The best answer in this context is 'community value' (hamjamiyat qadriyat).
2173,community project,hamjamiyat loyiha,Medium,Society,EN→UZ,Choose the best Uzbek meaning of 'community project'.,avtomatlashtirilgan xizmat,bulutli vosita,virtual yechim,hamjamiyat loyiha,D,'community project' means 'hamjamiyat loyiha' in Uzbek. Remember it together with its context.
2174,community project,hamjamiyat loyiha,Medium,Society,UZ→EN,Choose the English word or phrase that matches the Uzbek meaning 'hamjamiyat loyiha'.,cloud tool,virtual solution,community project,automated service,C,The English word or phrase for 'hamjamiyat loyiha' is 'community project'.
2175,community project,hamjamiyat loyiha,Medium,Society,Context,The lesson uses the vocabulary item _____ in a society context.,virtual solution,community project,automated service,cloud tool,B,The best answer in this context is 'community project' (hamjamiyat loyiha).
2176,national service,milliy xizmat,Medium,Society,EN→UZ,Choose the best Uzbek meaning of 'national service'.,milliy xizmat,akademik strategiya,amaliy ko‘nikma,muntazam natija,A,'national service' means 'milliy xizmat' in Uzbek. Remember it together with its context.
2177,national service,milliy xizmat,Medium,Society,UZ→EN,Choose the English word or phrase that matches the Uzbek meaning 'milliy xizmat'.,academic strategy,practical skill,regular result,national service,D,The English word or phrase for 'milliy xizmat' is 'national service'.
2178,national service,milliy xizmat,Medium,Society,Context,The lesson uses the vocabulary item _____ in a society context.,practical skill,regular result,national service,academic strategy,C,The best answer in this context is 'national service' (milliy xizmat).
2179,national event,milliy tadbir,Medium,Society,EN→UZ,Choose the best Uzbek meaning of 'national event'.,biznes strategiya,milliy tadbir,ma’lumot jarayon,bozor xarajat,B,'national event' means 'milliy tadbir' in Uzbek. Remember it together with its context.
2180,national event,milliy tadbir,Medium,Society,UZ→EN,Choose the English word or phrase that matches the Uzbek meaning 'milliy tadbir'.,national event,data process,market cost,business strategy,A,The English word or phrase for 'milliy tadbir' is 'national event'.
2181,national event,milliy tadbir,Medium,Society,Context,The lesson uses the vocabulary item _____ in a society context.,data process,market cost,business strategy,national event,D,The best answer in this context is 'national event' (milliy tadbir).
2182,national group,milliy guruh,Medium,Society,EN→UZ,Choose the best Uzbek meaning of 'national group'.,savdo reja,moliyaviy talab,milliy guruh,mijoz imkoniyat,C,'national group' means 'milliy guruh' in Uzbek. Remember it together with its context.
2183,national group,milliy guruh,Medium,Society,UZ→EN,Choose the English word or phrase that matches the Uzbek meaning 'milliy guruh'.,financial demand,national group,customer opportunity,sales plan,B,The English word or phrase for 'milliy guruh' is 'national group'.
2184,national group,milliy guruh,Medium,Society,Context,The lesson uses the vocabulary item _____ in a society context.,national group,customer opportunity,sales plan,financial demand,A,The best answer in this context is 'national group' (milliy guruh).
2185,national identity,milliy o‘zlik,Medium,Society,EN→UZ,Choose the best Uzbek meaning of 'national identity'.,onlayn ilova,xavfsiz platforma,texnik tizim,milliy o‘zlik,D,'national identity' means 'milliy o‘zlik' in Uzbek. Remember it together with its context.
2186,national identity,milliy o‘zlik,Medium,Society,UZ→EN,Choose the English word or phrase that matches the Uzbek meaning 'milliy o‘zlik'.,secure platform,technical system,national identity,online application,C,The English word or phrase for 'milliy o‘zlik' is 'national identity'.
2187,national identity,milliy o‘zlik,Medium,Society,Context,The lesson uses the vocabulary item _____ in a society context.,technical system,national identity,online application,secure platform,B,The best answer in this context is 'national identity' (milliy o‘zlik).
2188,national issue,milliy masala,Medium,Society,EN→UZ,Choose the best Uzbek meaning of 'national issue'.,milliy masala,mijoz xarajat,savdo strategiya,biznes imkoniyat,A,'national issue' means 'milliy masala' in Uzbek. Remember it together with its context.
2189,national issue,milliy masala,Medium,Society,UZ→EN,Choose the English word or phrase that matches the Uzbek meaning 'milliy masala'.,customer cost,sales strategy,business opportunity,national issue,D,The English word or phrase for 'milliy masala' is 'national issue'.
2190,national issue,milliy masala,Medium,Society,Context,The lesson uses the vocabulary item _____ in a society context.,sales strategy,business opportunity,national issue,customer cost,C,The best answer in this context is 'national issue' (milliy masala).
2191,national change,milliy o‘zgarish,Medium,Society,EN→UZ,Choose the best Uzbek meaning of 'national change'.,mahalliy tadbir,milliy o‘zgarish,global model,mahsulot daromad,B,'national change' means 'milliy o‘zgarish' in Uzbek. Remember it together with its context.
2192,national change,milliy o‘zgarish,Medium,Society,UZ→EN,Choose the English word or phrase that matches the Uzbek meaning 'milliy o‘zgarish'.,national change,global model,product revenue,local event,A,The English word or phrase for 'milliy o‘zgarish' is 'national change'.
2193,national change,milliy o‘zgarish,Medium,Society,Context,The lesson uses the vocabulary item _____ in a society context.,global model,product revenue,local event,national change,D,The best answer in this context is 'national change' (milliy o‘zgarish).
2194,national support,milliy qo‘llab-quvvatlash,Medium,Society,EN→UZ,Choose the best Uzbek meaning of 'national support'.,til rivojlanish,lug‘at strategiya,milliy qo‘llab-quvvatlash,mustaqil natija,C,'national support' means 'milliy qo‘llab-quvvatlash' in Uzbek. Remember it together with its context.
2195,national support,milliy qo‘llab-quvvatlash,Medium,Society,UZ→EN,Choose the English word or phrase that matches the Uzbek meaning 'milliy qo‘llab-quvvatlash'.,vocabulary strategy,national support,independent result,language progress,B,The English word or phrase for 'milliy qo‘llab-quvvatlash' is 'national support'.
2196,national support,milliy qo‘llab-quvvatlash,Medium,Society,Context,The lesson uses the vocabulary item _____ in a society context.,national support,independent result,language progress,vocabulary strategy,A,The best answer in this context is 'national support' (milliy qo‘llab-quvvatlash).
2197,national responsibility,milliy mas’uliyat,Medium,Society,EN→UZ,Choose the best Uzbek meaning of 'national responsibility'.,texnologiya,akademik baholash,amaliy topshiriq,milliy mas’uliyat,D,'national responsibility' means 'milliy mas’uliyat' in Uzbek. Remember it together with its context.
2198,national responsibility,milliy mas’uliyat,Medium,Society,UZ→EN,Choose the English word or phrase that matches the Uzbek meaning 'milliy mas’uliyat'.,academic assessment,practical task,national responsibility,technology,C,The English word or phrase for 'milliy mas’uliyat' is 'national responsibility'.
2199,national responsibility,milliy mas’uliyat,Medium,Society,Context,The lesson uses the vocabulary item _____ in a society context.,practical task,national responsibility,technology,academic assessment,B,The best answer in this context is 'national responsibility' (milliy mas’uliyat).
2200,national value,milliy qadriyat,Medium,Society,EN→UZ,Choose the best Uzbek meaning of 'national value'.,milliy qadriyat,ma’lumot qurilma,mijoz fikr,savdo model,A,'national value' means 'milliy qadriyat' in Uzbek. Remember it together with its context.
2201,national value,milliy qadriyat,Medium,Society,UZ→EN,Choose the English word or phrase that matches the Uzbek meaning 'milliy qadriyat'.,data device,customer feedback,sales model,national value,D,The English word or phrase for 'milliy qadriyat' is 'national value'.
2202,national value,milliy qadriyat,Medium,Society,Context,The lesson uses the vocabulary item _____ in a society context.,customer feedback,sales model,national value,data device,C,The best answer in this context is 'national value' (milliy qadriyat).
2203,national project,milliy loyiha,Medium,Society,EN→UZ,Choose the best Uzbek meaning of 'national project'.,mustaqil strategiya,milliy loyiha,akademik fikr-mulohaza,amaliy usul,B,'national project' means 'milliy loyiha' in Uzbek. Remember it together with its context.
2204,national project,milliy loyiha,Medium,Society,UZ→EN,Choose the English word or phrase that matches the Uzbek meaning 'milliy loyiha'.,national project,academic feedback,practical method,independent strategy,A,The English word or phrase for 'milliy loyiha' is 'national project'.
2205,national project,milliy loyiha,Medium,Society,Context,The lesson uses the vocabulary item _____ in a society context.,academic feedback,practical method,independent strategy,national project,D,The best answer in this context is 'national project' (milliy loyiha).
2206,international service,xalqaro xizmat,Medium,Society,EN→UZ,Choose the best Uzbek meaning of 'international service'.,texnik kirish,virtual ilova,xalqaro xizmat,avtomatlashtirilgan qurilma,C,'international service' means 'xalqaro xizmat' in Uzbek. Remember it together with its context.
2207,international service,xalqaro xizmat,Medium,Society,UZ→EN,Choose the English word or phrase that matches the Uzbek meaning 'xalqaro xizmat'.,virtual application,international service,automated device,technical access,B,The English word or phrase for 'xalqaro xizmat' is 'international service'.
2208,international service,xalqaro xizmat,Medium,Society,Context,The lesson uses the vocabulary item _____ in a society context.,international service,automated device,technical access,virtual application,A,The best answer in this context is 'international service' (xalqaro xizmat).
2209,international event,xalqaro tadbir,Medium,Society,EN→UZ,Choose the best Uzbek meaning of 'international event'.,hamjamiyat qo‘llab-quvvatlash,yaxshilamoq,sabab,xalqaro tadbir,D,'international event' means 'xalqaro tadbir' in Uzbek. Remember it together with its context.
2210,international event,xalqaro tadbir,Medium,Society,UZ→EN,Choose the English word or phrase that matches the Uzbek meaning 'xalqaro tadbir'.,improve,reason,international event,community support,C,The English word or phrase for 'xalqaro tadbir' is 'international event'.
2211,international event,xalqaro tadbir,Medium,Society,Context,The lesson uses the vocabulary item _____ in a society context.,reason,international event,community support,improve,B,The best answer in this context is 'international event' (xalqaro tadbir).
2212,international group,xalqaro guruh,Medium,Society,EN→UZ,Choose the best Uzbek meaning of 'international group'.,xalqaro guruh,milliy mas’uliyat,kontekst,texnologiya,A,'international group' means 'xalqaro guruh' in Uzbek. Remember it together with its context.
2213,international group,xalqaro guruh,Medium,Society,UZ→EN,Choose the English word or phrase that matches the Uzbek meaning 'xalqaro guruh'.,national responsibility,context,technology,international group,D,The English word or phrase for 'xalqaro guruh' is 'international group'.
2214,international group,xalqaro guruh,Medium,Society,Context,The lesson uses the vocabulary item _____ in a society context.,context,technology,international group,national responsibility,C,The best answer in this context is 'international group' (xalqaro guruh).
2215,international identity,xalqaro o‘zlik,Medium,Society,EN→UZ,Choose the best Uzbek meaning of 'international identity'.,mahalliy loyiha,xalqaro o‘zlik,xizmat xarajat,kompaniya strategiya,B,'international identity' means 'xalqaro o‘zlik' in Uzbek. Remember it together with its context.
2216,international identity,xalqaro o‘zlik,Medium,Society,UZ→EN,Choose the English word or phrase that matches the Uzbek meaning 'xalqaro o‘zlik'.,international identity,service cost,company strategy,local project,A,The English word or phrase for 'xalqaro o‘zlik' is 'international identity'.
2217,international identity,xalqaro o‘zlik,Medium,Society,Context,The lesson uses the vocabulary item _____ in a society context.,service cost,company strategy,local project,international identity,D,The best answer in this context is 'international identity' (xalqaro o‘zlik).
2218,significant evidence,sezilarli dalil,High,Academic,EN→UZ,Choose the best Uzbek meaning of 'significant evidence'.,algoritmik tavsiya,avtomatlashtirilgan model,sezilarli dalil,sun’iy maxfiylik,C,'significant evidence' means 'sezilarli dalil' in Uzbek. Remember it together with its context.
2219,significant evidence,sezilarli dalil,High,Academic,UZ→EN,Choose the English word or phrase that matches the Uzbek meaning 'sezilarli dalil'.,automated model,significant evidence,artificial privacy,algorithmic recommendation,B,The English word or phrase for 'sezilarli dalil' is 'significant evidence'.
2220,significant evidence,sezilarli dalil,High,Academic,Context,The lesson uses the vocabulary item _____ in a academic context.,significant evidence,artificial privacy,algorithmic recommendation,automated model,A,The best answer in this context is 'significant evidence' (sezilarli dalil).
2221,significant analysis,sezilarli tahlil,High,Academic,EN→UZ,Choose the best Uzbek meaning of 'significant analysis'.,avtomatlashtirilgan qaror,chalg‘ituvchi kontent,saqlab turmoq,sezilarli tahlil,D,'significant analysis' means 'sezilarli tahlil' in Uzbek. Remember it together with its context.
2222,significant analysis,sezilarli tahlil,High,Academic,UZ→EN,Choose the English word or phrase that matches the Uzbek meaning 'sezilarli tahlil'.,misleading content,maintain,significant analysis,automated decision,C,The English word or phrase for 'sezilarli tahlil' is 'significant analysis'.
2223,significant analysis,sezilarli tahlil,High,Academic,Context,The lesson uses the vocabulary item _____ in a academic context.,maintain,significant analysis,automated decision,misleading content,B,The best answer in this context is 'significant analysis' (sezilarli tahlil).
2224,significant approach,sezilarli yondashuv,High,Academic,EN→UZ,Choose the best Uzbek meaning of 'significant approach'.,sezilarli yondashuv,raqamli tekshiruv,avtomatlashtirilgan tarafkashlik,chalg‘ituvchi intellekt,A,'significant approach' means 'sezilarli yondashuv' in Uzbek. Remember it together with its context.
2225,significant approach,sezilarli yondashuv,High,Academic,UZ→EN,Choose the English word or phrase that matches the Uzbek meaning 'sezilarli yondashuv'.,digital verification,automated bias,misleading intelligence,significant approach,D,The English word or phrase for 'sezilarli yondashuv' is 'significant approach'.
2226,significant approach,sezilarli yondashuv,High,Academic,Context,The lesson uses the vocabulary item _____ in a academic context.,automated bias,misleading intelligence,significant approach,digital verification,C,The best answer in this context is 'significant approach' (sezilarli yondashuv).
2227,significant outcome,sezilarli natija,High,Academic,EN→UZ,Choose the best Uzbek meaning of 'significant outcome'.,suv strategiya,sezilarli natija,shahar iste’mol,jamoat xavf,B,'significant outcome' means 'sezilarli natija' in Uzbek. Remember it together with its context.
2228,significant outcome,sezilarli natija,High,Academic,UZ→EN,Choose the English word or phrase that matches the Uzbek meaning 'sezilarli natija'.,significant outcome,urban consumption,public risk,water strategy,A,The English word or phrase for 'sezilarli natija' is 'significant outcome'.
2229,significant outcome,sezilarli natija,High,Academic,Context,The lesson uses the vocabulary item _____ in a academic context.,urban consumption,public risk,water strategy,significant outcome,D,The best answer in this context is 'significant outcome' (sezilarli natija).
2230,significant factor,sezilarli omil,High,Academic,EN→UZ,Choose the best Uzbek meaning of 'significant factor'.,akademik natija,tahliliy tahlil,sezilarli omil,sezilarli usul,C,'significant factor' means 'sezilarli omil' in Uzbek. Remember it together with its context.
2231,significant factor,sezilarli omil,High,Academic,UZ→EN,Choose the English word or phrase that matches the Uzbek meaning 'sezilarli omil'.,analytical analysis,significant factor,significant method,academic outcome,B,The English word or phrase for 'sezilarli omil' is 'significant factor'.
2232,significant factor,sezilarli omil,High,Academic,Context,The lesson uses the vocabulary item _____ in a academic context.,significant factor,significant method,academic outcome,analytical analysis,A,The best answer in this context is 'significant factor' (sezilarli omil).
2233,significant impact,sezilarli ta’sir,High,Academic,EN→UZ,Choose the best Uzbek meaning of 'significant impact'.,sezilarli omil,akademik yondashuv,tahliliy dalil,sezilarli ta’sir,D,'significant impact' means 'sezilarli ta’sir' in Uzbek. Remember it together with its context.
2234,significant impact,sezilarli ta’sir,High,Academic,UZ→EN,Choose the English word or phrase that matches the Uzbek meaning 'sezilarli ta’sir'.,academic approach,analytical evidence,significant impact,significant factor,C,The English word or phrase for 'sezilarli ta’sir' is 'significant impact'.
2235,significant impact,sezilarli ta’sir,High,Academic,Context,The lesson uses the vocabulary item _____ in a academic context.,analytical evidence,significant impact,significant factor,academic approach,B,The best answer in this context is 'significant impact' (sezilarli ta’sir).
2236,significant method,sezilarli usul,High,Academic,EN→UZ,Choose the best Uzbek meaning of 'significant method'.,sezilarli usul,sezilarli talqin,akademik ta’sir,tahliliy natija,A,'significant method' means 'sezilarli usul' in Uzbek. Remember it together with its context.
2237,significant method,sezilarli usul,High,Academic,UZ→EN,Choose the English word or phrase that matches the Uzbek meaning 'sezilarli usul'.,significant interpretation,academic impact,analytical outcome,significant method,D,The English word or phrase for 'sezilarli usul' is 'significant method'.
2238,significant method,sezilarli usul,High,Academic,Context,The lesson uses the vocabulary item _____ in a academic context.,academic impact,analytical outcome,significant method,significant interpretation,C,The best answer in this context is 'significant method' (sezilarli usul).
2239,significant assumption,sezilarli taxmin,High,Academic,EN→UZ,Choose the best Uzbek meaning of 'significant assumption'.,raqamli intellekt,sezilarli taxmin,chiqindi strategiya,iqlim samaradorlik,B,'significant assumption' means 'sezilarli taxmin' in Uzbek. Remember it together with its context.
2240,significant assumption,sezilarli taxmin,High,Academic,UZ→EN,Choose the English word or phrase that matches the Uzbek meaning 'sezilarli taxmin'.,significant assumption,waste strategy,climate efficiency,digital intelligence,A,The English word or phrase for 'sezilarli taxmin' is 'significant assumption'.
2241,significant assumption,sezilarli taxmin,High,Academic,Context,The lesson uses the vocabulary item _____ in a academic context.,waste strategy,climate efficiency,digital intelligence,significant assumption,D,The best answer in this context is 'significant assumption' (sezilarli taxmin).
2242,significant interpretation,sezilarli talqin,High,Academic,EN→UZ,Choose the best Uzbek meaning of 'significant interpretation'.,ishonchli ta’sir,tanqidiy natija,sezilarli talqin,taxmin,C,'significant interpretation' means 'sezilarli talqin' in Uzbek. Remember it together with its context.
2243,significant interpretation,sezilarli talqin,High,Academic,UZ→EN,Choose the English word or phrase that matches the Uzbek meaning 'sezilarli talqin'.,critical outcome,significant interpretation,assumption,reliable impact,B,The English word or phrase for 'sezilarli talqin' is 'significant interpretation'.
2244,significant interpretation,sezilarli talqin,High,Academic,Context,The lesson uses the vocabulary item _____ in a academic context.,significant interpretation,assumption,reliable impact,critical outcome,A,The best answer in this context is 'significant interpretation' (sezilarli talqin).
2245,significant evaluation,sezilarli baholash,High,Academic,EN→UZ,Choose the best Uzbek meaning of 'significant evaluation'.,jamoat xavf,suv strategiya,resurs samaradorlik,sezilarli baholash,D,'significant evaluation' means 'sezilarli baholash' in Uzbek. Remember it together with its context.
2246,significant evaluation,sezilarli baholash,High,Academic,UZ→EN,Choose the English word or phrase that matches the Uzbek meaning 'sezilarli baholash'.,water strategy,resource efficiency,significant evaluation,public risk,C,The English word or phrase for 'sezilarli baholash' is 'significant evaluation'.
2247,significant evaluation,sezilarli baholash,High,Academic,Context,The lesson uses the vocabulary item _____ in a academic context.,resource efficiency,significant evaluation,public risk,water strategy,B,The best answer in this context is 'significant evaluation' (sezilarli baholash).
2248,reliable evidence,ishonchli dalil,High,Academic,EN→UZ,Choose the best Uzbek meaning of 'reliable evidence'.,ishonchli dalil,suv texnologiya,resurs infratuzilma,sun’iy tavsiya,A,'reliable evidence' means 'ishonchli dalil' in Uzbek. Remember it together with its context.
2249,reliable evidence,ishonchli dalil,High,Academic,UZ→EN,Choose the English word or phrase that matches the Uzbek meaning 'ishonchli dalil'.,water technology,resource infrastructure,artificial recommendation,reliable evidence,D,The English word or phrase for 'ishonchli dalil' is 'reliable evidence'.
2250,reliable evidence,ishonchli dalil,High,Academic,Context,The lesson uses the vocabulary item _____ in a academic context.,resource infrastructure,artificial recommendation,reliable evidence,water technology,C,The best answer in this context is 'reliable evidence' (ishonchli dalil).
2251,reliable analysis,ishonchli tahlil,High,Academic,EN→UZ,Choose the best Uzbek meaning of 'reliable analysis'.,avtomatlashtirilgan kontent,ishonchli tahlil,sun’iy intellekt,raqamli qaror,B,'reliable analysis' means 'ishonchli tahlil' in Uzbek. Remember it together with its context.
2252,reliable analysis,ishonchli tahlil,High,Academic,UZ→EN,Choose the English word or phrase that matches the Uzbek meaning 'ishonchli tahlil'.,reliable analysis,artificial intelligence,digital decision,automated content,A,The English word or phrase for 'ishonchli tahlil' is 'reliable analysis'.
2253,reliable analysis,ishonchli tahlil,High,Academic,Context,The lesson uses the vocabulary item _____ in a academic context.,artificial intelligence,digital decision,automated content,reliable analysis,D,The best answer in this context is 'reliable analysis' (ishonchli tahlil).
2254,reliable approach,ishonchli yondashuv,High,Academic,EN→UZ,Choose the best Uzbek meaning of 'reliable approach'.,iqlim ta’sir,raqamli tarafkashlik,ishonchli yondashuv,chiqindi rejalashtirish,C,'reliable approach' means 'ishonchli yondashuv' in Uzbek. Remember it together with its context.
2255,reliable approach,ishonchli yondashuv,High,Academic,UZ→EN,Choose the English word or phrase that matches the Uzbek meaning 'ishonchli yondashuv'.,digital bias,reliable approach,waste planning,climate impact,B,The English word or phrase for 'ishonchli yondashuv' is 'reliable approach'.
2256,reliable approach,ishonchli yondashuv,High,Academic,Context,The lesson uses the vocabulary item _____ in a academic context.,reliable approach,waste planning,climate impact,digital bias,A,The best answer in this context is 'reliable approach' (ishonchli yondashuv).
2257,reliable outcome,ishonchli natija,High,Academic,EN→UZ,Choose the best Uzbek meaning of 'reliable outcome'.,uzoq muddatli usul,ekologik samaradorlik,shahar siyosat,ishonchli natija,D,'reliable outcome' means 'ishonchli natija' in Uzbek. Remember it together with its context.
2258,reliable outcome,ishonchli natija,High,Academic,UZ→EN,Choose the English word or phrase that matches the Uzbek meaning 'ishonchli natija'.,environmental efficiency,urban policy,reliable outcome,long-term method,C,The English word or phrase for 'ishonchli natija' is 'reliable outcome'.
2259,reliable outcome,ishonchli natija,High,Academic,Context,The lesson uses the vocabulary item _____ in a academic context.,urban policy,reliable outcome,long-term method,environmental efficiency,B,The best answer in this context is 'reliable outcome' (ishonchli natija).
2260,reliable factor,ishonchli omil,High,Academic,EN→UZ,Choose the best Uzbek meaning of 'reliable factor'.,ishonchli omil,saqlab turmoq,iste’mol,sezilarli natija,A,'reliable factor' means 'ishonchli omil' in Uzbek. Remember it together with its context.
2261,reliable factor,ishonchli omil,High,Academic,UZ→EN,Choose the English word or phrase that matches the Uzbek meaning 'ishonchli omil'.,maintain,consumption,significant outcome,reliable factor,D,The English word or phrase for 'ishonchli omil' is 'reliable factor'.
2262,reliable factor,ishonchli omil,High,Academic,Context,The lesson uses the vocabulary item _____ in a academic context.,consumption,significant outcome,reliable factor,maintain,C,The best answer in this context is 'reliable factor' (ishonchli omil).
2263,reliable impact,ishonchli ta’sir,High,Academic,EN→UZ,Choose the best Uzbek meaning of 'reliable impact'.,sezilarli yondashuv,ishonchli ta’sir,aniqlamoq,resurs,B,'reliable impact' means 'ishonchli ta’sir' in Uzbek. Remember it together with its context.
2264,reliable impact,ishonchli ta’sir,High,Academic,UZ→EN,Choose the English word or phrase that matches the Uzbek meaning 'ishonchli ta’sir'.,reliable impact,identify,resource,significant approach,A,The English word or phrase for 'ishonchli ta’sir' is 'reliable impact'.
2265,reliable impact,ishonchli ta’sir,High,Academic,Context,The lesson uses the vocabulary item _____ in a academic context.,identify,resource,significant approach,reliable impact,D,The best answer in this context is 'reliable impact' (ishonchli ta’sir).
2266,reliable method,ishonchli usul,High,Academic,EN→UZ,Choose the best Uzbek meaning of 'reliable method'.,ifloslanish,sezilarli ta’sir,ishonchli usul,talab qilmoq,C,'reliable method' means 'ishonchli usul' in Uzbek. Remember it together with its context.
2267,reliable method,ishonchli usul,High,Academic,UZ→EN,Choose the English word or phrase that matches the Uzbek meaning 'ishonchli usul'.,significant impact,reliable method,require,pollution,B,The English word or phrase for 'ishonchli usul' is 'reliable method'.
2268,reliable method,ishonchli usul,High,Academic,Context,The lesson uses the vocabulary item _____ in a academic context.,reliable method,require,pollution,significant impact,A,The best answer in this context is 'reliable method' (ishonchli usul).
2269,reliable assumption,ishonchli taxmin,High,Academic,EN→UZ,Choose the best Uzbek meaning of 'reliable assumption'.,jamoat siyosat,energiya texnologiya,chiqindi infratuzilma,ishonchli taxmin,D,'reliable assumption' means 'ishonchli taxmin' in Uzbek. Remember it together with its context.
2270,reliable assumption,ishonchli taxmin,High,Academic,UZ→EN,Choose the English word or phrase that matches the Uzbek meaning 'ishonchli taxmin'.,energy technology,waste infrastructure,reliable assumption,public policy,C,The English word or phrase for 'ishonchli taxmin' is 'reliable assumption'.
2271,reliable assumption,ishonchli taxmin,High,Academic,Context,The lesson uses the vocabulary item _____ in a academic context.,waste infrastructure,reliable assumption,public policy,energy technology,B,The best answer in this context is 'reliable assumption' (ishonchli taxmin).
2272,reliable interpretation,ishonchli talqin,High,Academic,EN→UZ,Choose the best Uzbek meaning of 'reliable interpretation'.,ishonchli talqin,sezilarli,strategiya,chalg‘ituvchi,A,'reliable interpretation' means 'ishonchli talqin' in Uzbek. Remember it together with its context.
2273,reliable interpretation,ishonchli talqin,High,Academic,UZ→EN,Choose the English word or phrase that matches the Uzbek meaning 'ishonchli talqin'.,significant,strategy,misleading,reliable interpretation,D,The English word or phrase for 'ishonchli talqin' is 'reliable interpretation'.
2274,reliable interpretation,ishonchli talqin,High,Academic,Context,The lesson uses the vocabulary item _____ in a academic context.,strategy,misleading,reliable interpretation,significant,C,The best answer in this context is 'reliable interpretation' (ishonchli talqin).
2275,reliable evaluation,ishonchli baholash,High,Academic,EN→UZ,Choose the best Uzbek meaning of 'reliable evaluation'.,jamoat texnologiya,ishonchli baholash,ekologik samaradorlik,shahar siyosat,B,'reliable evaluation' means 'ishonchli baholash' in Uzbek. Remember it together with its context.
2276,reliable evaluation,ishonchli baholash,High,Academic,UZ→EN,Choose the English word or phrase that matches the Uzbek meaning 'ishonchli baholash'.,reliable evaluation,environmental efficiency,urban policy,public technology,A,The English word or phrase for 'ishonchli baholash' is 'reliable evaluation'.
2277,reliable evaluation,ishonchli baholash,High,Academic,Context,The lesson uses the vocabulary item _____ in a academic context.,environmental efficiency,urban policy,public technology,reliable evaluation,D,The best answer in this context is 'reliable evaluation' (ishonchli baholash).
2278,academic evidence,akademik dalil,High,Academic,EN→UZ,Choose the best Uzbek meaning of 'academic evidence'.,energiya xavf,chiqindi strategiya,akademik dalil,jamoat iste’mol,C,'academic evidence' means 'akademik dalil' in Uzbek. Remember it together with its context.
2279,academic evidence,akademik dalil,High,Academic,UZ→EN,Choose the English word or phrase that matches the Uzbek meaning 'akademik dalil'.,waste strategy,academic evidence,public consumption,energy risk,B,The English word or phrase for 'akademik dalil' is 'academic evidence'.
2280,academic evidence,akademik dalil,High,Academic,Context,The lesson uses the vocabulary item _____ in a academic context.,academic evidence,public consumption,energy risk,waste strategy,A,The best answer in this context is 'academic evidence' (akademik dalil).
2281,academic analysis,akademik tahlil,High,Academic,EN→UZ,Choose the best Uzbek meaning of 'academic analysis'.,chiqindi ta’sir,iqlim iste’mol,sun’iy model,akademik tahlil,D,'academic analysis' means 'akademik tahlil' in Uzbek. Remember it together with its context.
2282,academic analysis,akademik tahlil,High,Academic,UZ→EN,Choose the English word or phrase that matches the Uzbek meaning 'akademik tahlil'.,climate consumption,artificial model,academic analysis,waste impact,C,The English word or phrase for 'akademik tahlil' is 'academic analysis'.
2283,academic analysis,akademik tahlil,High,Academic,Context,The lesson uses the vocabulary item _____ in a academic context.,artificial model,academic analysis,waste impact,climate consumption,B,The best answer in this context is 'academic analysis' (akademik tahlil).
2284,academic approach,akademik yondashuv,High,Academic,EN→UZ,Choose the best Uzbek meaning of 'academic approach'.,akademik yondashuv,energiya samaradorlik,chiqindi siyosat,resurs texnologiya,A,'academic approach' means 'akademik yondashuv' in Uzbek. Remember it together with its context.
2285,academic approach,akademik yondashuv,High,Academic,UZ→EN,Choose the English word or phrase that matches the Uzbek meaning 'akademik yondashuv'.,energy efficiency,waste policy,resource technology,academic approach,D,The English word or phrase for 'akademik yondashuv' is 'academic approach'.
2286,academic approach,akademik yondashuv,High,Academic,Context,The lesson uses the vocabulary item _____ in a academic context.,waste policy,resource technology,academic approach,energy efficiency,C,The best answer in this context is 'academic approach' (akademik yondashuv).
2287,academic outcome,akademik natija,High,Academic,EN→UZ,Choose the best Uzbek meaning of 'academic outcome'.,qayta tiklanuvchi ta’sir,akademik natija,strategik tahlil,o‘lchanadigan talqin,B,'academic outcome' means 'akademik natija' in Uzbek. Remember it together with its context.
2288,academic outcome,akademik natija,High,Academic,UZ→EN,Choose the English word or phrase that matches the Uzbek meaning 'akademik natija'.,academic outcome,strategic analysis,measurable interpretation,renewable impact,A,The English word or phrase for 'akademik natija' is 'academic outcome'.
2289,academic outcome,akademik natija,High,Academic,Context,The lesson uses the vocabulary item _____ in a academic context.,strategic analysis,measurable interpretation,renewable impact,academic outcome,D,The best answer in this context is 'academic outcome' (akademik natija).
2290,academic factor,akademik omil,High,Academic,EN→UZ,Choose the best Uzbek meaning of 'academic factor'.,sezilarli,strategiya,akademik omil,ishonchli platforma,C,'academic factor' means 'akademik omil' in Uzbek. Remember it together with its context.
2291,academic factor,akademik omil,High,Academic,UZ→EN,Choose the English word or phrase that matches the Uzbek meaning 'akademik omil'.,strategy,academic factor,reliable platform,significant,B,The English word or phrase for 'akademik omil' is 'academic factor'.
2292,academic factor,akademik omil,High,Academic,Context,The lesson uses the vocabulary item _____ in a academic context.,academic factor,reliable platform,significant,strategy,A,The best answer in this context is 'academic factor' (akademik omil).
2293,academic impact,akademik ta’sir,High,Academic,EN→UZ,Choose the best Uzbek meaning of 'academic impact'.,ishonchli manba,jamoat maxfiylik,qiyinchilik,akademik ta’sir,D,'academic impact' means 'akademik ta’sir' in Uzbek. Remember it together with its context.
2294,academic impact,akademik ta’sir,High,Academic,UZ→EN,Choose the English word or phrase that matches the Uzbek meaning 'akademik ta’sir'.,public privacy,challenge,academic impact,reliable source,C,The English word or phrase for 'akademik ta’sir' is 'academic impact'.
2295,academic impact,akademik ta’sir,High,Academic,Context,The lesson uses the vocabulary item _____ in a academic context.,challenge,academic impact,reliable source,public privacy,B,The best answer in this context is 'academic impact' (akademik ta’sir).
2296,academic assumption,akademik taxmin,High,Academic,EN→UZ,Choose the best Uzbek meaning of 'academic assumption'.,akademik taxmin,ekologik ta’sir,shahar iste’mol,jamoat xavf,A,'academic assumption' means 'akademik taxmin' in Uzbek. Remember it together with its context.
2297,academic assumption,akademik taxmin,High,Academic,UZ→EN,Choose the English word or phrase that matches the Uzbek meaning 'akademik taxmin'.,environmental impact,urban consumption,public risk,academic assumption,D,The English word or phrase for 'akademik taxmin' is 'academic assumption'.
2298,academic assumption,akademik taxmin,High,Academic,Context,The lesson uses the vocabulary item _____ in a academic context.,urban consumption,public risk,academic assumption,environmental impact,C,The best answer in this context is 'academic assumption' (akademik taxmin).
2299,academic interpretation,akademik talqin,High,Academic,EN→UZ,Choose the best Uzbek meaning of 'academic interpretation'.,erishmoq,akademik talqin,avtomatlashtirilgan model,chalg‘ituvchi manba,B,'academic interpretation' means 'akademik talqin' in Uzbek. Remember it together with its context.
2300,academic interpretation,akademik talqin,High,Academic,UZ→EN,Choose the English word or phrase that matches the Uzbek meaning 'akademik talqin'.,academic interpretation,automated model,misleading source,achieve,A,The English word or phrase for 'akademik talqin' is 'academic interpretation'.
2301,academic interpretation,akademik talqin,High,Academic,Context,The lesson uses the vocabulary item _____ in a academic context.,automated model,misleading source,achieve,academic interpretation,D,The best answer in this context is 'academic interpretation' (akademik talqin).
2302,academic evaluation,akademik baholash,High,Academic,EN→UZ,Choose the best Uzbek meaning of 'academic evaluation'.,qayta tiklanuvchi ta’sir,barqaror iste’mol,akademik baholash,o‘lchanadigan talqin,C,'academic evaluation' means 'akademik baholash' in Uzbek. Remember it together with its context.
2303,academic evaluation,akademik baholash,High,Academic,UZ→EN,Choose the English word or phrase that matches the Uzbek meaning 'akademik baholash'.,sustainable consumption,academic evaluation,measurable interpretation,renewable impact,B,The English word or phrase for 'akademik baholash' is 'academic evaluation'.
2304,academic evaluation,akademik baholash,High,Academic,Context,The lesson uses the vocabulary item _____ in a academic context.,academic evaluation,measurable interpretation,renewable impact,sustainable consumption,A,The best answer in this context is 'academic evaluation' (akademik baholash).
2305,critical evidence,tanqidiy dalil,High,Academic,EN→UZ,Choose the best Uzbek meaning of 'critical evidence'.,chiqindi rejalashtirish,iqlim ta’sir,raqamli tarafkashlik,tanqidiy dalil,D,'critical evidence' means 'tanqidiy dalil' in Uzbek. Remember it together with its context.
2306,critical evidence,tanqidiy dalil,High,Academic,UZ→EN,Choose the English word or phrase that matches the Uzbek meaning 'tanqidiy dalil'.,climate impact,digital bias,critical evidence,waste planning,C,The English word or phrase for 'tanqidiy dalil' is 'critical evidence'.
2307,critical evidence,tanqidiy dalil,High,Academic,Context,The lesson uses the vocabulary item _____ in a academic context.,digital bias,critical evidence,waste planning,climate impact,B,The best answer in this context is 'critical evidence' (tanqidiy dalil).
2308,critical analysis,tanqidiy tahlil,High,Academic,EN→UZ,Choose the best Uzbek meaning of 'critical analysis'.,tanqidiy tahlil,raqamli tavsiya,algoritmik model,ishonchli platforma,A,'critical analysis' means 'tanqidiy tahlil' in Uzbek. Remember it together with its context.
2309,critical analysis,tanqidiy tahlil,High,Academic,UZ→EN,Choose the English word or phrase that matches the Uzbek meaning 'tanqidiy tahlil'.,digital recommendation,algorithmic model,reliable platform,critical analysis,D,The English word or phrase for 'tanqidiy tahlil' is 'critical analysis'.
2310,critical analysis,tanqidiy tahlil,High,Academic,Context,The lesson uses the vocabulary item _____ in a academic context.,algorithmic model,reliable platform,critical analysis,digital recommendation,C,The best answer in this context is 'critical analysis' (tanqidiy tahlil).
2311,critical approach,tanqidiy yondashuv,High,Academic,EN→UZ,Choose the best Uzbek meaning of 'critical approach'.,algoritmik tekshiruv,tanqidiy yondashuv,resurs xavf,sun’iy manba,B,'critical approach' means 'tanqidiy yondashuv' in Uzbek. Remember it together with its context.
2312,critical approach,tanqidiy yondashuv,High,Academic,UZ→EN,Choose the English word or phrase that matches the Uzbek meaning 'tanqidiy yondashuv'.,critical approach,resource risk,artificial source,algorithmic verification,A,The English word or phrase for 'tanqidiy yondashuv' is 'critical approach'.
2313,critical approach,tanqidiy yondashuv,High,Academic,Context,The lesson uses the vocabulary item _____ in a academic context.,resource risk,artificial source,algorithmic verification,critical approach,D,The best answer in this context is 'critical approach' (tanqidiy yondashuv).
2314,critical outcome,tanqidiy natija,High,Academic,EN→UZ,Choose the best Uzbek meaning of 'critical outcome'.,barqaror infratuzilma,jamoat boshqaruv,tanqidiy natija,qayta tiklanuvchi texnologiya,C,'critical outcome' means 'tanqidiy natija' in Uzbek. Remember it together with its context.
2315,critical outcome,tanqidiy natija,High,Academic,UZ→EN,Choose the English word or phrase that matches the Uzbek meaning 'tanqidiy natija'.,public management,critical outcome,renewable technology,sustainable infrastructure,B,The English word or phrase for 'tanqidiy natija' is 'critical outcome'.
2316,critical outcome,tanqidiy natija,High,Academic,Context,The lesson uses the vocabulary item _____ in a academic context.,critical outcome,renewable technology,sustainable infrastructure,public management,A,The best answer in this context is 'critical outcome' (tanqidiy natija).
2317,critical factor,tanqidiy omil,High,Academic,EN→UZ,Choose the best Uzbek meaning of 'critical factor'.,"samarali, ta’sirchan",taxmin,ishonchli omil,tanqidiy omil,D,'critical factor' means 'tanqidiy omil' in Uzbek. Remember it together with its context.
2318,critical factor,tanqidiy omil,High,Academic,UZ→EN,Choose the English word or phrase that matches the Uzbek meaning 'tanqidiy omil'.,assumption,reliable factor,critical factor,effective,C,The English word or phrase for 'tanqidiy omil' is 'critical factor'.
2319,critical factor,tanqidiy omil,High,Academic,Context,The lesson uses the vocabulary item _____ in a academic context.,reliable factor,critical factor,effective,assumption,B,The best answer in this context is 'critical factor' (tanqidiy omil).
2320,critical impact,tanqidiy ta’sir,High,Academic,EN→UZ,Choose the best Uzbek meaning of 'critical impact'.,tanqidiy ta’sir,samarali,nuqtai nazar,ishonchli natija,A,'critical impact' means 'tanqidiy ta’sir' in Uzbek. Remember it together with its context.
2321,critical impact,tanqidiy ta’sir,High,Academic,UZ→EN,Choose the English word or phrase that matches the Uzbek meaning 'tanqidiy ta’sir'.,efficient,perspective,reliable outcome,critical impact,D,The English word or phrase for 'tanqidiy ta’sir' is 'critical impact'.
2322,critical impact,tanqidiy ta’sir,High,Academic,Context,The lesson uses the vocabulary item _____ in a academic context.,perspective,reliable outcome,critical impact,efficient,C,The best answer in this context is 'critical impact' (tanqidiy ta’sir).
2323,critical method,tanqidiy usul,High,Academic,EN→UZ,Choose the best Uzbek meaning of 'critical method'.,ishonchli usul,tanqidiy usul,daromad,muqobil,B,'critical method' means 'tanqidiy usul' in Uzbek. Remember it together with its context.
2324,critical method,tanqidiy usul,High,Academic,UZ→EN,Choose the English word or phrase that matches the Uzbek meaning 'tanqidiy usul'.,critical method,revenue,alternative,reliable method,A,The English word or phrase for 'tanqidiy usul' is 'critical method'.
2325,critical method,tanqidiy usul,High,Academic,Context,The lesson uses the vocabulary item _____ in a academic context.,revenue,alternative,reliable method,critical method,D,The best answer in this context is 'critical method' (tanqidiy usul).
2326,critical assumption,tanqidiy taxmin,High,Academic,EN→UZ,Choose the best Uzbek meaning of 'critical assumption'.,suv rejalashtirish,resurs ta’sir,tanqidiy taxmin,energiya boshqaruv,C,'critical assumption' means 'tanqidiy taxmin' in Uzbek. Remember it together with its context.
2327,critical assumption,tanqidiy taxmin,High,Academic,UZ→EN,Choose the English word or phrase that matches the Uzbek meaning 'tanqidiy taxmin'.,resource impact,critical assumption,energy management,water planning,B,The English word or phrase for 'tanqidiy taxmin' is 'critical assumption'.
2328,critical assumption,tanqidiy taxmin,High,Academic,Context,The lesson uses the vocabulary item _____ in a academic context.,critical assumption,energy management,water planning,resource impact,A,The best answer in this context is 'critical assumption' (tanqidiy taxmin).
2329,critical interpretation,tanqidiy talqin,High,Academic,EN→UZ,Choose the best Uzbek meaning of 'critical interpretation'.,taqdim etmoq,infratuzilma,sezilarli usul,tanqidiy talqin,D,'critical interpretation' means 'tanqidiy talqin' in Uzbek. Remember it together with its context.
2330,critical interpretation,tanqidiy talqin,High,Academic,UZ→EN,Choose the English word or phrase that matches the Uzbek meaning 'tanqidiy talqin'.,infrastructure,significant method,critical interpretation,provide,C,The English word or phrase for 'tanqidiy talqin' is 'critical interpretation'.
2331,critical interpretation,tanqidiy talqin,High,Academic,Context,The lesson uses the vocabulary item _____ in a academic context.,significant method,critical interpretation,provide,infrastructure,B,The best answer in this context is 'critical interpretation' (tanqidiy talqin).
2332,critical evaluation,tanqidiy baholash,High,Academic,EN→UZ,Choose the best Uzbek meaning of 'critical evaluation'.,tanqidiy baholash,barqaror infratuzilma,jamoat boshqaruv,energiya rejalashtirish,A,'critical evaluation' means 'tanqidiy baholash' in Uzbek. Remember it together with its context.
2333,critical evaluation,tanqidiy baholash,High,Academic,UZ→EN,Choose the English word or phrase that matches the Uzbek meaning 'tanqidiy baholash'.,sustainable infrastructure,public management,energy planning,critical evaluation,D,The English word or phrase for 'tanqidiy baholash' is 'critical evaluation'.
2334,critical evaluation,tanqidiy baholash,High,Academic,Context,The lesson uses the vocabulary item _____ in a academic context.,public management,energy planning,critical evaluation,sustainable infrastructure,C,The best answer in this context is 'critical evaluation' (tanqidiy baholash).
2335,analytical evidence,tahliliy dalil,High,Academic,EN→UZ,Choose the best Uzbek meaning of 'analytical evidence'.,barqaror rejalashtirish,tahliliy dalil,uzoq muddatli omil,ekologik boshqaruv,B,'analytical evidence' means 'tahliliy dalil' in Uzbek. Remember it together with its context.
2336,analytical evidence,tahliliy dalil,High,Academic,UZ→EN,Choose the English word or phrase that matches the Uzbek meaning 'tahliliy dalil'.,analytical evidence,long-term factor,environmental management,sustainable planning,A,The English word or phrase for 'tahliliy dalil' is 'analytical evidence'.
2337,analytical evidence,tahliliy dalil,High,Academic,Context,The lesson uses the vocabulary item _____ in a academic context.,long-term factor,environmental management,sustainable planning,analytical evidence,D,The best answer in this context is 'analytical evidence' (tahliliy dalil).
2338,analytical analysis,tahliliy tahlil,High,Academic,EN→UZ,Choose the best Uzbek meaning of 'analytical analysis'.,jamoat infratuzilma,suv boshqaruv,tahliliy tahlil,barqaror texnologiya,C,'analytical analysis' means 'tahliliy tahlil' in Uzbek. Remember it together with its context.
2339,analytical analysis,tahliliy tahlil,High,Academic,UZ→EN,Choose the English word or phrase that matches the Uzbek meaning 'tahliliy tahlil'.,water management,analytical analysis,sustainable technology,public infrastructure,B,The English word or phrase for 'tahliliy tahlil' is 'analytical analysis'.
2340,analytical analysis,tahliliy tahlil,High,Academic,Context,The lesson uses the vocabulary item _____ in a academic context.,analytical analysis,sustainable technology,public infrastructure,water management,A,The best answer in this context is 'analytical analysis' (tahliliy tahlil).
2341,analytical approach,tahliliy yondashuv,High,Academic,EN→UZ,Choose the best Uzbek meaning of 'analytical approach'.,qayta tiklanuvchi ta’sir,barqaror iste’mol,shahar xavf,tahliliy yondashuv,D,'analytical approach' means 'tahliliy yondashuv' in Uzbek. Remember it together with its context.
2342,analytical approach,tahliliy yondashuv,High,Academic,UZ→EN,Choose the English word or phrase that matches the Uzbek meaning 'tahliliy yondashuv'.,sustainable consumption,urban risk,analytical approach,renewable impact,C,The English word or phrase for 'tahliliy yondashuv' is 'analytical approach'.
2343,analytical approach,tahliliy yondashuv,High,Academic,Context,The lesson uses the vocabulary item _____ in a academic context.,urban risk,analytical approach,renewable impact,sustainable consumption,B,The best answer in this context is 'analytical approach' (tahliliy yondashuv).
2344,analytical outcome,tahliliy natija,High,Academic,EN→UZ,Choose the best Uzbek meaning of 'analytical outcome'.,tahliliy natija,akademik tahlil,tanqidiy baholash,tizimli taxmin,A,'analytical outcome' means 'tahliliy natija' in Uzbek. Remember it together with its context.
2345,analytical outcome,tahliliy natija,High,Academic,UZ→EN,Choose the English word or phrase that matches the Uzbek meaning 'tahliliy natija'.,academic analysis,critical evaluation,systematic assumption,analytical outcome,D,The English word or phrase for 'tahliliy natija' is 'analytical outcome'.
2346,analytical outcome,tahliliy natija,High,Academic,Context,The lesson uses the vocabulary item _____ in a academic context.,critical evaluation,systematic assumption,analytical outcome,academic analysis,C,The best answer in this context is 'analytical outcome' (tahliliy natija).
2347,analytical factor,tahliliy omil,High,Academic,EN→UZ,Choose the best Uzbek meaning of 'analytical factor'.,avtomatlashtirilgan tarafkashlik,tahliliy omil,iqlim texnologiya,raqamli tekshiruv,B,'analytical factor' means 'tahliliy omil' in Uzbek. Remember it together with its context.
2348,analytical factor,tahliliy omil,High,Academic,UZ→EN,Choose the English word or phrase that matches the Uzbek meaning 'tahliliy omil'.,analytical factor,climate technology,digital verification,automated bias,A,The English word or phrase for 'tahliliy omil' is 'analytical factor'.
2349,analytical factor,tahliliy omil,High,Academic,Context,The lesson uses the vocabulary item _____ in a academic context.,climate technology,digital verification,automated bias,analytical factor,D,The best answer in this context is 'analytical factor' (tahliliy omil).
2350,analytical impact,tahliliy ta’sir,High,Academic,EN→UZ,Choose the best Uzbek meaning of 'analytical impact'.,raqamli maxfiylik,avtomatlashtirilgan tavsiya,tahliliy ta’sir,iqlim strategiya,C,'analytical impact' means 'tahliliy ta’sir' in Uzbek. Remember it together with its context.
2351,analytical impact,tahliliy ta’sir,High,Academic,UZ→EN,Choose the English word or phrase that matches the Uzbek meaning 'tahliliy ta’sir'.,automated recommendation,analytical impact,climate strategy,digital privacy,B,The English word or phrase for 'tahliliy ta’sir' is 'analytical impact'.
2352,analytical impact,tahliliy ta’sir,High,Academic,Context,The lesson uses the vocabulary item _____ in a academic context.,analytical impact,climate strategy,digital privacy,automated recommendation,A,The best answer in this context is 'analytical impact' (tahliliy ta’sir).
2353,analytical method,tahliliy usul,High,Academic,EN→UZ,Choose the best Uzbek meaning of 'analytical method'.,iqlim xavf,raqamli manba,avtomatlashtirilgan tekshiruv,tahliliy usul,D,'analytical method' means 'tahliliy usul' in Uzbek. Remember it together with its context.
2354,analytical method,tahliliy usul,High,Academic,UZ→EN,Choose the English word or phrase that matches the Uzbek meaning 'tahliliy usul'.,digital source,automated verification,analytical method,climate risk,C,The English word or phrase for 'tahliliy usul' is 'analytical method'.
2355,analytical method,tahliliy usul,High,Academic,Context,The lesson uses the vocabulary item _____ in a academic context.,automated verification,analytical method,climate risk,digital source,B,The best answer in this context is 'analytical method' (tahliliy usul).
2356,analytical assumption,tahliliy taxmin,High,Academic,EN→UZ,Choose the best Uzbek meaning of 'analytical assumption'.,tahliliy taxmin,samarali taxmin,o‘lchanadigan omil,qayta tiklanuvchi boshqaruv,A,'analytical assumption' means 'tahliliy taxmin' in Uzbek. Remember it together with its context.
2357,analytical assumption,tahliliy taxmin,High,Academic,UZ→EN,Choose the English word or phrase that matches the Uzbek meaning 'tahliliy taxmin'.,effective assumption,measurable factor,renewable management,analytical assumption,D,The English word or phrase for 'tahliliy taxmin' is 'analytical assumption'.
2358,analytical assumption,tahliliy taxmin,High,Academic,Context,The lesson uses the vocabulary item _____ in a academic context.,measurable factor,renewable management,analytical assumption,effective assumption,C,The best answer in this context is 'analytical assumption' (tahliliy taxmin).
2359,analytical interpretation,tahliliy talqin,High,Academic,EN→UZ,Choose the best Uzbek meaning of 'analytical interpretation'.,algoritmik tekshiruv,tahliliy talqin,resurs xavf,sun’iy manba,B,'analytical interpretation' means 'tahliliy talqin' in Uzbek. Remember it together with its context.
2360,analytical interpretation,tahliliy talqin,High,Academic,UZ→EN,Choose the English word or phrase that matches the Uzbek meaning 'tahliliy talqin'.,analytical interpretation,resource risk,artificial source,algorithmic verification,A,The English word or phrase for 'tahliliy talqin' is 'analytical interpretation'.
2361,analytical interpretation,tahliliy talqin,High,Academic,Context,The lesson uses the vocabulary item _____ in a academic context.,resource risk,artificial source,algorithmic verification,analytical interpretation,D,The best answer in this context is 'analytical interpretation' (tahliliy talqin).
2362,analytical evaluation,tahliliy baholash,High,Academic,EN→UZ,Choose the best Uzbek meaning of 'analytical evaluation'.,tizimli taxmin,strategik omil,tahliliy baholash,tanqidiy baholash,C,'analytical evaluation' means 'tahliliy baholash' in Uzbek. Remember it together with its context.
2363,analytical evaluation,tahliliy baholash,High,Academic,UZ→EN,Choose the English word or phrase that matches the Uzbek meaning 'tahliliy baholash'.,strategic factor,analytical evaluation,critical evaluation,systematic assumption,B,The English word or phrase for 'tahliliy baholash' is 'analytical evaluation'.
2364,analytical evaluation,tahliliy baholash,High,Academic,Context,The lesson uses the vocabulary item _____ in a academic context.,analytical evaluation,critical evaluation,systematic assumption,strategic factor,A,The best answer in this context is 'analytical evaluation' (tahliliy baholash).
2365,systematic evidence,tizimli dalil,High,Academic,EN→UZ,Choose the best Uzbek meaning of 'systematic evidence'.,shahar siyosat,jamoat texnologiya,suv infratuzilma,tizimli dalil,D,'systematic evidence' means 'tizimli dalil' in Uzbek. Remember it together with its context.
2366,systematic evidence,tizimli dalil,High,Academic,UZ→EN,Choose the English word or phrase that matches the Uzbek meaning 'tizimli dalil'.,public technology,water infrastructure,systematic evidence,urban policy,C,The English word or phrase for 'tizimli dalil' is 'systematic evidence'.
2367,systematic evidence,tizimli dalil,High,Academic,Context,The lesson uses the vocabulary item _____ in a academic context.,water infrastructure,systematic evidence,urban policy,public technology,B,The best answer in this context is 'systematic evidence' (tizimli dalil).
2368,systematic analysis,tizimli tahlil,High,Academic,EN→UZ,Choose the best Uzbek meaning of 'systematic analysis'.,tizimli tahlil,suv samaradorlik,resurs siyosat,iqlim texnologiya,A,'systematic analysis' means 'tizimli tahlil' in Uzbek. Remember it together with its context.
2369,systematic analysis,tizimli tahlil,High,Academic,UZ→EN,Choose the English word or phrase that matches the Uzbek meaning 'tizimli tahlil'.,water efficiency,resource policy,climate technology,systematic analysis,D,The English word or phrase for 'tizimli tahlil' is 'systematic analysis'.
2370,systematic analysis,tizimli tahlil,High,Academic,Context,The lesson uses the vocabulary item _____ in a academic context.,resource policy,climate technology,systematic analysis,water efficiency,C,The best answer in this context is 'systematic analysis' (tizimli tahlil).
2371,systematic approach,tizimli yondashuv,High,Academic,EN→UZ,Choose the best Uzbek meaning of 'systematic approach'.,chiqindi ta’sir,tizimli yondashuv,jamoat boshqaruv,energiya rejalashtirish,B,'systematic approach' means 'tizimli yondashuv' in Uzbek. Remember it together with its context.
2372,systematic approach,tizimli yondashuv,High,Academic,UZ→EN,Choose the English word or phrase that matches the Uzbek meaning 'tizimli yondashuv'.,systematic approach,public management,energy planning,waste impact,A,The English word or phrase for 'tizimli yondashuv' is 'systematic approach'.
2373,systematic approach,tizimli yondashuv,High,Academic,Context,The lesson uses the vocabulary item _____ in a academic context.,public management,energy planning,waste impact,systematic approach,D,The best answer in this context is 'systematic approach' (tizimli yondashuv).
2374,systematic outcome,tizimli natija,High,Academic,EN→UZ,Choose the best Uzbek meaning of 'systematic outcome'.,strategik usul,uzoq muddatli natija,tizimli natija,tizimli baholash,C,'systematic outcome' means 'tizimli natija' in Uzbek. Remember it together with its context.
2375,systematic outcome,tizimli natija,High,Academic,UZ→EN,Choose the English word or phrase that matches the Uzbek meaning 'tizimli natija'.,long-term outcome,systematic outcome,systematic evaluation,strategic method,B,The English word or phrase for 'tizimli natija' is 'systematic outcome'.
2376,systematic outcome,tizimli natija,High,Academic,Context,The lesson uses the vocabulary item _____ in a academic context.,systematic outcome,systematic evaluation,strategic method,long-term outcome,A,The best answer in this context is 'systematic outcome' (tizimli natija).
2377,systematic factor,tizimli omil,High,Academic,EN→UZ,Choose the best Uzbek meaning of 'systematic factor'.,avtomatlashtirilgan tekshiruv,chalg‘ituvchi tarafkashlik,xulosa chiqarmoq,tizimli omil,D,'systematic factor' means 'tizimli omil' in Uzbek. Remember it together with its context.
2378,systematic factor,tizimli omil,High,Academic,UZ→EN,Choose the English word or phrase that matches the Uzbek meaning 'tizimli omil'.,misleading bias,infer,systematic factor,automated verification,C,The English word or phrase for 'tizimli omil' is 'systematic factor'.
2379,systematic factor,tizimli omil,High,Academic,Context,The lesson uses the vocabulary item _____ in a academic context.,infer,systematic factor,automated verification,misleading bias,B,The best answer in this context is 'systematic factor' (tizimli omil).
2380,systematic impact,tizimli ta’sir,High,Academic,EN→UZ,Choose the best Uzbek meaning of 'systematic impact'.,tizimli ta’sir,avtomatlashtirilgan maxfiylik,chalg‘ituvchi tavsiya,talqin qilmoq,A,'systematic impact' means 'tizimli ta’sir' in Uzbek. Remember it together with its context.
2381,systematic impact,tizimli ta’sir,High,Academic,UZ→EN,Choose the English word or phrase that matches the Uzbek meaning 'tizimli ta’sir'.,automated privacy,misleading recommendation,interpret,systematic impact,D,The English word or phrase for 'tizimli ta’sir' is 'systematic impact'.
2382,systematic impact,tizimli ta’sir,High,Academic,Context,The lesson uses the vocabulary item _____ in a academic context.,misleading recommendation,interpret,systematic impact,automated privacy,C,The best answer in this context is 'systematic impact' (tizimli ta’sir).
2383,systematic method,tizimli usul,High,Academic,EN→UZ,Choose the best Uzbek meaning of 'systematic method'.,aniqlamoq,tizimli usul,avtomatlashtirilgan manba,chalg‘ituvchi tekshiruv,B,'systematic method' means 'tizimli usul' in Uzbek. Remember it together with its context.
2384,systematic method,tizimli usul,High,Academic,UZ→EN,Choose the English word or phrase that matches the Uzbek meaning 'tizimli usul'.,systematic method,automated source,misleading verification,identify,A,The English word or phrase for 'tizimli usul' is 'systematic method'.
2385,systematic method,tizimli usul,High,Academic,Context,The lesson uses the vocabulary item _____ in a academic context.,automated source,misleading verification,identify,systematic method,D,The best answer in this context is 'systematic method' (tizimli usul).
2386,systematic assumption,tizimli taxmin,High,Academic,EN→UZ,Choose the best Uzbek meaning of 'systematic assumption'.,barqaror siyosat,shahar texnologiya,tizimli taxmin,qayta tiklanuvchi samaradorlik,C,'systematic assumption' means 'tizimli taxmin' in Uzbek. Remember it together with its context.
2387,systematic assumption,tizimli taxmin,High,Academic,UZ→EN,Choose the English word or phrase that matches the Uzbek meaning 'tizimli taxmin'.,urban technology,systematic assumption,renewable efficiency,sustainable policy,B,The English word or phrase for 'tizimli taxmin' is 'systematic assumption'.
2388,systematic assumption,tizimli taxmin,High,Academic,Context,The lesson uses the vocabulary item _____ in a academic context.,systematic assumption,renewable efficiency,sustainable policy,urban technology,A,The best answer in this context is 'systematic assumption' (tizimli taxmin).
2389,systematic interpretation,tizimli talqin,High,Academic,EN→UZ,Choose the best Uzbek meaning of 'systematic interpretation'.,algoritmik manba,ishonchli tekshiruv,jamoat tavsiya,tizimli talqin,D,'systematic interpretation' means 'tizimli talqin' in Uzbek. Remember it together with its context.
2390,systematic interpretation,tizimli talqin,High,Academic,UZ→EN,Choose the English word or phrase that matches the Uzbek meaning 'tizimli talqin'.,reliable verification,public recommendation,systematic interpretation,algorithmic source,C,The English word or phrase for 'tizimli talqin' is 'systematic interpretation'.
2391,systematic interpretation,tizimli talqin,High,Academic,Context,The lesson uses the vocabulary item _____ in a academic context.,public recommendation,systematic interpretation,algorithmic source,reliable verification,B,The best answer in this context is 'systematic interpretation' (tizimli talqin).
2392,systematic evaluation,tizimli baholash,High,Academic,EN→UZ,Choose the best Uzbek meaning of 'systematic evaluation'.,tizimli baholash,strategik usul,uzoq muddatli natija,ekologik siyosat,A,'systematic evaluation' means 'tizimli baholash' in Uzbek. Remember it together with its context.
2393,systematic evaluation,tizimli baholash,High,Academic,UZ→EN,Choose the English word or phrase that matches the Uzbek meaning 'tizimli baholash'.,strategic method,long-term outcome,environmental policy,systematic evaluation,D,The English word or phrase for 'tizimli baholash' is 'systematic evaluation'.
2394,systematic evaluation,tizimli baholash,High,Academic,Context,The lesson uses the vocabulary item _____ in a academic context.,long-term outcome,environmental policy,systematic evaluation,strategic method,C,The best answer in this context is 'systematic evaluation' (tizimli baholash).
2395,effective evidence,samarali dalil,High,Academic,EN→UZ,Choose the best Uzbek meaning of 'effective evidence'.,ishonchli natija,samarali dalil,samarali,nuqtai nazar,B,'effective evidence' means 'samarali dalil' in Uzbek. Remember it together with its context.
2396,effective evidence,samarali dalil,High,Academic,UZ→EN,Choose the English word or phrase that matches the Uzbek meaning 'samarali dalil'.,effective evidence,efficient,perspective,reliable outcome,A,The English word or phrase for 'samarali dalil' is 'effective evidence'.
2397,effective evidence,samarali dalil,High,Academic,Context,The lesson uses the vocabulary item _____ in a academic context.,efficient,perspective,reliable outcome,effective evidence,D,The best answer in this context is 'effective evidence' (samarali dalil).
2398,effective analysis,samarali tahlil,High,Academic,EN→UZ,Choose the best Uzbek meaning of 'effective analysis'.,tanqidiy dalil,tahliliy taxmin,samarali tahlil,ishonchli yondashuv,C,'effective analysis' means 'samarali tahlil' in Uzbek. Remember it together with its context.
2399,effective analysis,samarali tahlil,High,Academic,UZ→EN,Choose the English word or phrase that matches the Uzbek meaning 'samarali tahlil'.,analytical assumption,effective analysis,reliable approach,critical evidence,B,The English word or phrase for 'samarali tahlil' is 'effective analysis'.
2400,effective analysis,samarali tahlil,High,Academic,Context,The lesson uses the vocabulary item _____ in a academic context.,effective analysis,reliable approach,critical evidence,analytical assumption,A,The best answer in this context is 'effective analysis' (samarali tahlil).
2401,effective approach,samarali yondashuv,High,Academic,EN→UZ,Choose the best Uzbek meaning of 'effective approach'.,algoritm,sezilarli taxmin,akademik omil,samarali yondashuv,D,'effective approach' means 'samarali yondashuv' in Uzbek. Remember it together with its context.
2402,effective approach,samarali yondashuv,High,Academic,UZ→EN,Choose the English word or phrase that matches the Uzbek meaning 'samarali yondashuv'.,significant assumption,academic factor,effective approach,algorithm,C,The English word or phrase for 'samarali yondashuv' is 'effective approach'.
2403,effective approach,samarali yondashuv,High,Academic,Context,The lesson uses the vocabulary item _____ in a academic context.,academic factor,effective approach,algorithm,significant assumption,B,The best answer in this context is 'effective approach' (samarali yondashuv).
2404,effective outcome,samarali natija,High,Academic,EN→UZ,Choose the best Uzbek meaning of 'effective outcome'.,samarali natija,sun’iy model,algoritmik platforma,ishonchli kontent,A,'effective outcome' means 'samarali natija' in Uzbek. Remember it together with its context.
2405,effective outcome,samarali natija,High,Academic,UZ→EN,Choose the English word or phrase that matches the Uzbek meaning 'samarali natija'.,artificial model,algorithmic platform,reliable content,effective outcome,D,The English word or phrase for 'samarali natija' is 'effective outcome'.
2406,effective outcome,samarali natija,High,Academic,Context,The lesson uses the vocabulary item _____ in a academic context.,algorithmic platform,reliable content,effective outcome,artificial model,C,The best answer in this context is 'effective outcome' (samarali natija).
2407,effective factor,samarali omil,High,Academic,EN→UZ,Choose the best Uzbek meaning of 'effective factor'.,ekologik rejalashtirish,samarali omil,o‘lchanadigan omil,qayta tiklanuvchi boshqaruv,B,'effective factor' means 'samarali omil' in Uzbek. Remember it together with its context.
2408,effective factor,samarali omil,High,Academic,UZ→EN,Choose the English word or phrase that matches the Uzbek meaning 'samarali omil'.,effective factor,measurable factor,renewable management,environmental planning,A,The English word or phrase for 'samarali omil' is 'effective factor'.
2409,effective factor,samarali omil,High,Academic,Context,The lesson uses the vocabulary item _____ in a academic context.,measurable factor,renewable management,environmental planning,effective factor,D,The best answer in this context is 'effective factor' (samarali omil).
2410,effective impact,samarali ta’sir,High,Academic,EN→UZ,Choose the best Uzbek meaning of 'effective impact'.,qayta tiklanuvchi siyosat,ekologik texnologiya,samarali ta’sir,o‘lchanadigan natija,C,'effective impact' means 'samarali ta’sir' in Uzbek. Remember it together with its context.
2411,effective impact,samarali ta’sir,High,Academic,UZ→EN,Choose the English word or phrase that matches the Uzbek meaning 'samarali ta’sir'.,environmental technology,effective impact,measurable outcome,renewable policy,B,The English word or phrase for 'samarali ta’sir' is 'effective impact'.
2412,effective impact,samarali ta’sir,High,Academic,Context,The lesson uses the vocabulary item _____ in a academic context.,effective impact,measurable outcome,renewable policy,environmental technology,A,The best answer in this context is 'effective impact' (samarali ta’sir).
2413,effective method,samarali usul,High,Academic,EN→UZ,Choose the best Uzbek meaning of 'effective method'.,o‘lchanadigan usul,qayta tiklanuvchi samaradorlik,barqaror siyosat,samarali usul,D,'effective method' means 'samarali usul' in Uzbek. Remember it together with its context.
2414,effective method,samarali usul,High,Academic,UZ→EN,Choose the English word or phrase that matches the Uzbek meaning 'samarali usul'.,renewable efficiency,sustainable policy,effective method,measurable method,C,The English word or phrase for 'samarali usul' is 'effective method'.
2415,effective method,samarali usul,High,Academic,Context,The lesson uses the vocabulary item _____ in a academic context.,sustainable policy,effective method,measurable method,renewable efficiency,B,The best answer in this context is 'effective method' (samarali usul).
2416,effective assumption,samarali taxmin,High,Academic,EN→UZ,Choose the best Uzbek meaning of 'effective assumption'.,samarali taxmin,chalg‘ituvchi kontent,saqlab turmoq,iste’mol,A,'effective assumption' means 'samarali taxmin' in Uzbek. Remember it together with its context.
2417,effective assumption,samarali taxmin,High,Academic,UZ→EN,Choose the English word or phrase that matches the Uzbek meaning 'samarali taxmin'.,misleading content,maintain,consumption,effective assumption,D,The English word or phrase for 'samarali taxmin' is 'effective assumption'.
2418,effective assumption,samarali taxmin,High,Academic,Context,The lesson uses the vocabulary item _____ in a academic context.,maintain,consumption,effective assumption,misleading content,C,The best answer in this context is 'effective assumption' (samarali taxmin).
2419,effective interpretation,samarali talqin,High,Academic,EN→UZ,Choose the best Uzbek meaning of 'effective interpretation'.,ekologik siyosat,samarali talqin,strategik usul,uzoq muddatli natija,B,'effective interpretation' means 'samarali talqin' in Uzbek. Remember it together with its context.
2420,effective interpretation,samarali talqin,High,Academic,UZ→EN,Choose the English word or phrase that matches the Uzbek meaning 'samarali talqin'.,effective interpretation,strategic method,long-term outcome,environmental policy,A,The English word or phrase for 'samarali talqin' is 'effective interpretation'.
2421,effective interpretation,samarali talqin,High,Academic,Context,The lesson uses the vocabulary item _____ in a academic context.,strategic method,long-term outcome,environmental policy,effective interpretation,D,The best answer in this context is 'effective interpretation' (samarali talqin).
2422,effective evaluation,samarali baholash,High,Academic,EN→UZ,Choose the best Uzbek meaning of 'effective evaluation'.,ishonchli kontent,jamoat tarafkashlik,samarali baholash,algoritmik platforma,C,'effective evaluation' means 'samarali baholash' in Uzbek. Remember it together with its context.
2423,effective evaluation,samarali baholash,High,Academic,UZ→EN,Choose the English word or phrase that matches the Uzbek meaning 'samarali baholash'.,public bias,effective evaluation,algorithmic platform,reliable content,B,The English word or phrase for 'samarali baholash' is 'effective evaluation'.
2424,effective evaluation,samarali baholash,High,Academic,Context,The lesson uses the vocabulary item _____ in a academic context.,effective evaluation,algorithmic platform,reliable content,public bias,A,The best answer in this context is 'effective evaluation' (samarali baholash).
2425,strategic evidence,strategik dalil,High,Academic,EN→UZ,Choose the best Uzbek meaning of 'strategic evidence'.,sezilarli dalil,ishonchli taxmin,tanqidiy ta’sir,strategik dalil,D,'strategic evidence' means 'strategik dalil' in Uzbek. Remember it together with its context.
2426,strategic evidence,strategik dalil,High,Academic,UZ→EN,Choose the English word or phrase that matches the Uzbek meaning 'strategik dalil'.,reliable assumption,critical impact,strategic evidence,significant evidence,C,The English word or phrase for 'strategik dalil' is 'strategic evidence'.
2427,strategic evidence,strategik dalil,High,Academic,Context,The lesson uses the vocabulary item _____ in a academic context.,critical impact,strategic evidence,significant evidence,reliable assumption,B,The best answer in this context is 'strategic evidence' (strategik dalil).
2428,strategic analysis,strategik tahlil,High,Academic,EN→UZ,Choose the best Uzbek meaning of 'strategic analysis'.,strategik tahlil,tanqidiy omil,tizimli tahlil,samarali talqin,A,'strategic analysis' means 'strategik tahlil' in Uzbek. Remember it together with its context.
2429,strategic analysis,strategik tahlil,High,Academic,UZ→EN,Choose the English word or phrase that matches the Uzbek meaning 'strategik tahlil'.,critical factor,systematic analysis,effective interpretation,strategic analysis,D,The English word or phrase for 'strategik tahlil' is 'strategic analysis'.
2430,strategic analysis,strategik tahlil,High,Academic,Context,The lesson uses the vocabulary item _____ in a academic context.,systematic analysis,effective interpretation,strategic analysis,critical factor,C,The best answer in this context is 'strategic analysis' (strategik tahlil).
2431,strategic approach,strategik yondashuv,High,Academic,EN→UZ,Choose the best Uzbek meaning of 'strategic approach'.,tahliliy usul,strategik yondashuv,ishonchli tahlil,akademik baholash,B,'strategic approach' means 'strategik yondashuv' in Uzbek. Remember it together with its context.
2432,strategic approach,strategik yondashuv,High,Academic,UZ→EN,Choose the English word or phrase that matches the Uzbek meaning 'strategik yondashuv'.,strategic approach,reliable analysis,academic evaluation,analytical method,A,The English word or phrase for 'strategik yondashuv' is 'strategic approach'.
2433,strategic approach,strategik yondashuv,High,Academic,Context,The lesson uses the vocabulary item _____ in a academic context.,reliable analysis,academic evaluation,analytical method,strategic approach,D,The best answer in this context is 'strategic approach' (strategik yondashuv).
2434,strategic outcome,strategik natija,High,Academic,EN→UZ,Choose the best Uzbek meaning of 'strategic outcome'.,ishonchli model,ishonchli,strategik natija,avtomatlashtirilgan tavsiya,C,'strategic outcome' means 'strategik natija' in Uzbek. Remember it together with its context.
2435,strategic outcome,strategik natija,High,Academic,UZ→EN,Choose the English word or phrase that matches the Uzbek meaning 'strategik natija'.,reliable,strategic outcome,automated recommendation,reliable model,B,The English word or phrase for 'strategik natija' is 'strategic outcome'.
2436,strategic outcome,strategik natija,High,Academic,Context,The lesson uses the vocabulary item _____ in a academic context.,strategic outcome,automated recommendation,reliable model,reliable,A,The best answer in this context is 'strategic outcome' (strategik natija).
2437,strategic factor,strategik omil,High,Academic,EN→UZ,Choose the best Uzbek meaning of 'strategic factor'.,qayta tiklanuvchi ta’sir,barqaror iste’mol,shahar xavf,strategik omil,D,'strategic factor' means 'strategik omil' in Uzbek. Remember it together with its context.
2438,strategic factor,strategik omil,High,Academic,UZ→EN,Choose the English word or phrase that matches the Uzbek meaning 'strategik omil'.,sustainable consumption,urban risk,strategic factor,renewable impact,C,The English word or phrase for 'strategik omil' is 'strategic factor'.
2439,strategic factor,strategik omil,High,Academic,Context,The lesson uses the vocabulary item _____ in a academic context.,urban risk,strategic factor,renewable impact,sustainable consumption,B,The best answer in this context is 'strategic factor' (strategik omil).
2440,strategic impact,strategik ta’sir,High,Academic,EN→UZ,Choose the best Uzbek meaning of 'strategic impact'.,strategik ta’sir,qayta tiklanuvchi infratuzilma,barqaror boshqaruv,shahar rejalashtirish,A,'strategic impact' means 'strategik ta’sir' in Uzbek. Remember it together with its context.
2441,strategic impact,strategik ta’sir,High,Academic,UZ→EN,Choose the English word or phrase that matches the Uzbek meaning 'strategik ta’sir'.,renewable infrastructure,sustainable management,urban planning,strategic impact,D,The English word or phrase for 'strategik ta’sir' is 'strategic impact'.
2442,strategic impact,strategik ta’sir,High,Academic,Context,The lesson uses the vocabulary item _____ in a academic context.,sustainable management,urban planning,strategic impact,renewable infrastructure,C,The best answer in this context is 'strategic impact' (strategik ta’sir).
2443,strategic method,strategik usul,High,Academic,EN→UZ,Choose the best Uzbek meaning of 'strategic method'.,jamoat boshqaruv,strategik usul,qayta tiklanuvchi texnologiya,barqaror infratuzilma,B,'strategic method' means 'strategik usul' in Uzbek. Remember it together with its context.
2444,strategic method,strategik usul,High,Academic,UZ→EN,Choose the English word or phrase that matches the Uzbek meaning 'strategik usul'.,strategic method,renewable technology,sustainable infrastructure,public management,A,The English word or phrase for 'strategik usul' is 'strategic method'.
2445,strategic method,strategik usul,High,Academic,Context,The lesson uses the vocabulary item _____ in a academic context.,renewable technology,sustainable infrastructure,public management,strategic method,D,The best answer in this context is 'strategic method' (strategik usul).
2446,strategic assumption,strategik taxmin,High,Academic,EN→UZ,Choose the best Uzbek meaning of 'strategic assumption'.,algoritm,sezilarli taxmin,strategik taxmin,yondashuv,C,'strategic assumption' means 'strategik taxmin' in Uzbek. Remember it together with its context.
2447,strategic assumption,strategik taxmin,High,Academic,UZ→EN,Choose the English word or phrase that matches the Uzbek meaning 'strategik taxmin'.,significant assumption,strategic assumption,approach,algorithm,B,The English word or phrase for 'strategik taxmin' is 'strategic assumption'.
2448,strategic assumption,strategik taxmin,High,Academic,Context,The lesson uses the vocabulary item _____ in a academic context.,strategic assumption,approach,algorithm,significant assumption,A,The best answer in this context is 'strategic assumption' (strategik taxmin).
2449,strategic interpretation,strategik talqin,High,Academic,EN→UZ,Choose the best Uzbek meaning of 'strategic interpretation'.,uzoq muddatli taxmin,ekologik infratuzilma,shahar boshqaruv,strategik talqin,D,'strategic interpretation' means 'strategik talqin' in Uzbek. Remember it together with its context.
2450,strategic interpretation,strategik talqin,High,Academic,UZ→EN,Choose the English word or phrase that matches the Uzbek meaning 'strategik talqin'.,environmental infrastructure,urban management,strategic interpretation,long-term assumption,C,The English word or phrase for 'strategik talqin' is 'strategic interpretation'.
2451,strategic interpretation,strategik talqin,High,Academic,Context,The lesson uses the vocabulary item _____ in a academic context.,urban management,strategic interpretation,long-term assumption,environmental infrastructure,B,The best answer in this context is 'strategic interpretation' (strategik talqin).
2452,strategic evaluation,strategik baholash,High,Academic,EN→UZ,Choose the best Uzbek meaning of 'strategic evaluation'.,strategik baholash,ishonchli model,ishonchli,"samarali, ta’sirchan",A,'strategic evaluation' means 'strategik baholash' in Uzbek. Remember it together with its context.
2453,strategic evaluation,strategik baholash,High,Academic,UZ→EN,Choose the English word or phrase that matches the Uzbek meaning 'strategik baholash'.,reliable model,reliable,effective,strategic evaluation,D,The English word or phrase for 'strategik baholash' is 'strategic evaluation'.
2454,strategic evaluation,strategik baholash,High,Academic,Context,The lesson uses the vocabulary item _____ in a academic context.,reliable,effective,strategic evaluation,reliable model,C,The best answer in this context is 'strategic evaluation' (strategik baholash).
2455,measurable evidence,o‘lchanadigan dalil,High,Academic,EN→UZ,Choose the best Uzbek meaning of 'measurable evidence'.,barqaror texnologiya,o‘lchanadigan dalil,uzoq muddatli natija,ekologik siyosat,B,'measurable evidence' means 'o‘lchanadigan dalil' in Uzbek. Remember it together with its context.
2456,measurable evidence,o‘lchanadigan dalil,High,Academic,UZ→EN,Choose the English word or phrase that matches the Uzbek meaning 'o‘lchanadigan dalil'.,measurable evidence,long-term outcome,environmental policy,sustainable technology,A,The English word or phrase for 'o‘lchanadigan dalil' is 'measurable evidence'.
2457,measurable evidence,o‘lchanadigan dalil,High,Academic,Context,The lesson uses the vocabulary item _____ in a academic context.,long-term outcome,environmental policy,sustainable technology,measurable evidence,D,The best answer in this context is 'measurable evidence' (o‘lchanadigan dalil).
2458,measurable analysis,o‘lchanadigan tahlil,High,Academic,EN→UZ,Choose the best Uzbek meaning of 'measurable analysis'.,jamoat samaradorlik,suv siyosat,o‘lchanadigan tahlil,barqaror strategiya,C,'measurable analysis' means 'o‘lchanadigan tahlil' in Uzbek. Remember it together with its context.
2459,measurable analysis,o‘lchanadigan tahlil,High,Academic,UZ→EN,Choose the English word or phrase that matches the Uzbek meaning 'o‘lchanadigan tahlil'.,water policy,measurable analysis,sustainable strategy,public efficiency,B,The English word or phrase for 'o‘lchanadigan tahlil' is 'measurable analysis'.
2460,measurable analysis,o‘lchanadigan tahlil,High,Academic,Context,The lesson uses the vocabulary item _____ in a academic context.,measurable analysis,sustainable strategy,public efficiency,water policy,A,The best answer in this context is 'measurable analysis' (o‘lchanadigan tahlil).
2461,measurable approach,o‘lchanadigan yondashuv,High,Academic,EN→UZ,Choose the best Uzbek meaning of 'measurable approach'.,qayta tiklanuvchi infratuzilma,barqaror boshqaruv,shahar rejalashtirish,o‘lchanadigan yondashuv,D,'measurable approach' means 'o‘lchanadigan yondashuv' in Uzbek. Remember it together with its context.
2462,measurable approach,o‘lchanadigan yondashuv,High,Academic,UZ→EN,Choose the English word or phrase that matches the Uzbek meaning 'o‘lchanadigan yondashuv'.,sustainable management,urban planning,measurable approach,renewable infrastructure,C,The English word or phrase for 'o‘lchanadigan yondashuv' is 'measurable approach'.
2463,measurable approach,o‘lchanadigan yondashuv,High,Academic,Context,The lesson uses the vocabulary item _____ in a academic context.,urban planning,measurable approach,renewable infrastructure,sustainable management,B,The best answer in this context is 'measurable approach' (o‘lchanadigan yondashuv).
2464,measurable outcome,o‘lchanadigan natija,High,Academic,EN→UZ,Choose the best Uzbek meaning of 'measurable outcome'.,o‘lchanadigan natija,akademik dalil,tanqidiy talqin,tizimli ta’sir,A,'measurable outcome' means 'o‘lchanadigan natija' in Uzbek. Remember it together with its context.
2465,measurable outcome,o‘lchanadigan natija,High,Academic,UZ→EN,Choose the English word or phrase that matches the Uzbek meaning 'o‘lchanadigan natija'.,academic evidence,critical interpretation,systematic impact,measurable outcome,D,The English word or phrase for 'o‘lchanadigan natija' is 'measurable outcome'.
2466,measurable outcome,o‘lchanadigan natija,High,Academic,Context,The lesson uses the vocabulary item _____ in a academic context.,critical interpretation,systematic impact,measurable outcome,academic evidence,C,The best answer in this context is 'measurable outcome' (o‘lchanadigan natija).
2467,measurable factor,o‘lchanadigan omil,High,Academic,EN→UZ,Choose the best Uzbek meaning of 'measurable factor'.,avtomatlashtirilgan tavsiya,o‘lchanadigan omil,iqlim strategiya,raqamli maxfiylik,B,'measurable factor' means 'o‘lchanadigan omil' in Uzbek. Remember it together with its context.
2468,measurable factor,o‘lchanadigan omil,High,Academic,UZ→EN,Choose the English word or phrase that matches the Uzbek meaning 'o‘lchanadigan omil'.,measurable factor,climate strategy,digital privacy,automated recommendation,A,The English word or phrase for 'o‘lchanadigan omil' is 'measurable factor'.
2469,measurable factor,o‘lchanadigan omil,High,Academic,Context,The lesson uses the vocabulary item _____ in a academic context.,climate strategy,digital privacy,automated recommendation,measurable factor,D,The best answer in this context is 'measurable factor' (o‘lchanadigan omil).
2470,measurable impact,o‘lchanadigan ta’sir,High,Academic,EN→UZ,Choose the best Uzbek meaning of 'measurable impact'.,raqamli tarafkashlik,avtomatlashtirilgan intellekt,o‘lchanadigan ta’sir,iqlim ta’sir,C,'measurable impact' means 'o‘lchanadigan ta’sir' in Uzbek. Remember it together with its context.
2471,measurable impact,o‘lchanadigan ta’sir,High,Academic,UZ→EN,Choose the English word or phrase that matches the Uzbek meaning 'o‘lchanadigan ta’sir'.,automated intelligence,measurable impact,climate impact,digital bias,B,The English word or phrase for 'o‘lchanadigan ta’sir' is 'measurable impact'.
2472,measurable impact,o‘lchanadigan ta’sir,High,Academic,Context,The lesson uses the vocabulary item _____ in a academic context.,measurable impact,climate impact,digital bias,automated intelligence,A,The best answer in this context is 'measurable impact' (o‘lchanadigan ta’sir).
2473,measurable method,o‘lchanadigan usul,High,Academic,EN→UZ,Choose the best Uzbek meaning of 'measurable method'.,iqlim rejalashtirish,raqamli kontent,avtomatlashtirilgan maxfiylik,o‘lchanadigan usul,D,'measurable method' means 'o‘lchanadigan usul' in Uzbek. Remember it together with its context.
2474,measurable method,o‘lchanadigan usul,High,Academic,UZ→EN,Choose the English word or phrase that matches the Uzbek meaning 'o‘lchanadigan usul'.,digital content,automated privacy,measurable method,climate planning,C,The English word or phrase for 'o‘lchanadigan usul' is 'measurable method'.
2475,measurable method,o‘lchanadigan usul,High,Academic,Context,The lesson uses the vocabulary item _____ in a academic context.,automated privacy,measurable method,climate planning,digital content,B,The best answer in this context is 'measurable method' (o‘lchanadigan usul).
2476,measurable assumption,o‘lchanadigan taxmin,High,Academic,EN→UZ,Choose the best Uzbek meaning of 'measurable assumption'.,o‘lchanadigan taxmin,samarali ta’sir,o‘lchanadigan yondashuv,qayta tiklanuvchi siyosat,A,'measurable assumption' means 'o‘lchanadigan taxmin' in Uzbek. Remember it together with its context.
2477,measurable assumption,o‘lchanadigan taxmin,High,Academic,UZ→EN,Choose the English word or phrase that matches the Uzbek meaning 'o‘lchanadigan taxmin'.,effective impact,measurable approach,renewable policy,measurable assumption,D,The English word or phrase for 'o‘lchanadigan taxmin' is 'measurable assumption'.
2478,measurable assumption,o‘lchanadigan taxmin,High,Academic,Context,The lesson uses the vocabulary item _____ in a academic context.,measurable approach,renewable policy,measurable assumption,effective impact,C,The best answer in this context is 'measurable assumption' (o‘lchanadigan taxmin).
2479,measurable interpretation,o‘lchanadigan talqin,High,Academic,EN→UZ,Choose the best Uzbek meaning of 'measurable interpretation'.,algoritmik maxfiylik,o‘lchanadigan talqin,resurs rejalashtirish,sun’iy kontent,B,'measurable interpretation' means 'o‘lchanadigan talqin' in Uzbek. Remember it together with its context.
2480,measurable interpretation,o‘lchanadigan talqin,High,Academic,UZ→EN,Choose the English word or phrase that matches the Uzbek meaning 'o‘lchanadigan talqin'.,measurable interpretation,resource planning,artificial content,algorithmic privacy,A,The English word or phrase for 'o‘lchanadigan talqin' is 'measurable interpretation'.
2481,measurable interpretation,o‘lchanadigan talqin,High,Academic,Context,The lesson uses the vocabulary item _____ in a academic context.,resource planning,artificial content,algorithmic privacy,measurable interpretation,D,The best answer in this context is 'measurable interpretation' (o‘lchanadigan talqin).
2482,measurable evaluation,o‘lchanadigan baholash,High,Academic,EN→UZ,Choose the best Uzbek meaning of 'measurable evaluation'.,tizimli ta’sir,strategik yondashuv,o‘lchanadigan baholash,tanqidiy talqin,C,'measurable evaluation' means 'o‘lchanadigan baholash' in Uzbek. Remember it together with its context.
2483,measurable evaluation,o‘lchanadigan baholash,High,Academic,UZ→EN,Choose the English word or phrase that matches the Uzbek meaning 'o‘lchanadigan baholash'.,strategic approach,measurable evaluation,critical interpretation,systematic impact,B,The English word or phrase for 'o‘lchanadigan baholash' is 'measurable evaluation'.
2484,measurable evaluation,o‘lchanadigan baholash,High,Academic,Context,The lesson uses the vocabulary item _____ in a academic context.,measurable evaluation,critical interpretation,systematic impact,strategic approach,A,The best answer in this context is 'measurable evaluation' (o‘lchanadigan baholash).
2485,long-term evidence,uzoq muddatli dalil,High,Academic,EN→UZ,Choose the best Uzbek meaning of 'long-term evidence'.,chalg‘ituvchi tekshiruv,aniqlamoq,resurs,uzoq muddatli dalil,D,'long-term evidence' means 'uzoq muddatli dalil' in Uzbek. Remember it together with its context.
2486,long-term evidence,uzoq muddatli dalil,High,Academic,UZ→EN,Choose the English word or phrase that matches the Uzbek meaning 'uzoq muddatli dalil'.,identify,resource,long-term evidence,misleading verification,C,The English word or phrase for 'uzoq muddatli dalil' is 'long-term evidence'.
2487,long-term evidence,uzoq muddatli dalil,High,Academic,Context,The lesson uses the vocabulary item _____ in a academic context.,resource,long-term evidence,misleading verification,identify,B,The best answer in this context is 'long-term evidence' (uzoq muddatli dalil).
2488,long-term analysis,uzoq muddatli tahlil,High,Academic,EN→UZ,Choose the best Uzbek meaning of 'long-term analysis'.,uzoq muddatli tahlil,talab,sezilarli tahlil,ishonchli talqin,A,'long-term analysis' means 'uzoq muddatli tahlil' in Uzbek. Remember it together with its context.
2489,long-term analysis,uzoq muddatli tahlil,High,Academic,UZ→EN,Choose the English word or phrase that matches the Uzbek meaning 'uzoq muddatli tahlil'.,demand,significant analysis,reliable interpretation,long-term analysis,D,The English word or phrase for 'uzoq muddatli tahlil' is 'long-term analysis'.
2490,long-term analysis,uzoq muddatli tahlil,High,Academic,Context,The lesson uses the vocabulary item _____ in a academic context.,significant analysis,reliable interpretation,long-term analysis,demand,C,The best answer in this context is 'long-term analysis' (uzoq muddatli tahlil).
2491,long-term approach,uzoq muddatli yondashuv,High,Academic,EN→UZ,Choose the best Uzbek meaning of 'long-term approach'.,nuqtai nazar,uzoq muddatli yondashuv,aniq,samarali,B,'long-term approach' means 'uzoq muddatli yondashuv' in Uzbek. Remember it together with its context.
2492,long-term approach,uzoq muddatli yondashuv,High,Academic,UZ→EN,Choose the English word or phrase that matches the Uzbek meaning 'uzoq muddatli yondashuv'.,long-term approach,accurate,efficient,perspective,A,The English word or phrase for 'uzoq muddatli yondashuv' is 'long-term approach'.
2493,long-term approach,uzoq muddatli yondashuv,High,Academic,Context,The lesson uses the vocabulary item _____ in a academic context.,accurate,efficient,perspective,long-term approach,D,The best answer in this context is 'long-term approach' (uzoq muddatli yondashuv).
2494,long-term outcome,uzoq muddatli natija,High,Academic,EN→UZ,Choose the best Uzbek meaning of 'long-term outcome'.,iqlim rejalashtirish,raqamli kontent,uzoq muddatli natija,resurs boshqaruv,C,'long-term outcome' means 'uzoq muddatli natija' in Uzbek. Remember it together with its context.
2495,long-term outcome,uzoq muddatli natija,High,Academic,UZ→EN,Choose the English word or phrase that matches the Uzbek meaning 'uzoq muddatli natija'.,digital content,long-term outcome,resource management,climate planning,B,The English word or phrase for 'uzoq muddatli natija' is 'long-term outcome'.
2496,long-term outcome,uzoq muddatli natija,High,Academic,Context,The lesson uses the vocabulary item _____ in a academic context.,long-term outcome,resource management,climate planning,digital content,A,The best answer in this context is 'long-term outcome' (uzoq muddatli natija).
2497,long-term factor,uzoq muddatli omil,High,Academic,EN→UZ,Choose the best Uzbek meaning of 'long-term factor'.,tizimli ta’sir,strategik yondashuv,o‘lchanadigan baholash,uzoq muddatli omil,D,'long-term factor' means 'uzoq muddatli omil' in Uzbek. Remember it together with its context.
2498,long-term factor,uzoq muddatli omil,High,Academic,UZ→EN,Choose the English word or phrase that matches the Uzbek meaning 'uzoq muddatli omil'.,strategic approach,measurable evaluation,long-term factor,systematic impact,C,The English word or phrase for 'uzoq muddatli omil' is 'long-term factor'.
2499,long-term factor,uzoq muddatli omil,High,Academic,Context,The lesson uses the vocabulary item _____ in a academic context.,measurable evaluation,long-term factor,systematic impact,strategic approach,B,The best answer in this context is 'long-term factor' (uzoq muddatli omil).
2500,long-term impact,uzoq muddatli ta’sir,High,Academic,EN→UZ,Choose the best Uzbek meaning of 'long-term impact'.,uzoq muddatli ta’sir,tizimli omil,strategik tahlil,o‘lchanadigan talqin,A,'long-term impact' means 'uzoq muddatli ta’sir' in Uzbek. Remember it together with its context.
2501,long-term impact,uzoq muddatli ta’sir,High,Academic,UZ→EN,Choose the English word or phrase that matches the Uzbek meaning 'uzoq muddatli ta’sir'.,systematic factor,strategic analysis,measurable interpretation,long-term impact,D,The English word or phrase for 'uzoq muddatli ta’sir' is 'long-term impact'.
2502,long-term impact,uzoq muddatli ta’sir,High,Academic,Context,The lesson uses the vocabulary item _____ in a academic context.,strategic analysis,measurable interpretation,long-term impact,systematic factor,C,The best answer in this context is 'long-term impact' (uzoq muddatli ta’sir).
2503,long-term method,uzoq muddatli usul,High,Academic,EN→UZ,Choose the best Uzbek meaning of 'long-term method'.,uzoq muddatli tahlil,uzoq muddatli usul,tizimli taxmin,strategik omil,B,'long-term method' means 'uzoq muddatli usul' in Uzbek. Remember it together with its context.
2504,long-term method,uzoq muddatli usul,High,Academic,UZ→EN,Choose the English word or phrase that matches the Uzbek meaning 'uzoq muddatli usul'.,long-term method,systematic assumption,strategic factor,long-term analysis,A,The English word or phrase for 'uzoq muddatli usul' is 'long-term method'.
2505,long-term method,uzoq muddatli usul,High,Academic,Context,The lesson uses the vocabulary item _____ in a academic context.,systematic assumption,strategic factor,long-term analysis,long-term method,D,The best answer in this context is 'long-term method' (uzoq muddatli usul).
2506,long-term assumption,uzoq muddatli taxmin,High,Academic,EN→UZ,Choose the best Uzbek meaning of 'long-term assumption'.,ishonchli tekshiruv,jamoat tavsiya,uzoq muddatli taxmin,algoritmik manba,C,'long-term assumption' means 'uzoq muddatli taxmin' in Uzbek. Remember it together with its context.
2507,long-term assumption,uzoq muddatli taxmin,High,Academic,UZ→EN,Choose the English word or phrase that matches the Uzbek meaning 'uzoq muddatli taxmin'.,public recommendation,long-term assumption,algorithmic source,reliable verification,B,The English word or phrase for 'uzoq muddatli taxmin' is 'long-term assumption'.
2508,long-term assumption,uzoq muddatli taxmin,High,Academic,Context,The lesson uses the vocabulary item _____ in a academic context.,long-term assumption,algorithmic source,reliable verification,public recommendation,A,The best answer in this context is 'long-term assumption' (uzoq muddatli taxmin).
2509,long-term interpretation,uzoq muddatli talqin,High,Academic,EN→UZ,Choose the best Uzbek meaning of 'long-term interpretation'.,tahliliy taxmin,samarali omil,o‘lchanadigan tahlil,uzoq muddatli talqin,D,'long-term interpretation' means 'uzoq muddatli talqin' in Uzbek. Remember it together with its context.
2510,long-term interpretation,uzoq muddatli talqin,High,Academic,UZ→EN,Choose the English word or phrase that matches the Uzbek meaning 'uzoq muddatli talqin'.,effective factor,measurable analysis,long-term interpretation,analytical assumption,C,The English word or phrase for 'uzoq muddatli talqin' is 'long-term interpretation'.
2511,long-term interpretation,uzoq muddatli talqin,High,Academic,Context,The lesson uses the vocabulary item _____ in a academic context.,measurable analysis,long-term interpretation,analytical assumption,effective factor,B,The best answer in this context is 'long-term interpretation' (uzoq muddatli talqin).
2512,long-term evaluation,uzoq muddatli baholash,High,Academic,EN→UZ,Choose the best Uzbek meaning of 'long-term evaluation'.,uzoq muddatli baholash,iqlim rejalashtirish,raqamli kontent,avtomatlashtirilgan maxfiylik,A,'long-term evaluation' means 'uzoq muddatli baholash' in Uzbek. Remember it together with its context.
2513,long-term evaluation,uzoq muddatli baholash,High,Academic,UZ→EN,Choose the English word or phrase that matches the Uzbek meaning 'uzoq muddatli baholash'.,climate planning,digital content,automated privacy,long-term evaluation,D,The English word or phrase for 'uzoq muddatli baholash' is 'long-term evaluation'.
2514,long-term evaluation,uzoq muddatli baholash,High,Academic,Context,The lesson uses the vocabulary item _____ in a academic context.,digital content,automated privacy,long-term evaluation,climate planning,C,The best answer in this context is 'long-term evaluation' (uzoq muddatli baholash).
2515,renewable policy,qayta tiklanuvchi siyosat,High,Environment,EN→UZ,Choose the best Uzbek meaning of 'renewable policy'.,shahar xavf,qayta tiklanuvchi siyosat,qayta tiklanuvchi ta’sir,barqaror iste’mol,B,'renewable policy' means 'qayta tiklanuvchi siyosat' in Uzbek. Remember it together with its context.
2516,renewable policy,qayta tiklanuvchi siyosat,High,Environment,UZ→EN,Choose the English word or phrase that matches the Uzbek meaning 'qayta tiklanuvchi siyosat'.,renewable policy,renewable impact,sustainable consumption,urban risk,A,The English word or phrase for 'qayta tiklanuvchi siyosat' is 'renewable policy'.
2517,renewable policy,qayta tiklanuvchi siyosat,High,Environment,Context,The lesson uses the vocabulary item _____ in a environment context.,renewable impact,sustainable consumption,urban risk,renewable policy,D,The best answer in this context is 'renewable policy' (qayta tiklanuvchi siyosat).
2518,renewable management,qayta tiklanuvchi boshqaruv,High,Environment,EN→UZ,Choose the best Uzbek meaning of 'renewable management'.,algoritmik tavsiya,avtomatlashtirilgan model,qayta tiklanuvchi boshqaruv,sun’iy maxfiylik,C,'renewable management' means 'qayta tiklanuvchi boshqaruv' in Uzbek. Remember it together with its context.
2519,renewable management,qayta tiklanuvchi boshqaruv,High,Environment,UZ→EN,Choose the English word or phrase that matches the Uzbek meaning 'qayta tiklanuvchi boshqaruv'.,automated model,renewable management,artificial privacy,algorithmic recommendation,B,The English word or phrase for 'qayta tiklanuvchi boshqaruv' is 'renewable management'.
2520,renewable management,qayta tiklanuvchi boshqaruv,High,Environment,Context,The lesson uses the vocabulary item _____ in a environment context.,renewable management,artificial privacy,algorithmic recommendation,automated model,A,The best answer in this context is 'renewable management' (qayta tiklanuvchi boshqaruv).
2521,renewable consumption,qayta tiklanuvchi iste’mol,High,Environment,EN→UZ,Choose the best Uzbek meaning of 'renewable consumption'.,samarali ta’sir,o‘lchanadigan yondashuv,uzoq muddatli baholash,qayta tiklanuvchi iste’mol,D,'renewable consumption' means 'qayta tiklanuvchi iste’mol' in Uzbek. Remember it together with its context.
2522,renewable consumption,qayta tiklanuvchi iste’mol,High,Environment,UZ→EN,Choose the English word or phrase that matches the Uzbek meaning 'qayta tiklanuvchi iste’mol'.,measurable approach,long-term evaluation,renewable consumption,effective impact,C,The English word or phrase for 'qayta tiklanuvchi iste’mol' is 'renewable consumption'.
2523,renewable consumption,qayta tiklanuvchi iste’mol,High,Environment,Context,The lesson uses the vocabulary item _____ in a environment context.,long-term evaluation,renewable consumption,effective impact,measurable approach,B,The best answer in this context is 'renewable consumption' (qayta tiklanuvchi iste’mol).
2524,renewable efficiency,qayta tiklanuvchi samaradorlik,High,Environment,EN→UZ,Choose the best Uzbek meaning of 'renewable efficiency'.,qayta tiklanuvchi samaradorlik,iqlim ta’sir,raqamli tarafkashlik,avtomatlashtirilgan intellekt,A,'renewable efficiency' means 'qayta tiklanuvchi samaradorlik' in Uzbek. Remember it together with its context.
2525,renewable efficiency,qayta tiklanuvchi samaradorlik,High,Environment,UZ→EN,Choose the English word or phrase that matches the Uzbek meaning 'qayta tiklanuvchi samaradorlik'.,climate impact,digital bias,automated intelligence,renewable efficiency,D,The English word or phrase for 'qayta tiklanuvchi samaradorlik' is 'renewable efficiency'.
2526,renewable efficiency,qayta tiklanuvchi samaradorlik,High,Environment,Context,The lesson uses the vocabulary item _____ in a environment context.,digital bias,automated intelligence,renewable efficiency,climate impact,C,The best answer in this context is 'renewable efficiency' (qayta tiklanuvchi samaradorlik).
2527,renewable infrastructure,qayta tiklanuvchi infratuzilma,High,Environment,EN→UZ,Choose the best Uzbek meaning of 'renewable infrastructure'.,barqaror samaradorlik,qayta tiklanuvchi infratuzilma,o‘lchanadigan talqin,qayta tiklanuvchi strategiya,B,'renewable infrastructure' means 'qayta tiklanuvchi infratuzilma' in Uzbek. Remember it together with its context.
2528,renewable infrastructure,qayta tiklanuvchi infratuzilma,High,Environment,UZ→EN,Choose the English word or phrase that matches the Uzbek meaning 'qayta tiklanuvchi infratuzilma'.,renewable infrastructure,measurable interpretation,renewable strategy,sustainable efficiency,A,The English word or phrase for 'qayta tiklanuvchi infratuzilma' is 'renewable infrastructure'.
2529,renewable infrastructure,qayta tiklanuvchi infratuzilma,High,Environment,Context,The lesson uses the vocabulary item _____ in a environment context.,measurable interpretation,renewable strategy,sustainable efficiency,renewable infrastructure,D,The best answer in this context is 'renewable infrastructure' (qayta tiklanuvchi infratuzilma).
2530,renewable impact,qayta tiklanuvchi ta’sir,High,Environment,EN→UZ,Choose the best Uzbek meaning of 'renewable impact'.,qayta tiklanuvchi samaradorlik,barqaror boshqaruv,qayta tiklanuvchi ta’sir,o‘lchanadigan usul,C,'renewable impact' means 'qayta tiklanuvchi ta’sir' in Uzbek. Remember it together with its context.
2531,renewable impact,qayta tiklanuvchi ta’sir,High,Environment,UZ→EN,Choose the English word or phrase that matches the Uzbek meaning 'qayta tiklanuvchi ta’sir'.,sustainable management,renewable impact,measurable method,renewable efficiency,B,The English word or phrase for 'qayta tiklanuvchi ta’sir' is 'renewable impact'.
2532,renewable impact,qayta tiklanuvchi ta’sir,High,Environment,Context,The lesson uses the vocabulary item _____ in a environment context.,renewable impact,measurable method,renewable efficiency,sustainable management,A,The best answer in this context is 'renewable impact' (qayta tiklanuvchi ta’sir).
2533,renewable strategy,qayta tiklanuvchi strategiya,High,Environment,EN→UZ,Choose the best Uzbek meaning of 'renewable strategy'.,tanqidiy yondashuv,tahliliy baholash,samarali usul,qayta tiklanuvchi strategiya,D,'renewable strategy' means 'qayta tiklanuvchi strategiya' in Uzbek. Remember it together with its context.
2534,renewable strategy,qayta tiklanuvchi strategiya,High,Environment,UZ→EN,Choose the English word or phrase that matches the Uzbek meaning 'qayta tiklanuvchi strategiya'.,analytical evaluation,effective method,renewable strategy,critical approach,C,The English word or phrase for 'qayta tiklanuvchi strategiya' is 'renewable strategy'.
2535,renewable strategy,qayta tiklanuvchi strategiya,High,Environment,Context,The lesson uses the vocabulary item _____ in a environment context.,effective method,renewable strategy,critical approach,analytical evaluation,B,The best answer in this context is 'renewable strategy' (qayta tiklanuvchi strategiya).
2536,renewable technology,qayta tiklanuvchi texnologiya,High,Environment,EN→UZ,Choose the best Uzbek meaning of 'renewable technology'.,qayta tiklanuvchi texnologiya,avtomatlashtirilgan kontent,chalg‘ituvchi maxfiylik,baholamoq,A,'renewable technology' means 'qayta tiklanuvchi texnologiya' in Uzbek. Remember it together with its context.
2537,renewable technology,qayta tiklanuvchi texnologiya,High,Environment,UZ→EN,Choose the English word or phrase that matches the Uzbek meaning 'qayta tiklanuvchi texnologiya'.,automated content,misleading privacy,evaluate,renewable technology,D,The English word or phrase for 'qayta tiklanuvchi texnologiya' is 'renewable technology'.
2538,renewable technology,qayta tiklanuvchi texnologiya,High,Environment,Context,The lesson uses the vocabulary item _____ in a environment context.,misleading privacy,evaluate,renewable technology,automated content,C,The best answer in this context is 'renewable technology' (qayta tiklanuvchi texnologiya).
2539,renewable planning,qayta tiklanuvchi rejalashtirish,High,Environment,EN→UZ,Choose the best Uzbek meaning of 'renewable planning'.,tanqidiy talqin,qayta tiklanuvchi rejalashtirish,sezilarli natija,akademik dalil,B,'renewable planning' means 'qayta tiklanuvchi rejalashtirish' in Uzbek. Remember it together with its context.
2540,renewable planning,qayta tiklanuvchi rejalashtirish,High,Environment,UZ→EN,Choose the English word or phrase that matches the Uzbek meaning 'qayta tiklanuvchi rejalashtirish'.,renewable planning,significant outcome,academic evidence,critical interpretation,A,The English word or phrase for 'qayta tiklanuvchi rejalashtirish' is 'renewable planning'.
2541,renewable planning,qayta tiklanuvchi rejalashtirish,High,Environment,Context,The lesson uses the vocabulary item _____ in a environment context.,significant outcome,academic evidence,critical interpretation,renewable planning,D,The best answer in this context is 'renewable planning' (qayta tiklanuvchi rejalashtirish).
2542,renewable risk,qayta tiklanuvchi xavf,High,Environment,EN→UZ,Choose the best Uzbek meaning of 'renewable risk'.,sun’iy manba,algoritmik tekshiruv,qayta tiklanuvchi xavf,resurs xavf,C,'renewable risk' means 'qayta tiklanuvchi xavf' in Uzbek. Remember it together with its context.
2543,renewable risk,qayta tiklanuvchi xavf,High,Environment,UZ→EN,Choose the English word or phrase that matches the Uzbek meaning 'qayta tiklanuvchi xavf'.,algorithmic verification,renewable risk,resource risk,artificial source,B,The English word or phrase for 'qayta tiklanuvchi xavf' is 'renewable risk'.
2544,renewable risk,qayta tiklanuvchi xavf,High,Environment,Context,The lesson uses the vocabulary item _____ in a environment context.,renewable risk,resource risk,artificial source,algorithmic verification,A,The best answer in this context is 'renewable risk' (qayta tiklanuvchi xavf).
2545,environmental policy,ekologik siyosat,High,Environment,EN→UZ,Choose the best Uzbek meaning of 'environmental policy'.,xulosa chiqarmoq,foyda,sezilarli dalil,ekologik siyosat,D,'environmental policy' means 'ekologik siyosat' in Uzbek. Remember it together with its context.
2546,environmental policy,ekologik siyosat,High,Environment,UZ→EN,Choose the English word or phrase that matches the Uzbek meaning 'ekologik siyosat'.,profit,significant evidence,environmental policy,infer,C,The English word or phrase for 'ekologik siyosat' is 'environmental policy'.
2547,environmental policy,ekologik siyosat,High,Environment,Context,The lesson uses the vocabulary item _____ in a environment context.,significant evidence,environmental policy,infer,profit,B,The best answer in this context is 'environmental policy' (ekologik siyosat).
2548,environmental management,ekologik boshqaruv,High,Environment,EN→UZ,Choose the best Uzbek meaning of 'environmental management'.,ekologik boshqaruv,samarali ta’sir,o‘lchanadigan yondashuv,uzoq muddatli baholash,A,'environmental management' means 'ekologik boshqaruv' in Uzbek. Remember it together with its context.
2549,environmental management,ekologik boshqaruv,High,Environment,UZ→EN,Choose the English word or phrase that matches the Uzbek meaning 'ekologik boshqaruv'.,effective impact,measurable approach,long-term evaluation,environmental management,D,The English word or phrase for 'ekologik boshqaruv' is 'environmental management'.
2550,environmental management,ekologik boshqaruv,High,Environment,Context,The lesson uses the vocabulary item _____ in a environment context.,measurable approach,long-term evaluation,environmental management,effective impact,C,The best answer in this context is 'environmental management' (ekologik boshqaruv).
2551,environmental consumption,ekologik iste’mol,High,Environment,EN→UZ,Choose the best Uzbek meaning of 'environmental consumption'.,sezilarli,ekologik iste’mol,algoritmik model,ishonchli platforma,B,'environmental consumption' means 'ekologik iste’mol' in Uzbek. Remember it together with its context.
2552,environmental consumption,ekologik iste’mol,High,Environment,UZ→EN,Choose the English word or phrase that matches the Uzbek meaning 'ekologik iste’mol'.,environmental consumption,algorithmic model,reliable platform,significant,A,The English word or phrase for 'ekologik iste’mol' is 'environmental consumption'.
2553,environmental consumption,ekologik iste’mol,High,Environment,Context,The lesson uses the vocabulary item _____ in a environment context.,algorithmic model,reliable platform,significant,environmental consumption,D,The best answer in this context is 'environmental consumption' (ekologik iste’mol).
2554,environmental efficiency,ekologik samaradorlik,High,Environment,EN→UZ,Choose the best Uzbek meaning of 'environmental efficiency'.,strategik omil,uzoq muddatli tahlil,ekologik samaradorlik,tizimli taxmin,C,'environmental efficiency' means 'ekologik samaradorlik' in Uzbek. Remember it together with its context.
2555,environmental efficiency,ekologik samaradorlik,High,Environment,UZ→EN,Choose the English word or phrase that matches the Uzbek meaning 'ekologik samaradorlik'.,long-term analysis,environmental efficiency,systematic assumption,strategic factor,B,The English word or phrase for 'ekologik samaradorlik' is 'environmental efficiency'.
2556,environmental efficiency,ekologik samaradorlik,High,Environment,Context,The lesson uses the vocabulary item _____ in a environment context.,environmental efficiency,systematic assumption,strategic factor,long-term analysis,A,The best answer in this context is 'environmental efficiency' (ekologik samaradorlik).
2557,environmental infrastructure,ekologik infratuzilma,High,Environment,EN→UZ,Choose the best Uzbek meaning of 'environmental infrastructure'.,chalg‘ituvchi maxfiylik,baholamoq,talab,ekologik infratuzilma,D,'environmental infrastructure' means 'ekologik infratuzilma' in Uzbek. Remember it together with its context.
2558,environmental infrastructure,ekologik infratuzilma,High,Environment,UZ→EN,Choose the English word or phrase that matches the Uzbek meaning 'ekologik infratuzilma'.,evaluate,demand,environmental infrastructure,misleading privacy,C,The English word or phrase for 'ekologik infratuzilma' is 'environmental infrastructure'.
2559,environmental infrastructure,ekologik infratuzilma,High,Environment,Context,The lesson uses the vocabulary item _____ in a environment context.,demand,environmental infrastructure,misleading privacy,evaluate,B,The best answer in this context is 'environmental infrastructure' (ekologik infratuzilma).
2560,environmental impact,ekologik ta’sir,High,Environment,EN→UZ,Choose the best Uzbek meaning of 'environmental impact'.,ekologik ta’sir,chalg‘ituvchi tavsiya,talqin qilmoq,daromad,A,'environmental impact' means 'ekologik ta’sir' in Uzbek. Remember it together with its context.
2561,environmental impact,ekologik ta’sir,High,Environment,UZ→EN,Choose the English word or phrase that matches the Uzbek meaning 'ekologik ta’sir'.,misleading recommendation,interpret,revenue,environmental impact,D,The English word or phrase for 'ekologik ta’sir' is 'environmental impact'.
2562,environmental impact,ekologik ta’sir,High,Environment,Context,The lesson uses the vocabulary item _____ in a environment context.,interpret,revenue,environmental impact,misleading recommendation,C,The best answer in this context is 'environmental impact' (ekologik ta’sir).
2563,environmental strategy,ekologik strategiya,High,Environment,EN→UZ,Choose the best Uzbek meaning of 'environmental strategy'.,avtomatlashtirilgan intellekt,ekologik strategiya,iqlim ta’sir,raqamli tarafkashlik,B,'environmental strategy' means 'ekologik strategiya' in Uzbek. Remember it together with its context.
2564,environmental strategy,ekologik strategiya,High,Environment,UZ→EN,Choose the English word or phrase that matches the Uzbek meaning 'ekologik strategiya'.,environmental strategy,climate impact,digital bias,automated intelligence,A,The English word or phrase for 'ekologik strategiya' is 'environmental strategy'.
2565,environmental strategy,ekologik strategiya,High,Environment,Context,The lesson uses the vocabulary item _____ in a environment context.,climate impact,digital bias,automated intelligence,environmental strategy,D,The best answer in this context is 'environmental strategy' (ekologik strategiya).
2566,environmental technology,ekologik texnologiya,High,Environment,EN→UZ,Choose the best Uzbek meaning of 'environmental technology'.,ekologik samaradorlik,shahar boshqaruv,ekologik texnologiya,uzoq muddatli usul,C,'environmental technology' means 'ekologik texnologiya' in Uzbek. Remember it together with its context.
2567,environmental technology,ekologik texnologiya,High,Environment,UZ→EN,Choose the English word or phrase that matches the Uzbek meaning 'ekologik texnologiya'.,urban management,environmental technology,long-term method,environmental efficiency,B,The English word or phrase for 'ekologik texnologiya' is 'environmental technology'.
2568,environmental technology,ekologik texnologiya,High,Environment,Context,The lesson uses the vocabulary item _____ in a environment context.,environmental technology,long-term method,environmental efficiency,urban management,A,The best answer in this context is 'environmental technology' (ekologik texnologiya).
2569,environmental planning,ekologik rejalashtirish,High,Environment,EN→UZ,Choose the best Uzbek meaning of 'environmental planning'.,suv texnologiya,resurs infratuzilma,sun’iy tavsiya,ekologik rejalashtirish,D,'environmental planning' means 'ekologik rejalashtirish' in Uzbek. Remember it together with its context.
2570,environmental planning,ekologik rejalashtirish,High,Environment,UZ→EN,Choose the English word or phrase that matches the Uzbek meaning 'ekologik rejalashtirish'.,resource infrastructure,artificial recommendation,environmental planning,water technology,C,The English word or phrase for 'ekologik rejalashtirish' is 'environmental planning'.
2571,environmental planning,ekologik rejalashtirish,High,Environment,Context,The lesson uses the vocabulary item _____ in a environment context.,artificial recommendation,environmental planning,water technology,resource infrastructure,B,The best answer in this context is 'environmental planning' (ekologik rejalashtirish).
2572,environmental risk,ekologik xavf,High,Environment,EN→UZ,Choose the best Uzbek meaning of 'environmental risk'.,ekologik xavf,tizimli tahlil,samarali talqin,o‘lchanadigan ta’sir,A,'environmental risk' means 'ekologik xavf' in Uzbek. Remember it together with its context.
2573,environmental risk,ekologik xavf,High,Environment,UZ→EN,Choose the English word or phrase that matches the Uzbek meaning 'ekologik xavf'.,systematic analysis,effective interpretation,measurable impact,environmental risk,D,The English word or phrase for 'ekologik xavf' is 'environmental risk'.
2574,environmental risk,ekologik xavf,High,Environment,Context,The lesson uses the vocabulary item _____ in a environment context.,effective interpretation,measurable impact,environmental risk,systematic analysis,C,The best answer in this context is 'environmental risk' (ekologik xavf).
2575,sustainable policy,barqaror siyosat,High,Environment,EN→UZ,Choose the best Uzbek meaning of 'sustainable policy'.,samarali baholash,barqaror siyosat,tanqidiy ta’sir,tizimli yondashuv,B,'sustainable policy' means 'barqaror siyosat' in Uzbek. Remember it together with its context.
2576,sustainable policy,barqaror siyosat,High,Environment,UZ→EN,Choose the English word or phrase that matches the Uzbek meaning 'barqaror siyosat'.,sustainable policy,critical impact,systematic approach,effective evaluation,A,The English word or phrase for 'barqaror siyosat' is 'sustainable policy'.
2577,sustainable policy,barqaror siyosat,High,Environment,Context,The lesson uses the vocabulary item _____ in a environment context.,critical impact,systematic approach,effective evaluation,sustainable policy,D,The best answer in this context is 'sustainable policy' (barqaror siyosat).
2578,sustainable management,barqaror boshqaruv,High,Environment,EN→UZ,Choose the best Uzbek meaning of 'sustainable management'.,energiya boshqaruv,suv rejalashtirish,barqaror boshqaruv,shahar infratuzilma,C,'sustainable management' means 'barqaror boshqaruv' in Uzbek. Remember it together with its context.
2579,sustainable management,barqaror boshqaruv,High,Environment,UZ→EN,Choose the English word or phrase that matches the Uzbek meaning 'barqaror boshqaruv'.,water planning,sustainable management,urban infrastructure,energy management,B,The English word or phrase for 'barqaror boshqaruv' is 'sustainable management'.
2580,sustainable management,barqaror boshqaruv,High,Environment,Context,The lesson uses the vocabulary item _____ in a environment context.,sustainable management,urban infrastructure,energy management,water planning,A,The best answer in this context is 'sustainable management' (barqaror boshqaruv).
2581,sustainable consumption,barqaror iste’mol,High,Environment,EN→UZ,Choose the best Uzbek meaning of 'sustainable consumption'.,chalg‘ituvchi,ishonchli yondashuv,tanqidiy dalil,barqaror iste’mol,D,'sustainable consumption' means 'barqaror iste’mol' in Uzbek. Remember it together with its context.
2582,sustainable consumption,barqaror iste’mol,High,Environment,UZ→EN,Choose the English word or phrase that matches the Uzbek meaning 'barqaror iste’mol'.,reliable approach,critical evidence,sustainable consumption,misleading,C,The English word or phrase for 'barqaror iste’mol' is 'sustainable consumption'.
2583,sustainable consumption,barqaror iste’mol,High,Environment,Context,The lesson uses the vocabulary item _____ in a environment context.,critical evidence,sustainable consumption,misleading,reliable approach,B,The best answer in this context is 'sustainable consumption' (barqaror iste’mol).
2584,sustainable efficiency,barqaror samaradorlik,High,Environment,EN→UZ,Choose the best Uzbek meaning of 'sustainable efficiency'.,barqaror samaradorlik,barqaror strategiya,jamoat samaradorlik,suv siyosat,A,'sustainable efficiency' means 'barqaror samaradorlik' in Uzbek. Remember it together with its context.
2585,sustainable efficiency,barqaror samaradorlik,High,Environment,UZ→EN,Choose the English word or phrase that matches the Uzbek meaning 'barqaror samaradorlik'.,sustainable strategy,public efficiency,water policy,sustainable efficiency,D,The English word or phrase for 'barqaror samaradorlik' is 'sustainable efficiency'.
2586,sustainable efficiency,barqaror samaradorlik,High,Environment,Context,The lesson uses the vocabulary item _____ in a environment context.,public efficiency,water policy,sustainable efficiency,sustainable strategy,C,The best answer in this context is 'sustainable efficiency' (barqaror samaradorlik).
2587,sustainable infrastructure,barqaror infratuzilma,High,Environment,EN→UZ,Choose the best Uzbek meaning of 'sustainable infrastructure'.,tizimli natija,barqaror infratuzilma,ishonchli talqin,tanqidiy usul,B,'sustainable infrastructure' means 'barqaror infratuzilma' in Uzbek. Remember it together with its context.
2588,sustainable infrastructure,barqaror infratuzilma,High,Environment,UZ→EN,Choose the English word or phrase that matches the Uzbek meaning 'barqaror infratuzilma'.,sustainable infrastructure,reliable interpretation,critical method,systematic outcome,A,The English word or phrase for 'barqaror infratuzilma' is 'sustainable infrastructure'.
2589,sustainable infrastructure,barqaror infratuzilma,High,Environment,Context,The lesson uses the vocabulary item _____ in a environment context.,reliable interpretation,critical method,systematic outcome,sustainable infrastructure,D,The best answer in this context is 'sustainable infrastructure' (barqaror infratuzilma).
2590,sustainable impact,barqaror ta’sir,High,Environment,EN→UZ,Choose the best Uzbek meaning of 'sustainable impact'.,tanqidiy omil,tizimli tahlil,barqaror ta’sir,ishonchli usul,C,'sustainable impact' means 'barqaror ta’sir' in Uzbek. Remember it together with its context.
2591,sustainable impact,barqaror ta’sir,High,Environment,UZ→EN,Choose the English word or phrase that matches the Uzbek meaning 'barqaror ta’sir'.,systematic analysis,sustainable impact,reliable method,critical factor,B,The English word or phrase for 'barqaror ta’sir' is 'sustainable impact'.
2592,sustainable impact,barqaror ta’sir,High,Environment,Context,The lesson uses the vocabulary item _____ in a environment context.,sustainable impact,reliable method,critical factor,systematic analysis,A,The best answer in this context is 'sustainable impact' (barqaror ta’sir).
2593,sustainable strategy,barqaror strategiya,High,Environment,EN→UZ,Choose the best Uzbek meaning of 'sustainable strategy'.,aniq,samarali,nuqtai nazar,barqaror strategiya,D,'sustainable strategy' means 'barqaror strategiya' in Uzbek. Remember it together with its context.
2594,sustainable strategy,barqaror strategiya,High,Environment,UZ→EN,Choose the English word or phrase that matches the Uzbek meaning 'barqaror strategiya'.,efficient,perspective,sustainable strategy,accurate,C,The English word or phrase for 'barqaror strategiya' is 'sustainable strategy'.
2595,sustainable strategy,barqaror strategiya,High,Environment,Context,The lesson uses the vocabulary item _____ in a environment context.,perspective,sustainable strategy,accurate,efficient,B,The best answer in this context is 'sustainable strategy' (barqaror strategiya).
2596,sustainable technology,barqaror texnologiya,High,Environment,EN→UZ,Choose the best Uzbek meaning of 'sustainable technology'.,barqaror texnologiya,suv ta’sir,resurs iste’mol,iqlim xavf,A,'sustainable technology' means 'barqaror texnologiya' in Uzbek. Remember it together with its context.
2597,sustainable technology,barqaror texnologiya,High,Environment,UZ→EN,Choose the English word or phrase that matches the Uzbek meaning 'barqaror texnologiya'.,water impact,resource consumption,climate risk,sustainable technology,D,The English word or phrase for 'barqaror texnologiya' is 'sustainable technology'.
2598,sustainable technology,barqaror texnologiya,High,Environment,Context,The lesson uses the vocabulary item _____ in a environment context.,resource consumption,climate risk,sustainable technology,water impact,C,The best answer in this context is 'sustainable technology' (barqaror texnologiya).
2599,sustainable planning,barqaror rejalashtirish,High,Environment,EN→UZ,Choose the best Uzbek meaning of 'sustainable planning'.,aniqlamoq,barqaror rejalashtirish,avtomatlashtirilgan manba,chalg‘ituvchi tekshiruv,B,'sustainable planning' means 'barqaror rejalashtirish' in Uzbek. Remember it together with its context.
2600,sustainable planning,barqaror rejalashtirish,High,Environment,UZ→EN,Choose the English word or phrase that matches the Uzbek meaning 'barqaror rejalashtirish'.,sustainable planning,automated source,misleading verification,identify,A,The English word or phrase for 'barqaror rejalashtirish' is 'sustainable planning'.
2601,sustainable planning,barqaror rejalashtirish,High,Environment,Context,The lesson uses the vocabulary item _____ in a environment context.,automated source,misleading verification,identify,sustainable planning,D,The best answer in this context is 'sustainable planning' (barqaror rejalashtirish).
2602,sustainable risk,barqaror xavf,High,Environment,EN→UZ,Choose the best Uzbek meaning of 'sustainable risk'.,shahar texnologiya,energiya infratuzilma,barqaror xavf,ekologik xavf,C,'sustainable risk' means 'barqaror xavf' in Uzbek. Remember it together with its context.
2603,sustainable risk,barqaror xavf,High,Environment,UZ→EN,Choose the English word or phrase that matches the Uzbek meaning 'barqaror xavf'.,energy infrastructure,sustainable risk,environmental risk,urban technology,B,The English word or phrase for 'barqaror xavf' is 'sustainable risk'.
2604,sustainable risk,barqaror xavf,High,Environment,Context,The lesson uses the vocabulary item _____ in a environment context.,sustainable risk,environmental risk,urban technology,energy infrastructure,A,The best answer in this context is 'sustainable risk' (barqaror xavf).
2605,urban policy,shahar siyosat,High,Environment,EN→UZ,Choose the best Uzbek meaning of 'urban policy'.,infratuzilma,sezilarli usul,akademik natija,shahar siyosat,D,'urban policy' means 'shahar siyosat' in Uzbek. Remember it together with its context.
2606,urban policy,shahar siyosat,High,Environment,UZ→EN,Choose the English word or phrase that matches the Uzbek meaning 'shahar siyosat'.,significant method,academic outcome,urban policy,infrastructure,C,The English word or phrase for 'shahar siyosat' is 'urban policy'.
2607,urban policy,shahar siyosat,High,Environment,Context,The lesson uses the vocabulary item _____ in a environment context.,academic outcome,urban policy,infrastructure,significant method,B,The best answer in this context is 'urban policy' (shahar siyosat).
2608,urban management,shahar boshqaruv,High,Environment,EN→UZ,Choose the best Uzbek meaning of 'urban management'.,shahar boshqaruv,o‘lchanadigan talqin,qayta tiklanuvchi ta’sir,barqaror iste’mol,A,'urban management' means 'shahar boshqaruv' in Uzbek. Remember it together with its context.
2609,urban management,shahar boshqaruv,High,Environment,UZ→EN,Choose the English word or phrase that matches the Uzbek meaning 'shahar boshqaruv'.,measurable interpretation,renewable impact,sustainable consumption,urban management,D,The English word or phrase for 'shahar boshqaruv' is 'urban management'.
2610,urban management,shahar boshqaruv,High,Environment,Context,The lesson uses the vocabulary item _____ in a environment context.,renewable impact,sustainable consumption,urban management,measurable interpretation,C,The best answer in this context is 'urban management' (shahar boshqaruv).
2611,urban consumption,shahar iste’mol,High,Environment,EN→UZ,Choose the best Uzbek meaning of 'urban consumption'.,talab,shahar iste’mol,chalg‘ituvchi maxfiylik,baholamoq,B,'urban consumption' means 'shahar iste’mol' in Uzbek. Remember it together with its context.
2612,urban consumption,shahar iste’mol,High,Environment,UZ→EN,Choose the English word or phrase that matches the Uzbek meaning 'shahar iste’mol'.,urban consumption,misleading privacy,evaluate,demand,A,The English word or phrase for 'shahar iste’mol' is 'urban consumption'.
2613,urban consumption,shahar iste’mol,High,Environment,Context,The lesson uses the vocabulary item _____ in a environment context.,misleading privacy,evaluate,demand,urban consumption,D,The best answer in this context is 'urban consumption' (shahar iste’mol).
2614,urban efficiency,shahar samaradorlik,High,Environment,EN→UZ,Choose the best Uzbek meaning of 'urban efficiency'.,uzoq muddatli taxmin,ekologik infratuzilma,shahar samaradorlik,o‘lchanadigan dalil,C,'urban efficiency' means 'shahar samaradorlik' in Uzbek. Remember it together with its context.
2615,urban efficiency,shahar samaradorlik,High,Environment,UZ→EN,Choose the English word or phrase that matches the Uzbek meaning 'shahar samaradorlik'.,environmental infrastructure,urban efficiency,measurable evidence,long-term assumption,B,The English word or phrase for 'shahar samaradorlik' is 'urban efficiency'.
2616,urban efficiency,shahar samaradorlik,High,Environment,Context,The lesson uses the vocabulary item _____ in a environment context.,urban efficiency,measurable evidence,long-term assumption,environmental infrastructure,A,The best answer in this context is 'urban efficiency' (shahar samaradorlik).
2617,urban infrastructure,shahar infratuzilma,High,Environment,EN→UZ,Choose the best Uzbek meaning of 'urban infrastructure'.,yondashuv,algoritm,sezilarli taxmin,shahar infratuzilma,D,'urban infrastructure' means 'shahar infratuzilma' in Uzbek. Remember it together with its context.
2618,urban infrastructure,shahar infratuzilma,High,Environment,UZ→EN,Choose the English word or phrase that matches the Uzbek meaning 'shahar infratuzilma'.,algorithm,significant assumption,urban infrastructure,approach,C,The English word or phrase for 'shahar infratuzilma' is 'urban infrastructure'.
2619,urban infrastructure,shahar infratuzilma,High,Environment,Context,The lesson uses the vocabulary item _____ in a environment context.,significant assumption,urban infrastructure,approach,algorithm,B,The best answer in this context is 'urban infrastructure' (shahar infratuzilma).
2620,urban impact,shahar ta’sir,High,Environment,EN→UZ,Choose the best Uzbek meaning of 'urban impact'.,shahar ta’sir,talab qilmoq,ifloslanish,sezilarli ta’sir,A,'urban impact' means 'shahar ta’sir' in Uzbek. Remember it together with its context.
2621,urban impact,shahar ta’sir,High,Environment,UZ→EN,Choose the English word or phrase that matches the Uzbek meaning 'shahar ta’sir'.,require,pollution,significant impact,urban impact,D,The English word or phrase for 'shahar ta’sir' is 'urban impact'.
2622,urban impact,shahar ta’sir,High,Environment,Context,The lesson uses the vocabulary item _____ in a environment context.,pollution,significant impact,urban impact,require,C,The best answer in this context is 'urban impact' (shahar ta’sir).
2623,urban strategy,shahar strategiya,High,Environment,EN→UZ,Choose the best Uzbek meaning of 'urban strategy'.,chalg‘ituvchi tekshiruv,shahar strategiya,raqamli model,avtomatlashtirilgan manba,B,'urban strategy' means 'shahar strategiya' in Uzbek. Remember it together with its context.
2624,urban strategy,shahar strategiya,High,Environment,UZ→EN,Choose the English word or phrase that matches the Uzbek meaning 'shahar strategiya'.,urban strategy,digital model,automated source,misleading verification,A,The English word or phrase for 'shahar strategiya' is 'urban strategy'.
2625,urban strategy,shahar strategiya,High,Environment,Context,The lesson uses the vocabulary item _____ in a environment context.,digital model,automated source,misleading verification,urban strategy,D,The best answer in this context is 'urban strategy' (shahar strategiya).
2626,urban technology,shahar texnologiya,High,Environment,EN→UZ,Choose the best Uzbek meaning of 'urban technology'.,shahar strategiya,energiya infratuzilma,shahar texnologiya,ekologik xavf,C,'urban technology' means 'shahar texnologiya' in Uzbek. Remember it together with its context.
2627,urban technology,shahar texnologiya,High,Environment,UZ→EN,Choose the English word or phrase that matches the Uzbek meaning 'shahar texnologiya'.,energy infrastructure,urban technology,environmental risk,urban strategy,B,The English word or phrase for 'shahar texnologiya' is 'urban technology'.
2628,urban technology,shahar texnologiya,High,Environment,Context,The lesson uses the vocabulary item _____ in a environment context.,urban technology,environmental risk,urban strategy,energy infrastructure,A,The best answer in this context is 'urban technology' (shahar texnologiya).
2629,urban planning,shahar rejalashtirish,High,Environment,EN→UZ,Choose the best Uzbek meaning of 'urban planning'.,iqlim siyosat,sun’iy platforma,algoritmik kontent,shahar rejalashtirish,D,'urban planning' means 'shahar rejalashtirish' in Uzbek. Remember it together with its context.
2630,urban planning,shahar rejalashtirish,High,Environment,UZ→EN,Choose the English word or phrase that matches the Uzbek meaning 'shahar rejalashtirish'.,artificial platform,algorithmic content,urban planning,climate policy,C,The English word or phrase for 'shahar rejalashtirish' is 'urban planning'.
2631,urban planning,shahar rejalashtirish,High,Environment,Context,The lesson uses the vocabulary item _____ in a environment context.,algorithmic content,urban planning,climate policy,artificial platform,B,The best answer in this context is 'urban planning' (shahar rejalashtirish).
2632,urban risk,shahar xavf,High,Environment,EN→UZ,Choose the best Uzbek meaning of 'urban risk'.,shahar xavf,strategik omil,uzoq muddatli tahlil,qayta tiklanuvchi rejalashtirish,A,'urban risk' means 'shahar xavf' in Uzbek. Remember it together with its context.
2633,urban risk,shahar xavf,High,Environment,UZ→EN,Choose the English word or phrase that matches the Uzbek meaning 'shahar xavf'.,strategic factor,long-term analysis,renewable planning,urban risk,D,The English word or phrase for 'shahar xavf' is 'urban risk'.
2634,urban risk,shahar xavf,High,Environment,Context,The lesson uses the vocabulary item _____ in a environment context.,long-term analysis,renewable planning,urban risk,strategic factor,C,The best answer in this context is 'urban risk' (shahar xavf).
2635,public policy,jamoat siyosat,High,Environment,EN→UZ,Choose the best Uzbek meaning of 'public policy'.,barqaror texnologiya,jamoat siyosat,uzoq muddatli natija,ekologik siyosat,B,'public policy' means 'jamoat siyosat' in Uzbek. Remember it together with its context.
2636,public policy,jamoat siyosat,High,Environment,UZ→EN,Choose the English word or phrase that matches the Uzbek meaning 'jamoat siyosat'.,public policy,long-term outcome,environmental policy,sustainable technology,A,The English word or phrase for 'jamoat siyosat' is 'public policy'.
2637,public policy,jamoat siyosat,High,Environment,Context,The lesson uses the vocabulary item _____ in a environment context.,long-term outcome,environmental policy,sustainable technology,public policy,D,The best answer in this context is 'public policy' (jamoat siyosat).
2638,public management,jamoat boshqaruv,High,Environment,EN→UZ,Choose the best Uzbek meaning of 'public management'.,sun’iy model,algoritmik platforma,jamoat boshqaruv,iqlim iste’mol,C,'public management' means 'jamoat boshqaruv' in Uzbek. Remember it together with its context.
2639,public management,jamoat boshqaruv,High,Environment,UZ→EN,Choose the English word or phrase that matches the Uzbek meaning 'jamoat boshqaruv'.,algorithmic platform,public management,climate consumption,artificial model,B,The English word or phrase for 'jamoat boshqaruv' is 'public management'.
2640,public management,jamoat boshqaruv,High,Environment,Context,The lesson uses the vocabulary item _____ in a environment context.,public management,climate consumption,artificial model,algorithmic platform,A,The best answer in this context is 'public management' (jamoat boshqaruv).
2641,public consumption,jamoat iste’mol,High,Environment,EN→UZ,Choose the best Uzbek meaning of 'public consumption'.,tizimli omil,strategik tahlil,o‘lchanadigan talqin,jamoat iste’mol,D,'public consumption' means 'jamoat iste’mol' in Uzbek. Remember it together with its context.
2642,public consumption,jamoat iste’mol,High,Environment,UZ→EN,Choose the English word or phrase that matches the Uzbek meaning 'jamoat iste’mol'.,strategic analysis,measurable interpretation,public consumption,systematic factor,C,The English word or phrase for 'jamoat iste’mol' is 'public consumption'.
2643,public consumption,jamoat iste’mol,High,Environment,Context,The lesson uses the vocabulary item _____ in a environment context.,measurable interpretation,public consumption,systematic factor,strategic analysis,B,The best answer in this context is 'public consumption' (jamoat iste’mol).
2644,public efficiency,jamoat samaradorlik,High,Environment,EN→UZ,Choose the best Uzbek meaning of 'public efficiency'.,jamoat samaradorlik,resurs infratuzilma,sun’iy tavsiya,raqamli model,A,'public efficiency' means 'jamoat samaradorlik' in Uzbek. Remember it together with its context.
2645,public efficiency,jamoat samaradorlik,High,Environment,UZ→EN,Choose the English word or phrase that matches the Uzbek meaning 'jamoat samaradorlik'.,resource infrastructure,artificial recommendation,digital model,public efficiency,D,The English word or phrase for 'jamoat samaradorlik' is 'public efficiency'.
2646,public efficiency,jamoat samaradorlik,High,Environment,Context,The lesson uses the vocabulary item _____ in a environment context.,artificial recommendation,digital model,public efficiency,resource infrastructure,C,The best answer in this context is 'public efficiency' (jamoat samaradorlik).
2647,public infrastructure,jamoat infratuzilma,High,Environment,EN→UZ,Choose the best Uzbek meaning of 'public infrastructure'.,ekologik boshqaruv,jamoat infratuzilma,strategik taxmin,uzoq muddatli omil,B,'public infrastructure' means 'jamoat infratuzilma' in Uzbek. Remember it together with its context.
2648,public infrastructure,jamoat infratuzilma,High,Environment,UZ→EN,Choose the English word or phrase that matches the Uzbek meaning 'jamoat infratuzilma'.,public infrastructure,strategic assumption,long-term factor,environmental management,A,The English word or phrase for 'jamoat infratuzilma' is 'public infrastructure'.
2649,public infrastructure,jamoat infratuzilma,High,Environment,Context,The lesson uses the vocabulary item _____ in a environment context.,strategic assumption,long-term factor,environmental management,public infrastructure,D,The best answer in this context is 'public infrastructure' (jamoat infratuzilma).
2650,public impact,jamoat ta’sir,High,Environment,EN→UZ,Choose the best Uzbek meaning of 'public impact'.,uzoq muddatli yondashuv,qayta tiklanuvchi xavf,jamoat ta’sir,strategik ta’sir,C,'public impact' means 'jamoat ta’sir' in Uzbek. Remember it together with its context.
2651,public impact,jamoat ta’sir,High,Environment,UZ→EN,Choose the English word or phrase that matches the Uzbek meaning 'jamoat ta’sir'.,renewable risk,public impact,strategic impact,long-term approach,B,The English word or phrase for 'jamoat ta’sir' is 'public impact'.
2652,public impact,jamoat ta’sir,High,Environment,Context,The lesson uses the vocabulary item _____ in a environment context.,public impact,strategic impact,long-term approach,renewable risk,A,The best answer in this context is 'public impact' (jamoat ta’sir).
2653,public strategy,jamoat strategiya,High,Environment,EN→UZ,Choose the best Uzbek meaning of 'public strategy'.,akademik dalil,tanqidiy talqin,tizimli ta’sir,jamoat strategiya,D,'public strategy' means 'jamoat strategiya' in Uzbek. Remember it together with its context.
2654,public strategy,jamoat strategiya,High,Environment,UZ→EN,Choose the English word or phrase that matches the Uzbek meaning 'jamoat strategiya'.,critical interpretation,systematic impact,public strategy,academic evidence,C,The English word or phrase for 'jamoat strategiya' is 'public strategy'.
2655,public strategy,jamoat strategiya,High,Environment,Context,The lesson uses the vocabulary item _____ in a environment context.,systematic impact,public strategy,academic evidence,critical interpretation,B,The best answer in this context is 'public strategy' (jamoat strategiya).
2656,public technology,jamoat texnologiya,High,Environment,EN→UZ,Choose the best Uzbek meaning of 'public technology'.,jamoat texnologiya,algoritmik tekshiruv,ishonchli tarafkashlik,chalg‘ituvchi model,A,'public technology' means 'jamoat texnologiya' in Uzbek. Remember it together with its context.
2657,public technology,jamoat texnologiya,High,Environment,UZ→EN,Choose the English word or phrase that matches the Uzbek meaning 'jamoat texnologiya'.,algorithmic verification,reliable bias,misleading model,public technology,D,The English word or phrase for 'jamoat texnologiya' is 'public technology'.
2658,public technology,jamoat texnologiya,High,Environment,Context,The lesson uses the vocabulary item _____ in a environment context.,reliable bias,misleading model,public technology,algorithmic verification,C,The best answer in this context is 'public technology' (jamoat texnologiya).
2659,public planning,jamoat rejalashtirish,High,Environment,EN→UZ,Choose the best Uzbek meaning of 'public planning'.,akademik taxmin,jamoat rejalashtirish,maxfiylik,sezilarli baholash,B,'public planning' means 'jamoat rejalashtirish' in Uzbek. Remember it together with its context.
2660,public planning,jamoat rejalashtirish,High,Environment,UZ→EN,Choose the English word or phrase that matches the Uzbek meaning 'jamoat rejalashtirish'.,public planning,privacy,significant evaluation,academic assumption,A,The English word or phrase for 'jamoat rejalashtirish' is 'public planning'.
2661,public planning,jamoat rejalashtirish,High,Environment,Context,The lesson uses the vocabulary item _____ in a environment context.,privacy,significant evaluation,academic assumption,public planning,D,The best answer in this context is 'public planning' (jamoat rejalashtirish).
2662,public risk,jamoat xavf,High,Environment,EN→UZ,Choose the best Uzbek meaning of 'public risk'.,iqlim ta’sir,raqamli tarafkashlik,jamoat xavf,chiqindi rejalashtirish,C,'public risk' means 'jamoat xavf' in Uzbek. Remember it together with its context.
2663,public risk,jamoat xavf,High,Environment,UZ→EN,Choose the English word or phrase that matches the Uzbek meaning 'jamoat xavf'.,digital bias,public risk,waste planning,climate impact,B,The English word or phrase for 'jamoat xavf' is 'public risk'.
2664,public risk,jamoat xavf,High,Environment,Context,The lesson uses the vocabulary item _____ in a environment context.,public risk,waste planning,climate impact,digital bias,A,The best answer in this context is 'public risk' (jamoat xavf).
2665,energy policy,energiya siyosat,High,Environment,EN→UZ,Choose the best Uzbek meaning of 'energy policy'.,qayta tiklanuvchi infratuzilma,barqaror boshqaruv,shahar rejalashtirish,energiya siyosat,D,'energy policy' means 'energiya siyosat' in Uzbek. Remember it together with its context.
2666,energy policy,energiya siyosat,High,Environment,UZ→EN,Choose the English word or phrase that matches the Uzbek meaning 'energiya siyosat'.,sustainable management,urban planning,energy policy,renewable infrastructure,C,The English word or phrase for 'energiya siyosat' is 'energy policy'.
2667,energy policy,energiya siyosat,High,Environment,Context,The lesson uses the vocabulary item _____ in a environment context.,urban planning,energy policy,renewable infrastructure,sustainable management,B,The best answer in this context is 'energy policy' (energiya siyosat).
2668,energy management,energiya boshqaruv,High,Environment,EN→UZ,Choose the best Uzbek meaning of 'energy management'.,energiya boshqaruv,sun’iy maxfiylik,algoritmik tavsiya,avtomatlashtirilgan model,A,'energy management' means 'energiya boshqaruv' in Uzbek. Remember it together with its context.
2669,energy management,energiya boshqaruv,High,Environment,UZ→EN,Choose the English word or phrase that matches the Uzbek meaning 'energiya boshqaruv'.,artificial privacy,algorithmic recommendation,automated model,energy management,D,The English word or phrase for 'energiya boshqaruv' is 'energy management'.
2670,energy management,energiya boshqaruv,High,Environment,Context,The lesson uses the vocabulary item _____ in a environment context.,algorithmic recommendation,automated model,energy management,artificial privacy,C,The best answer in this context is 'energy management' (energiya boshqaruv).
2671,energy consumption,energiya iste’mol,High,Environment,EN→UZ,Choose the best Uzbek meaning of 'energy consumption'.,uzoq muddatli baholash,energiya iste’mol,samarali ta’sir,o‘lchanadigan yondashuv,B,'energy consumption' means 'energiya iste’mol' in Uzbek. Remember it together with its context.
2672,energy consumption,energiya iste’mol,High,Environment,UZ→EN,Choose the English word or phrase that matches the Uzbek meaning 'energiya iste’mol'.,energy consumption,effective impact,measurable approach,long-term evaluation,A,The English word or phrase for 'energiya iste’mol' is 'energy consumption'.
2673,energy consumption,energiya iste’mol,High,Environment,Context,The lesson uses the vocabulary item _____ in a environment context.,effective impact,measurable approach,long-term evaluation,energy consumption,D,The best answer in this context is 'energy consumption' (energiya iste’mol).
2674,energy efficiency,energiya samaradorlik,High,Environment,EN→UZ,Choose the best Uzbek meaning of 'energy efficiency'.,raqamli tarafkashlik,avtomatlashtirilgan intellekt,energiya samaradorlik,iqlim ta’sir,C,'energy efficiency' means 'energiya samaradorlik' in Uzbek. Remember it together with its context.
2675,energy efficiency,energiya samaradorlik,High,Environment,UZ→EN,Choose the English word or phrase that matches the Uzbek meaning 'energiya samaradorlik'.,automated intelligence,energy efficiency,climate impact,digital bias,B,The English word or phrase for 'energiya samaradorlik' is 'energy efficiency'.
2676,energy efficiency,energiya samaradorlik,High,Environment,Context,The lesson uses the vocabulary item _____ in a environment context.,energy efficiency,climate impact,digital bias,automated intelligence,A,The best answer in this context is 'energy efficiency' (energiya samaradorlik).
2677,energy infrastructure,energiya infratuzilma,High,Environment,EN→UZ,Choose the best Uzbek meaning of 'energy infrastructure'.,o‘lchanadigan talqin,qayta tiklanuvchi ta’sir,barqaror iste’mol,energiya infratuzilma,D,'energy infrastructure' means 'energiya infratuzilma' in Uzbek. Remember it together with its context.
2678,energy infrastructure,energiya infratuzilma,High,Environment,UZ→EN,Choose the English word or phrase that matches the Uzbek meaning 'energiya infratuzilma'.,renewable impact,sustainable consumption,energy infrastructure,measurable interpretation,C,The English word or phrase for 'energiya infratuzilma' is 'energy infrastructure'.
2679,energy infrastructure,energiya infratuzilma,High,Environment,Context,The lesson uses the vocabulary item _____ in a environment context.,sustainable consumption,energy infrastructure,measurable interpretation,renewable impact,B,The best answer in this context is 'energy infrastructure' (energiya infratuzilma).
2680,energy impact,energiya ta’sir,High,Environment,EN→UZ,Choose the best Uzbek meaning of 'energy impact'.,energiya ta’sir,o‘lchanadigan usul,qayta tiklanuvchi samaradorlik,barqaror siyosat,A,'energy impact' means 'energiya ta’sir' in Uzbek. Remember it together with its context.
2681,energy impact,energiya ta’sir,High,Environment,UZ→EN,Choose the English word or phrase that matches the Uzbek meaning 'energiya ta’sir'.,measurable method,renewable efficiency,sustainable policy,energy impact,D,The English word or phrase for 'energiya ta’sir' is 'energy impact'.
2682,energy impact,energiya ta’sir,High,Environment,Context,The lesson uses the vocabulary item _____ in a environment context.,renewable efficiency,sustainable policy,energy impact,measurable method,C,The best answer in this context is 'energy impact' (energiya ta’sir).
2683,energy strategy,energiya strategiya,High,Environment,EN→UZ,Choose the best Uzbek meaning of 'energy strategy'.,samarali usul,energiya strategiya,tanqidiy yondashuv,tahliliy baholash,B,'energy strategy' means 'energiya strategiya' in Uzbek. Remember it together with its context.
2684,energy strategy,energiya strategiya,High,Environment,UZ→EN,Choose the English word or phrase that matches the Uzbek meaning 'energiya strategiya'.,energy strategy,critical approach,analytical evaluation,effective method,A,The English word or phrase for 'energiya strategiya' is 'energy strategy'.
2685,energy strategy,energiya strategiya,High,Environment,Context,The lesson uses the vocabulary item _____ in a environment context.,critical approach,analytical evaluation,effective method,energy strategy,D,The best answer in this context is 'energy strategy' (energiya strategiya).
2686,energy technology,energiya texnologiya,High,Environment,EN→UZ,Choose the best Uzbek meaning of 'energy technology'.,chalg‘ituvchi maxfiylik,baholamoq,energiya texnologiya,avtomatlashtirilgan kontent,C,'energy technology' means 'energiya texnologiya' in Uzbek. Remember it together with its context.
2687,energy technology,energiya texnologiya,High,Environment,UZ→EN,Choose the English word or phrase that matches the Uzbek meaning 'energiya texnologiya'.,evaluate,energy technology,automated content,misleading privacy,B,The English word or phrase for 'energiya texnologiya' is 'energy technology'.
2688,energy technology,energiya texnologiya,High,Environment,Context,The lesson uses the vocabulary item _____ in a environment context.,energy technology,automated content,misleading privacy,evaluate,A,The best answer in this context is 'energy technology' (energiya texnologiya).
2689,energy planning,energiya rejalashtirish,High,Environment,EN→UZ,Choose the best Uzbek meaning of 'energy planning'.,sezilarli natija,akademik dalil,tanqidiy talqin,energiya rejalashtirish,D,'energy planning' means 'energiya rejalashtirish' in Uzbek. Remember it together with its context.
2690,energy planning,energiya rejalashtirish,High,Environment,UZ→EN,Choose the English word or phrase that matches the Uzbek meaning 'energiya rejalashtirish'.,academic evidence,critical interpretation,energy planning,significant outcome,C,The English word or phrase for 'energiya rejalashtirish' is 'energy planning'.
2691,energy planning,energiya rejalashtirish,High,Environment,Context,The lesson uses the vocabulary item _____ in a environment context.,critical interpretation,energy planning,significant outcome,academic evidence,B,The best answer in this context is 'energy planning' (energiya rejalashtirish).
2692,energy risk,energiya xavf,High,Environment,EN→UZ,Choose the best Uzbek meaning of 'energy risk'.,energiya xavf,resurs xavf,sun’iy manba,algoritmik tekshiruv,A,'energy risk' means 'energiya xavf' in Uzbek. Remember it together with its context.
2693,energy risk,energiya xavf,High,Environment,UZ→EN,Choose the English word or phrase that matches the Uzbek meaning 'energiya xavf'.,resource risk,artificial source,algorithmic verification,energy risk,D,The English word or phrase for 'energiya xavf' is 'energy risk'.
2694,energy risk,energiya xavf,High,Environment,Context,The lesson uses the vocabulary item _____ in a environment context.,artificial source,algorithmic verification,energy risk,resource risk,C,The best answer in this context is 'energy risk' (energiya xavf).
2695,water policy,suv siyosat,High,Environment,EN→UZ,Choose the best Uzbek meaning of 'water policy'.,tanqidiy ta’sir,suv siyosat,sezilarli dalil,ishonchli taxmin,B,'water policy' means 'suv siyosat' in Uzbek. Remember it together with its context.
2696,water policy,suv siyosat,High,Environment,UZ→EN,Choose the English word or phrase that matches the Uzbek meaning 'suv siyosat'.,water policy,significant evidence,reliable assumption,critical impact,A,The English word or phrase for 'suv siyosat' is 'water policy'.
2697,water policy,suv siyosat,High,Environment,Context,The lesson uses the vocabulary item _____ in a environment context.,significant evidence,reliable assumption,critical impact,water policy,D,The best answer in this context is 'water policy' (suv siyosat).
2698,water management,suv boshqaruv,High,Environment,EN→UZ,Choose the best Uzbek meaning of 'water management'.,ekologik strategiya,shahar samaradorlik,suv boshqaruv,uzoq muddatli baholash,C,'water management' means 'suv boshqaruv' in Uzbek. Remember it together with its context.
2699,water management,suv boshqaruv,High,Environment,UZ→EN,Choose the English word or phrase that matches the Uzbek meaning 'suv boshqaruv'.,urban efficiency,water management,long-term evaluation,environmental strategy,B,The English word or phrase for 'suv boshqaruv' is 'water management'.
2700,water management,suv boshqaruv,High,Environment,Context,The lesson uses the vocabulary item _____ in a environment context.,water management,long-term evaluation,environmental strategy,urban efficiency,A,The best answer in this context is 'water management' (suv boshqaruv).
2701,water consumption,suv iste’mol,High,Environment,EN→UZ,Choose the best Uzbek meaning of 'water consumption'.,sezilarli,strategiya,chalg‘ituvchi,suv iste’mol,D,'water consumption' means 'suv iste’mol' in Uzbek. Remember it together with its context.
2702,water consumption,suv iste’mol,High,Environment,UZ→EN,Choose the English word or phrase that matches the Uzbek meaning 'suv iste’mol'.,strategy,misleading,water consumption,significant,C,The English word or phrase for 'suv iste’mol' is 'water consumption'.
2703,water consumption,suv iste’mol,High,Environment,Context,The lesson uses the vocabulary item _____ in a environment context.,misleading,water consumption,significant,strategy,B,The best answer in this context is 'water consumption' (suv iste’mol).
2704,water efficiency,suv samaradorlik,High,Environment,EN→UZ,Choose the best Uzbek meaning of 'water efficiency'.,suv samaradorlik,uzoq muddatli tahlil,qayta tiklanuvchi rejalashtirish,barqaror ta’sir,A,'water efficiency' means 'suv samaradorlik' in Uzbek. Remember it together with its context.
2705,water efficiency,suv samaradorlik,High,Environment,UZ→EN,Choose the English word or phrase that matches the Uzbek meaning 'suv samaradorlik'.,long-term analysis,renewable planning,sustainable impact,water efficiency,D,The English word or phrase for 'suv samaradorlik' is 'water efficiency'.
2706,water efficiency,suv samaradorlik,High,Environment,Context,The lesson uses the vocabulary item _____ in a environment context.,renewable planning,sustainable impact,water efficiency,long-term analysis,C,The best answer in this context is 'water efficiency' (suv samaradorlik).
2707,water infrastructure,suv infratuzilma,High,Environment,EN→UZ,Choose the best Uzbek meaning of 'water infrastructure'.,ishonchli talqin,suv infratuzilma,talab,sezilarli tahlil,B,'water infrastructure' means 'suv infratuzilma' in Uzbek. Remember it together with its context.
2708,water infrastructure,suv infratuzilma,High,Environment,UZ→EN,Choose the English word or phrase that matches the Uzbek meaning 'suv infratuzilma'.,water infrastructure,demand,significant analysis,reliable interpretation,A,The English word or phrase for 'suv infratuzilma' is 'water infrastructure'.
2709,water infrastructure,suv infratuzilma,High,Environment,Context,The lesson uses the vocabulary item _____ in a environment context.,demand,significant analysis,reliable interpretation,water infrastructure,D,The best answer in this context is 'water infrastructure' (suv infratuzilma).
2710,water impact,suv ta’sir,High,Environment,EN→UZ,Choose the best Uzbek meaning of 'water impact'.,muqobil,ishonchli usul,suv ta’sir,daromad,C,'water impact' means 'suv ta’sir' in Uzbek. Remember it together with its context.
2711,water impact,suv ta’sir,High,Environment,UZ→EN,Choose the English word or phrase that matches the Uzbek meaning 'suv ta’sir'.,reliable method,water impact,revenue,alternative,B,The English word or phrase for 'suv ta’sir' is 'water impact'.
2712,water impact,suv ta’sir,High,Environment,Context,The lesson uses the vocabulary item _____ in a environment context.,water impact,revenue,alternative,reliable method,A,The best answer in this context is 'water impact' (suv ta’sir).
2713,water strategy,suv strategiya,High,Environment,EN→UZ,Choose the best Uzbek meaning of 'water strategy'.,avtomatlashtirilgan intellekt,ishonchli qaror,aniq,suv strategiya,D,'water strategy' means 'suv strategiya' in Uzbek. Remember it together with its context.
2714,water strategy,suv strategiya,High,Environment,UZ→EN,Choose the English word or phrase that matches the Uzbek meaning 'suv strategiya'.,reliable decision,accurate,water strategy,automated intelligence,C,The English word or phrase for 'suv strategiya' is 'water strategy'.
2715,water strategy,suv strategiya,High,Environment,Context,The lesson uses the vocabulary item _____ in a environment context.,accurate,water strategy,automated intelligence,reliable decision,B,The best answer in this context is 'water strategy' (suv strategiya).
2716,water technology,suv texnologiya,High,Environment,EN→UZ,Choose the best Uzbek meaning of 'water technology'.,suv texnologiya,shahar siyosat,jamoat texnologiya,suv infratuzilma,A,'water technology' means 'suv texnologiya' in Uzbek. Remember it together with its context.
2717,water technology,suv texnologiya,High,Environment,UZ→EN,Choose the English word or phrase that matches the Uzbek meaning 'suv texnologiya'.,urban policy,public technology,water infrastructure,water technology,D,The English word or phrase for 'suv texnologiya' is 'water technology'.
2718,water technology,suv texnologiya,High,Environment,Context,The lesson uses the vocabulary item _____ in a environment context.,public technology,water infrastructure,water technology,urban policy,C,The best answer in this context is 'water technology' (suv texnologiya).
2719,water planning,suv rejalashtirish,High,Environment,EN→UZ,Choose the best Uzbek meaning of 'water planning'.,avtomatlashtirilgan manba,suv rejalashtirish,sun’iy tavsiya,raqamli model,B,'water planning' means 'suv rejalashtirish' in Uzbek. Remember it together with its context.
2720,water planning,suv rejalashtirish,High,Environment,UZ→EN,Choose the English word or phrase that matches the Uzbek meaning 'suv rejalashtirish'.,water planning,artificial recommendation,digital model,automated source,A,The English word or phrase for 'suv rejalashtirish' is 'water planning'.
2721,water planning,suv rejalashtirish,High,Environment,Context,The lesson uses the vocabulary item _____ in a environment context.,artificial recommendation,digital model,automated source,water planning,D,The best answer in this context is 'water planning' (suv rejalashtirish).
2722,water risk,suv xavf,High,Environment,EN→UZ,Choose the best Uzbek meaning of 'water risk'.,qayta tiklanuvchi iste’mol,ekologik xavf,suv xavf,o‘lchanadigan ta’sir,C,'water risk' means 'suv xavf' in Uzbek. Remember it together with its context.
2723,water risk,suv xavf,High,Environment,UZ→EN,Choose the English word or phrase that matches the Uzbek meaning 'suv xavf'.,environmental risk,water risk,measurable impact,renewable consumption,B,The English word or phrase for 'suv xavf' is 'water risk'.
2724,water risk,suv xavf,High,Environment,Context,The lesson uses the vocabulary item _____ in a environment context.,water risk,measurable impact,renewable consumption,environmental risk,A,The best answer in this context is 'water risk' (suv xavf).
2725,waste policy,chiqindi siyosat,High,Environment,EN→UZ,Choose the best Uzbek meaning of 'waste policy'.,sezilarli tahlil,ishonchli talqin,tanqidiy usul,chiqindi siyosat,D,'waste policy' means 'chiqindi siyosat' in Uzbek. Remember it together with its context.
2726,waste policy,chiqindi siyosat,High,Environment,UZ→EN,Choose the English word or phrase that matches the Uzbek meaning 'chiqindi siyosat'.,reliable interpretation,critical method,waste policy,significant analysis,C,The English word or phrase for 'chiqindi siyosat' is 'waste policy'.
2727,waste policy,chiqindi siyosat,High,Environment,Context,The lesson uses the vocabulary item _____ in a environment context.,critical method,waste policy,significant analysis,reliable interpretation,B,The best answer in this context is 'waste policy' (chiqindi siyosat).
2728,waste management,chiqindi boshqaruv,High,Environment,EN→UZ,Choose the best Uzbek meaning of 'waste management'.,chiqindi boshqaruv,qayta tiklanuvchi siyosat,ekologik texnologiya,shahar infratuzilma,A,'waste management' means 'chiqindi boshqaruv' in Uzbek. Remember it together with its context.
2729,waste management,chiqindi boshqaruv,High,Environment,UZ→EN,Choose the English word or phrase that matches the Uzbek meaning 'chiqindi boshqaruv'.,renewable policy,environmental technology,urban infrastructure,waste management,D,The English word or phrase for 'chiqindi boshqaruv' is 'waste management'.
2730,waste management,chiqindi boshqaruv,High,Environment,Context,The lesson uses the vocabulary item _____ in a environment context.,environmental technology,urban infrastructure,waste management,renewable policy,C,The best answer in this context is 'waste management' (chiqindi boshqaruv).
2731,waste consumption,chiqindi iste’mol,High,Environment,EN→UZ,Choose the best Uzbek meaning of 'waste consumption'.,nuqtai nazar,chiqindi iste’mol,aniq,samarali,B,'waste consumption' means 'chiqindi iste’mol' in Uzbek. Remember it together with its context.
2732,waste consumption,chiqindi iste’mol,High,Environment,UZ→EN,Choose the English word or phrase that matches the Uzbek meaning 'chiqindi iste’mol'.,waste consumption,accurate,efficient,perspective,A,The English word or phrase for 'chiqindi iste’mol' is 'waste consumption'.
2733,waste consumption,chiqindi iste’mol,High,Environment,Context,The lesson uses the vocabulary item _____ in a environment context.,accurate,efficient,perspective,waste consumption,D,The best answer in this context is 'waste consumption' (chiqindi iste’mol).
2734,waste efficiency,chiqindi samaradorlik,High,Environment,EN→UZ,Choose the best Uzbek meaning of 'waste efficiency'.,qayta tiklanuvchi xavf,barqaror strategiya,chiqindi samaradorlik,uzoq muddatli yondashuv,C,'waste efficiency' means 'chiqindi samaradorlik' in Uzbek. Remember it together with its context.
2735,waste efficiency,chiqindi samaradorlik,High,Environment,UZ→EN,Choose the English word or phrase that matches the Uzbek meaning 'chiqindi samaradorlik'.,sustainable strategy,waste efficiency,long-term approach,renewable risk,B,The English word or phrase for 'chiqindi samaradorlik' is 'waste efficiency'.
2736,waste efficiency,chiqindi samaradorlik,High,Environment,Context,The lesson uses the vocabulary item _____ in a environment context.,waste efficiency,long-term approach,renewable risk,sustainable strategy,A,The best answer in this context is 'waste efficiency' (chiqindi samaradorlik).
2737,waste infrastructure,chiqindi infratuzilma,High,Environment,EN→UZ,Choose the best Uzbek meaning of 'waste infrastructure'.,resurs,sezilarli yondashuv,ishonchli baholash,chiqindi infratuzilma,D,'waste infrastructure' means 'chiqindi infratuzilma' in Uzbek. Remember it together with its context.
2738,waste infrastructure,chiqindi infratuzilma,High,Environment,UZ→EN,Choose the English word or phrase that matches the Uzbek meaning 'chiqindi infratuzilma'.,significant approach,reliable evaluation,waste infrastructure,resource,C,The English word or phrase for 'chiqindi infratuzilma' is 'waste infrastructure'.
2739,waste infrastructure,chiqindi infratuzilma,High,Environment,Context,The lesson uses the vocabulary item _____ in a environment context.,reliable evaluation,waste infrastructure,resource,significant approach,B,The best answer in this context is 'waste infrastructure' (chiqindi infratuzilma).
2740,waste impact,chiqindi ta’sir,High,Environment,EN→UZ,Choose the best Uzbek meaning of 'waste impact'.,chiqindi ta’sir,foyda,sezilarli dalil,ishonchli taxmin,A,'waste impact' means 'chiqindi ta’sir' in Uzbek. Remember it together with its context.
2741,waste impact,chiqindi ta’sir,High,Environment,UZ→EN,Choose the English word or phrase that matches the Uzbek meaning 'chiqindi ta’sir'.,profit,significant evidence,reliable assumption,waste impact,D,The English word or phrase for 'chiqindi ta’sir' is 'waste impact'.
2742,waste impact,chiqindi ta’sir,High,Environment,Context,The lesson uses the vocabulary item _____ in a environment context.,significant evidence,reliable assumption,waste impact,profit,C,The best answer in this context is 'waste impact' (chiqindi ta’sir).
2743,waste strategy,chiqindi strategiya,High,Environment,EN→UZ,Choose the best Uzbek meaning of 'waste strategy'.,ishonchli,chiqindi strategiya,avtomatlashtirilgan tavsiya,ishonchli model,B,'waste strategy' means 'chiqindi strategiya' in Uzbek. Remember it together with its context.
2744,waste strategy,chiqindi strategiya,High,Environment,UZ→EN,Choose the English word or phrase that matches the Uzbek meaning 'chiqindi strategiya'.,waste strategy,automated recommendation,reliable model,reliable,A,The English word or phrase for 'chiqindi strategiya' is 'waste strategy'.
2745,waste strategy,chiqindi strategiya,High,Environment,Context,The lesson uses the vocabulary item _____ in a environment context.,automated recommendation,reliable model,reliable,waste strategy,D,The best answer in this context is 'waste strategy' (chiqindi strategiya).
2746,waste technology,chiqindi texnologiya,High,Environment,EN→UZ,Choose the best Uzbek meaning of 'waste technology'.,jamoat rejalashtirish,suv ta’sir,chiqindi texnologiya,shahar boshqaruv,C,'waste technology' means 'chiqindi texnologiya' in Uzbek. Remember it together with its context.
2747,waste technology,chiqindi texnologiya,High,Environment,UZ→EN,Choose the English word or phrase that matches the Uzbek meaning 'chiqindi texnologiya'.,water impact,waste technology,urban management,public planning,B,The English word or phrase for 'chiqindi texnologiya' is 'waste technology'.
2748,waste technology,chiqindi texnologiya,High,Environment,Context,The lesson uses the vocabulary item _____ in a environment context.,waste technology,urban management,public planning,water impact,A,The best answer in this context is 'waste technology' (chiqindi texnologiya).
2749,waste planning,chiqindi rejalashtirish,High,Environment,EN→UZ,Choose the best Uzbek meaning of 'waste planning'.,sun’iy tarafkashlik,algoritmik intellekt,avtomatlashtirilgan qaror,chiqindi rejalashtirish,D,'waste planning' means 'chiqindi rejalashtirish' in Uzbek. Remember it together with its context.
2750,waste planning,chiqindi rejalashtirish,High,Environment,UZ→EN,Choose the English word or phrase that matches the Uzbek meaning 'chiqindi rejalashtirish'.,algorithmic intelligence,automated decision,waste planning,artificial bias,C,The English word or phrase for 'chiqindi rejalashtirish' is 'waste planning'.
2751,waste planning,chiqindi rejalashtirish,High,Environment,Context,The lesson uses the vocabulary item _____ in a environment context.,automated decision,waste planning,artificial bias,algorithmic intelligence,B,The best answer in this context is 'waste planning' (chiqindi rejalashtirish).
2752,waste risk,chiqindi xavf,High,Environment,EN→UZ,Choose the best Uzbek meaning of 'waste risk'.,chiqindi xavf,o‘lchanadigan usul,qayta tiklanuvchi samaradorlik,barqaror siyosat,A,'waste risk' means 'chiqindi xavf' in Uzbek. Remember it together with its context.
2753,waste risk,chiqindi xavf,High,Environment,UZ→EN,Choose the English word or phrase that matches the Uzbek meaning 'chiqindi xavf'.,measurable method,renewable efficiency,sustainable policy,waste risk,D,The English word or phrase for 'chiqindi xavf' is 'waste risk'.
2754,waste risk,chiqindi xavf,High,Environment,Context,The lesson uses the vocabulary item _____ in a environment context.,renewable efficiency,sustainable policy,waste risk,measurable method,C,The best answer in this context is 'waste risk' (chiqindi xavf).
2755,resource policy,resurs siyosat,High,Environment,EN→UZ,Choose the best Uzbek meaning of 'resource policy'.,samarali tahlil,resurs siyosat,akademik taxmin,tahliliy omil,B,'resource policy' means 'resurs siyosat' in Uzbek. Remember it together with its context.
2756,resource policy,resurs siyosat,High,Environment,UZ→EN,Choose the English word or phrase that matches the Uzbek meaning 'resurs siyosat'.,resource policy,academic assumption,analytical factor,effective analysis,A,The English word or phrase for 'resurs siyosat' is 'resource policy'.
2757,resource policy,resurs siyosat,High,Environment,Context,The lesson uses the vocabulary item _____ in a environment context.,academic assumption,analytical factor,effective analysis,resource policy,D,The best answer in this context is 'resource policy' (resurs siyosat).
2758,resource management,resurs boshqaruv,High,Environment,EN→UZ,Choose the best Uzbek meaning of 'resource management'.,jamoat iste’mol,energiya xavf,resurs boshqaruv,barqaror ta’sir,C,'resource management' means 'resurs boshqaruv' in Uzbek. Remember it together with its context.
2759,resource management,resurs boshqaruv,High,Environment,UZ→EN,Choose the English word or phrase that matches the Uzbek meaning 'resurs boshqaruv'.,energy risk,resource management,sustainable impact,public consumption,B,The English word or phrase for 'resurs boshqaruv' is 'resource management'.
2760,resource management,resurs boshqaruv,High,Environment,Context,The lesson uses the vocabulary item _____ in a environment context.,resource management,sustainable impact,public consumption,energy risk,A,The best answer in this context is 'resource management' (resurs boshqaruv).
2761,resource consumption,resurs iste’mol,High,Environment,EN→UZ,Choose the best Uzbek meaning of 'resource consumption'.,barqaror,sezilarli omil,akademik tahlil,resurs iste’mol,D,'resource consumption' means 'resurs iste’mol' in Uzbek. Remember it together with its context.
2762,resource consumption,resurs iste’mol,High,Environment,UZ→EN,Choose the English word or phrase that matches the Uzbek meaning 'resurs iste’mol'.,significant factor,academic analysis,resource consumption,sustainable,C,The English word or phrase for 'resurs iste’mol' is 'resource consumption'.
2763,resource consumption,resurs iste’mol,High,Environment,Context,The lesson uses the vocabulary item _____ in a environment context.,academic analysis,resource consumption,sustainable,significant factor,B,The best answer in this context is 'resource consumption' (resurs iste’mol).
2764,resource efficiency,resurs samaradorlik,High,Environment,EN→UZ,Choose the best Uzbek meaning of 'resource efficiency'.,resurs samaradorlik,ekologik texnologiya,shahar infratuzilma,energiya boshqaruv,A,'resource efficiency' means 'resurs samaradorlik' in Uzbek. Remember it together with its context.
2765,resource efficiency,resurs samaradorlik,High,Environment,UZ→EN,Choose the English word or phrase that matches the Uzbek meaning 'resurs samaradorlik'.,environmental technology,urban infrastructure,energy management,resource efficiency,D,The English word or phrase for 'resurs samaradorlik' is 'resource efficiency'.
2766,resource efficiency,resurs samaradorlik,High,Environment,Context,The lesson uses the vocabulary item _____ in a environment context.,urban infrastructure,energy management,resource efficiency,environmental technology,C,The best answer in this context is 'resource efficiency' (resurs samaradorlik).
2767,resource infrastructure,resurs infratuzilma,High,Environment,EN→UZ,Choose the best Uzbek meaning of 'resource infrastructure'.,tahliliy ta’sir,resurs infratuzilma,ishonchli dalil,akademik talqin,B,'resource infrastructure' means 'resurs infratuzilma' in Uzbek. Remember it together with its context.
2768,resource infrastructure,resurs infratuzilma,High,Environment,UZ→EN,Choose the English word or phrase that matches the Uzbek meaning 'resurs infratuzilma'.,resource infrastructure,reliable evidence,academic interpretation,analytical impact,A,The English word or phrase for 'resurs infratuzilma' is 'resource infrastructure'.
2769,resource infrastructure,resurs infratuzilma,High,Environment,Context,The lesson uses the vocabulary item _____ in a environment context.,reliable evidence,academic interpretation,analytical impact,resource infrastructure,D,The best answer in this context is 'resource infrastructure' (resurs infratuzilma).
2770,resource impact,resurs ta’sir,High,Environment,EN→UZ,Choose the best Uzbek meaning of 'resource impact'.,akademik ta’sir,tahliliy natija,resurs ta’sir,sezilarli talqin,C,'resource impact' means 'resurs ta’sir' in Uzbek. Remember it together with its context.
2771,resource impact,resurs ta’sir,High,Environment,UZ→EN,Choose the English word or phrase that matches the Uzbek meaning 'resurs ta’sir'.,analytical outcome,resource impact,significant interpretation,academic impact,B,The English word or phrase for 'resurs ta’sir' is 'resource impact'.
2772,resource impact,resurs ta’sir,High,Environment,Context,The lesson uses the vocabulary item _____ in a environment context.,resource impact,significant interpretation,academic impact,analytical outcome,A,The best answer in this context is 'resource impact' (resurs ta’sir).
2773,resource strategy,resurs strategiya,High,Environment,EN→UZ,Choose the best Uzbek meaning of 'resource strategy'.,chalg‘ituvchi platforma,talab qilmoq,ifloslanish,resurs strategiya,D,'resource strategy' means 'resurs strategiya' in Uzbek. Remember it together with its context.
2774,resource strategy,resurs strategiya,High,Environment,UZ→EN,Choose the English word or phrase that matches the Uzbek meaning 'resurs strategiya'.,require,pollution,resource strategy,misleading platform,C,The English word or phrase for 'resurs strategiya' is 'resource strategy'.
2775,resource strategy,resurs strategiya,High,Environment,Context,The lesson uses the vocabulary item _____ in a environment context.,pollution,resource strategy,misleading platform,require,B,The best answer in this context is 'resource strategy' (resurs strategiya).
2776,resource technology,resurs texnologiya,High,Environment,EN→UZ,Choose the best Uzbek meaning of 'resource technology'.,resurs texnologiya,energiya strategiya,chiqindi samaradorlik,iqlim boshqaruv,A,'resource technology' means 'resurs texnologiya' in Uzbek. Remember it together with its context.
2777,resource technology,resurs texnologiya,High,Environment,UZ→EN,Choose the English word or phrase that matches the Uzbek meaning 'resurs texnologiya'.,energy strategy,waste efficiency,climate management,resource technology,D,The English word or phrase for 'resurs texnologiya' is 'resource technology'.
2778,resource technology,resurs texnologiya,High,Environment,Context,The lesson uses the vocabulary item _____ in a environment context.,waste efficiency,climate management,resource technology,energy strategy,C,The best answer in this context is 'resource technology' (resurs texnologiya).
2779,resource planning,resurs rejalashtirish,High,Environment,EN→UZ,Choose the best Uzbek meaning of 'resource planning'.,jamoat maxfiylik,resurs rejalashtirish,algoritmik qaror,ishonchli manba,B,'resource planning' means 'resurs rejalashtirish' in Uzbek. Remember it together with its context.
2780,resource planning,resurs rejalashtirish,High,Environment,UZ→EN,Choose the English word or phrase that matches the Uzbek meaning 'resurs rejalashtirish'.,resource planning,algorithmic decision,reliable source,public privacy,A,The English word or phrase for 'resurs rejalashtirish' is 'resource planning'.
2781,resource planning,resurs rejalashtirish,High,Environment,Context,The lesson uses the vocabulary item _____ in a environment context.,algorithmic decision,reliable source,public privacy,resource planning,D,The best answer in this context is 'resource planning' (resurs rejalashtirish).
2782,resource risk,resurs xavf,High,Environment,EN→UZ,Choose the best Uzbek meaning of 'resource risk'.,barqaror rejalashtirish,jamoat ta’sir,resurs xavf,ekologik boshqaruv,C,'resource risk' means 'resurs xavf' in Uzbek. Remember it together with its context.
2783,resource risk,resurs xavf,High,Environment,UZ→EN,Choose the English word or phrase that matches the Uzbek meaning 'resurs xavf'.,public impact,resource risk,environmental management,sustainable planning,B,The English word or phrase for 'resurs xavf' is 'resource risk'.
2784,resource risk,resurs xavf,High,Environment,Context,The lesson uses the vocabulary item _____ in a environment context.,resource risk,environmental management,sustainable planning,public impact,A,The best answer in this context is 'resource risk' (resurs xavf).
2785,climate policy,iqlim siyosat,High,Environment,EN→UZ,Choose the best Uzbek meaning of 'climate policy'.,resurs xavf,sun’iy platforma,algoritmik kontent,iqlim siyosat,D,'climate policy' means 'iqlim siyosat' in Uzbek. Remember it together with its context.
2786,climate policy,iqlim siyosat,High,Environment,UZ→EN,Choose the English word or phrase that matches the Uzbek meaning 'iqlim siyosat'.,artificial platform,algorithmic content,climate policy,resource risk,C,The English word or phrase for 'iqlim siyosat' is 'climate policy'.
2787,climate policy,iqlim siyosat,High,Environment,Context,The lesson uses the vocabulary item _____ in a environment context.,algorithmic content,climate policy,resource risk,artificial platform,B,The best answer in this context is 'climate policy' (iqlim siyosat).
2788,climate management,iqlim boshqaruv,High,Environment,EN→UZ,Choose the best Uzbek meaning of 'climate management'.,iqlim boshqaruv,barqaror,sezilarli omil,akademik tahlil,A,'climate management' means 'iqlim boshqaruv' in Uzbek. Remember it together with its context.
2789,climate management,iqlim boshqaruv,High,Environment,UZ→EN,Choose the English word or phrase that matches the Uzbek meaning 'iqlim boshqaruv'.,sustainable,significant factor,academic analysis,climate management,D,The English word or phrase for 'iqlim boshqaruv' is 'climate management'.
2790,climate management,iqlim boshqaruv,High,Environment,Context,The lesson uses the vocabulary item _____ in a environment context.,significant factor,academic analysis,climate management,sustainable,C,The best answer in this context is 'climate management' (iqlim boshqaruv).
2791,climate consumption,iqlim iste’mol,High,Environment,EN→UZ,Choose the best Uzbek meaning of 'climate consumption'.,resurs infratuzilma,iqlim iste’mol,energiya siyosat,suv texnologiya,B,'climate consumption' means 'iqlim iste’mol' in Uzbek. Remember it together with its context.
2792,climate consumption,iqlim iste’mol,High,Environment,UZ→EN,Choose the English word or phrase that matches the Uzbek meaning 'iqlim iste’mol'.,climate consumption,energy policy,water technology,resource infrastructure,A,The English word or phrase for 'iqlim iste’mol' is 'climate consumption'.
2793,climate consumption,iqlim iste’mol,High,Environment,Context,The lesson uses the vocabulary item _____ in a environment context.,energy policy,water technology,resource infrastructure,climate consumption,D,The best answer in this context is 'climate consumption' (iqlim iste’mol).
2794,climate efficiency,iqlim samaradorlik,High,Environment,EN→UZ,Choose the best Uzbek meaning of 'climate efficiency'.,nuqtai nazar,ishonchli natija,iqlim samaradorlik,samarali,C,'climate efficiency' means 'iqlim samaradorlik' in Uzbek. Remember it together with its context.
2795,climate efficiency,iqlim samaradorlik,High,Environment,UZ→EN,Choose the English word or phrase that matches the Uzbek meaning 'iqlim samaradorlik'.,reliable outcome,climate efficiency,efficient,perspective,B,The English word or phrase for 'iqlim samaradorlik' is 'climate efficiency'.
2796,climate efficiency,iqlim samaradorlik,High,Environment,Context,The lesson uses the vocabulary item _____ in a environment context.,climate efficiency,efficient,perspective,reliable outcome,A,The best answer in this context is 'climate efficiency' (iqlim samaradorlik).
2797,climate infrastructure,iqlim infratuzilma,High,Environment,EN→UZ,Choose the best Uzbek meaning of 'climate infrastructure'.,chiqindi samaradorlik,iqlim siyosat,sun’iy qaror,iqlim infratuzilma,D,'climate infrastructure' means 'iqlim infratuzilma' in Uzbek. Remember it together with its context.
2798,climate infrastructure,iqlim infratuzilma,High,Environment,UZ→EN,Choose the English word or phrase that matches the Uzbek meaning 'iqlim infratuzilma'.,climate policy,artificial decision,climate infrastructure,waste efficiency,C,The English word or phrase for 'iqlim infratuzilma' is 'climate infrastructure'.
2799,climate infrastructure,iqlim infratuzilma,High,Environment,Context,The lesson uses the vocabulary item _____ in a environment context.,artificial decision,climate infrastructure,waste efficiency,climate policy,B,The best answer in this context is 'climate infrastructure' (iqlim infratuzilma).
2800,climate impact,iqlim ta’sir,High,Environment,EN→UZ,Choose the best Uzbek meaning of 'climate impact'.,iqlim ta’sir,chiqindi boshqaruv,resurs rejalashtirish,sun’iy manba,A,'climate impact' means 'iqlim ta’sir' in Uzbek. Remember it together with its context.
2801,climate impact,iqlim ta’sir,High,Environment,UZ→EN,Choose the English word or phrase that matches the Uzbek meaning 'iqlim ta’sir'.,waste management,resource planning,artificial source,climate impact,D,The English word or phrase for 'iqlim ta’sir' is 'climate impact'.
2802,climate impact,iqlim ta’sir,High,Environment,Context,The lesson uses the vocabulary item _____ in a environment context.,resource planning,artificial source,climate impact,waste management,C,The best answer in this context is 'climate impact' (iqlim ta’sir).
2803,climate strategy,iqlim strategiya,High,Environment,EN→UZ,Choose the best Uzbek meaning of 'climate strategy'.,energiya boshqaruv,iqlim strategiya,ekologik texnologiya,shahar infratuzilma,B,'climate strategy' means 'iqlim strategiya' in Uzbek. Remember it together with its context.
2804,climate strategy,iqlim strategiya,High,Environment,UZ→EN,Choose the English word or phrase that matches the Uzbek meaning 'iqlim strategiya'.,climate strategy,environmental technology,urban infrastructure,energy management,A,The English word or phrase for 'iqlim strategiya' is 'climate strategy'.
2805,climate strategy,iqlim strategiya,High,Environment,Context,The lesson uses the vocabulary item _____ in a environment context.,environmental technology,urban infrastructure,energy management,climate strategy,D,The best answer in this context is 'climate strategy' (iqlim strategiya).
2806,climate technology,iqlim texnologiya,High,Environment,EN→UZ,Choose the best Uzbek meaning of 'climate technology'.,tanqidiy usul,tizimli natija,iqlim texnologiya,ishonchli talqin,C,'climate technology' means 'iqlim texnologiya' in Uzbek. Remember it together with its context.
2807,climate technology,iqlim texnologiya,High,Environment,UZ→EN,Choose the English word or phrase that matches the Uzbek meaning 'iqlim texnologiya'.,systematic outcome,climate technology,reliable interpretation,critical method,B,The English word or phrase for 'iqlim texnologiya' is 'climate technology'.
2808,climate technology,iqlim texnologiya,High,Environment,Context,The lesson uses the vocabulary item _____ in a environment context.,climate technology,reliable interpretation,critical method,systematic outcome,A,The best answer in this context is 'climate technology' (iqlim texnologiya).
2809,climate planning,iqlim rejalashtirish,High,Environment,EN→UZ,Choose the best Uzbek meaning of 'climate planning'.,o‘lchanadigan baholash,qayta tiklanuvchi strategiya,barqaror samaradorlik,iqlim rejalashtirish,D,'climate planning' means 'iqlim rejalashtirish' in Uzbek. Remember it together with its context.
2810,climate planning,iqlim rejalashtirish,High,Environment,UZ→EN,Choose the English word or phrase that matches the Uzbek meaning 'iqlim rejalashtirish'.,renewable strategy,sustainable efficiency,climate planning,measurable evaluation,C,The English word or phrase for 'iqlim rejalashtirish' is 'climate planning'.
2811,climate planning,iqlim rejalashtirish,High,Environment,Context,The lesson uses the vocabulary item _____ in a environment context.,sustainable efficiency,climate planning,measurable evaluation,renewable strategy,B,The best answer in this context is 'climate planning' (iqlim rejalashtirish).
2812,climate risk,iqlim xavf,High,Environment,EN→UZ,Choose the best Uzbek meaning of 'climate risk'.,iqlim xavf,yondashuv,algoritm,sezilarli taxmin,A,'climate risk' means 'iqlim xavf' in Uzbek. Remember it together with its context.
2813,climate risk,iqlim xavf,High,Environment,UZ→EN,Choose the English word or phrase that matches the Uzbek meaning 'iqlim xavf'.,approach,algorithm,significant assumption,climate risk,D,The English word or phrase for 'iqlim xavf' is 'climate risk'.
2814,climate risk,iqlim xavf,High,Environment,Context,The lesson uses the vocabulary item _____ in a environment context.,algorithm,significant assumption,climate risk,approach,C,The best answer in this context is 'climate risk' (iqlim xavf).
2815,artificial intelligence,sun’iy intellekt,High,AI & Media,EN→UZ,Choose the best Uzbek meaning of 'artificial intelligence'.,chalg‘ituvchi maxfiylik,sun’iy intellekt,raqamli qaror,avtomatlashtirilgan kontent,B,'artificial intelligence' means 'sun’iy intellekt' in Uzbek. Remember it together with its context.
2816,artificial intelligence,sun’iy intellekt,High,AI & Media,UZ→EN,Choose the English word or phrase that matches the Uzbek meaning 'sun’iy intellekt'.,artificial intelligence,digital decision,automated content,misleading privacy,A,The English word or phrase for 'sun’iy intellekt' is 'artificial intelligence'.
2817,artificial intelligence,sun’iy intellekt,High,AI & Media,Context,The lesson uses the vocabulary item _____ in a ai & media context.,digital decision,automated content,misleading privacy,artificial intelligence,D,The best answer in this context is 'artificial intelligence' (sun’iy intellekt).
2818,artificial recommendation,sun’iy tavsiya,High,AI & Media,EN→UZ,Choose the best Uzbek meaning of 'artificial recommendation'.,suv siyosat,chiqindi texnologiya,sun’iy tavsiya,jamoat samaradorlik,C,'artificial recommendation' means 'sun’iy tavsiya' in Uzbek. Remember it together with its context.
2819,artificial recommendation,sun’iy tavsiya,High,AI & Media,UZ→EN,Choose the English word or phrase that matches the Uzbek meaning 'sun’iy tavsiya'.,waste technology,artificial recommendation,public efficiency,water policy,B,The English word or phrase for 'sun’iy tavsiya' is 'artificial recommendation'.
2820,artificial recommendation,sun’iy tavsiya,High,AI & Media,Context,The lesson uses the vocabulary item _____ in a ai & media context.,artificial recommendation,public efficiency,water policy,waste technology,A,The best answer in this context is 'artificial recommendation' (sun’iy tavsiya).
2821,artificial bias,sun’iy tarafkashlik,High,AI & Media,EN→UZ,Choose the best Uzbek meaning of 'artificial bias'.,sezilarli,strategiya,chalg‘ituvchi,sun’iy tarafkashlik,D,'artificial bias' means 'sun’iy tarafkashlik' in Uzbek. Remember it together with its context.
2822,artificial bias,sun’iy tarafkashlik,High,AI & Media,UZ→EN,Choose the English word or phrase that matches the Uzbek meaning 'sun’iy tarafkashlik'.,strategy,misleading,artificial bias,significant,C,The English word or phrase for 'sun’iy tarafkashlik' is 'artificial bias'.
2823,artificial bias,sun’iy tarafkashlik,High,AI & Media,Context,The lesson uses the vocabulary item _____ in a ai & media context.,misleading,artificial bias,significant,strategy,B,The best answer in this context is 'artificial bias' (sun’iy tarafkashlik).
2824,artificial privacy,sun’iy maxfiylik,High,AI & Media,EN→UZ,Choose the best Uzbek meaning of 'artificial privacy'.,sun’iy maxfiylik,ishonchli natija,tanqidiy tahlil,tahliliy talqin,A,'artificial privacy' means 'sun’iy maxfiylik' in Uzbek. Remember it together with its context.
2825,artificial privacy,sun’iy maxfiylik,High,AI & Media,UZ→EN,Choose the English word or phrase that matches the Uzbek meaning 'sun’iy maxfiylik'.,reliable outcome,critical analysis,analytical interpretation,artificial privacy,D,The English word or phrase for 'sun’iy maxfiylik' is 'artificial privacy'.
2826,artificial privacy,sun’iy maxfiylik,High,AI & Media,Context,The lesson uses the vocabulary item _____ in a ai & media context.,critical analysis,analytical interpretation,artificial privacy,reliable outcome,C,The best answer in this context is 'artificial privacy' (sun’iy maxfiylik).
2827,artificial verification,sun’iy tekshiruv,High,AI & Media,EN→UZ,Choose the best Uzbek meaning of 'artificial verification'.,xulosa chiqarmoq,sun’iy tekshiruv,avtomatlashtirilgan tekshiruv,chalg‘ituvchi tarafkashlik,B,'artificial verification' means 'sun’iy tekshiruv' in Uzbek. Remember it together with its context.
2828,artificial verification,sun’iy tekshiruv,High,AI & Media,UZ→EN,Choose the English word or phrase that matches the Uzbek meaning 'sun’iy tekshiruv'.,artificial verification,automated verification,misleading bias,infer,A,The English word or phrase for 'sun’iy tekshiruv' is 'artificial verification'.
2829,artificial verification,sun’iy tekshiruv,High,AI & Media,Context,The lesson uses the vocabulary item _____ in a ai & media context.,automated verification,misleading bias,infer,artificial verification,D,The best answer in this context is 'artificial verification' (sun’iy tekshiruv).
2830,artificial content,sun’iy kontent,High,AI & Media,EN→UZ,Choose the best Uzbek meaning of 'artificial content'.,akademik talqin,tahliliy ta’sir,sun’iy kontent,ishonchli dalil,C,'artificial content' means 'sun’iy kontent' in Uzbek. Remember it together with its context.
2831,artificial content,sun’iy kontent,High,AI & Media,UZ→EN,Choose the English word or phrase that matches the Uzbek meaning 'sun’iy kontent'.,analytical impact,artificial content,reliable evidence,academic interpretation,B,The English word or phrase for 'sun’iy kontent' is 'artificial content'.
2832,artificial content,sun’iy kontent,High,AI & Media,Context,The lesson uses the vocabulary item _____ in a ai & media context.,artificial content,reliable evidence,academic interpretation,analytical impact,A,The best answer in this context is 'artificial content' (sun’iy kontent).
2833,artificial source,sun’iy manba,High,AI & Media,EN→UZ,Choose the best Uzbek meaning of 'artificial source'.,sun’iy tekshiruv,algoritmik maxfiylik,ishonchli tavsiya,sun’iy manba,D,'artificial source' means 'sun’iy manba' in Uzbek. Remember it together with its context.
2834,artificial source,sun’iy manba,High,AI & Media,UZ→EN,Choose the English word or phrase that matches the Uzbek meaning 'sun’iy manba'.,algorithmic privacy,reliable recommendation,artificial source,artificial verification,C,The English word or phrase for 'sun’iy manba' is 'artificial source'.
2835,artificial source,sun’iy manba,High,AI & Media,Context,The lesson uses the vocabulary item _____ in a ai & media context.,reliable recommendation,artificial source,artificial verification,algorithmic privacy,B,The best answer in this context is 'artificial source' (sun’iy manba).
2836,artificial platform,sun’iy platforma,High,AI & Media,EN→UZ,Choose the best Uzbek meaning of 'artificial platform'.,sun’iy platforma,ekologik texnologiya,shahar infratuzilma,energiya boshqaruv,A,'artificial platform' means 'sun’iy platforma' in Uzbek. Remember it together with its context.
2837,artificial platform,sun’iy platforma,High,AI & Media,UZ→EN,Choose the English word or phrase that matches the Uzbek meaning 'sun’iy platforma'.,environmental technology,urban infrastructure,energy management,artificial platform,D,The English word or phrase for 'sun’iy platforma' is 'artificial platform'.
2838,artificial platform,sun’iy platforma,High,AI & Media,Context,The lesson uses the vocabulary item _____ in a ai & media context.,urban infrastructure,energy management,artificial platform,environmental technology,C,The best answer in this context is 'artificial platform' (sun’iy platforma).
2839,artificial decision,sun’iy qaror,High,AI & Media,EN→UZ,Choose the best Uzbek meaning of 'artificial decision'.,barqaror rejalashtirish,sun’iy qaror,uzoq muddatli omil,ekologik boshqaruv,B,'artificial decision' means 'sun’iy qaror' in Uzbek. Remember it together with its context.
2840,artificial decision,sun’iy qaror,High,AI & Media,UZ→EN,Choose the English word or phrase that matches the Uzbek meaning 'sun’iy qaror'.,artificial decision,long-term factor,environmental management,sustainable planning,A,The English word or phrase for 'sun’iy qaror' is 'artificial decision'.
2841,artificial decision,sun’iy qaror,High,AI & Media,Context,The lesson uses the vocabulary item _____ in a ai & media context.,long-term factor,environmental management,sustainable planning,artificial decision,D,The best answer in this context is 'artificial decision' (sun’iy qaror).
2842,artificial model,sun’iy model,High,AI & Media,EN→UZ,Choose the best Uzbek meaning of 'artificial model'.,uzoq muddatli natija,ekologik siyosat,sun’iy model,strategik usul,C,'artificial model' means 'sun’iy model' in Uzbek. Remember it together with its context.
2843,artificial model,sun’iy model,High,AI & Media,UZ→EN,Choose the English word or phrase that matches the Uzbek meaning 'sun’iy model'.,environmental policy,artificial model,strategic method,long-term outcome,B,The English word or phrase for 'sun’iy model' is 'artificial model'.
2844,artificial model,sun’iy model,High,AI & Media,Context,The lesson uses the vocabulary item _____ in a ai & media context.,artificial model,strategic method,long-term outcome,environmental policy,A,The best answer in this context is 'artificial model' (sun’iy model).
2845,digital intelligence,raqamli intellekt,High,AI & Media,EN→UZ,Choose the best Uzbek meaning of 'digital intelligence'.,sun’iy tavsiya,algoritmik intellekt,avtomatlashtirilgan qaror,raqamli intellekt,D,'digital intelligence' means 'raqamli intellekt' in Uzbek. Remember it together with its context.
2846,digital intelligence,raqamli intellekt,High,AI & Media,UZ→EN,Choose the English word or phrase that matches the Uzbek meaning 'raqamli intellekt'.,algorithmic intelligence,automated decision,digital intelligence,artificial recommendation,C,The English word or phrase for 'raqamli intellekt' is 'digital intelligence'.
2847,digital intelligence,raqamli intellekt,High,AI & Media,Context,The lesson uses the vocabulary item _____ in a ai & media context.,automated decision,digital intelligence,artificial recommendation,algorithmic intelligence,B,The best answer in this context is 'digital intelligence' (raqamli intellekt).
2848,digital recommendation,raqamli tavsiya,High,AI & Media,EN→UZ,Choose the best Uzbek meaning of 'digital recommendation'.,raqamli tavsiya,barqaror rejalashtirish,jamoat ta’sir,suv iste’mol,A,'digital recommendation' means 'raqamli tavsiya' in Uzbek. Remember it together with its context.
2849,digital recommendation,raqamli tavsiya,High,AI & Media,UZ→EN,Choose the English word or phrase that matches the Uzbek meaning 'raqamli tavsiya'.,sustainable planning,public impact,water consumption,digital recommendation,D,The English word or phrase for 'raqamli tavsiya' is 'digital recommendation'.
2850,digital recommendation,raqamli tavsiya,High,AI & Media,Context,The lesson uses the vocabulary item _____ in a ai & media context.,public impact,water consumption,digital recommendation,sustainable planning,C,The best answer in this context is 'digital recommendation' (raqamli tavsiya).
2851,digital bias,raqamli tarafkashlik,High,AI & Media,EN→UZ,Choose the best Uzbek meaning of 'digital bias'.,"samarali, ta’sirchan",raqamli tarafkashlik,ishonchli model,ishonchli,B,'digital bias' means 'raqamli tarafkashlik' in Uzbek. Remember it together with its context.
2852,digital bias,raqamli tarafkashlik,High,AI & Media,UZ→EN,Choose the English word or phrase that matches the Uzbek meaning 'raqamli tarafkashlik'.,digital bias,reliable model,reliable,effective,A,The English word or phrase for 'raqamli tarafkashlik' is 'digital bias'.
2853,digital bias,raqamli tarafkashlik,High,AI & Media,Context,The lesson uses the vocabulary item _____ in a ai & media context.,reliable model,reliable,effective,digital bias,D,The best answer in this context is 'digital bias' (raqamli tarafkashlik).
2854,digital privacy,raqamli maxfiylik,High,AI & Media,EN→UZ,Choose the best Uzbek meaning of 'digital privacy'.,ishonchli ta’sir,tanqidiy natija,raqamli maxfiylik,oqibat,C,'digital privacy' means 'raqamli maxfiylik' in Uzbek. Remember it together with its context.
2855,digital privacy,raqamli maxfiylik,High,AI & Media,UZ→EN,Choose the English word or phrase that matches the Uzbek meaning 'raqamli maxfiylik'.,critical outcome,digital privacy,consequence,reliable impact,B,The English word or phrase for 'raqamli maxfiylik' is 'digital privacy'.
2856,digital privacy,raqamli maxfiylik,High,AI & Media,Context,The lesson uses the vocabulary item _____ in a ai & media context.,digital privacy,consequence,reliable impact,critical outcome,A,The best answer in this context is 'digital privacy' (raqamli maxfiylik).
2857,digital verification,raqamli tekshiruv,High,AI & Media,EN→UZ,Choose the best Uzbek meaning of 'digital verification'.,raqamli model,avtomatlashtirilgan manba,chalg‘ituvchi tekshiruv,raqamli tekshiruv,D,'digital verification' means 'raqamli tekshiruv' in Uzbek. Remember it together with its context.
2858,digital verification,raqamli tekshiruv,High,AI & Media,UZ→EN,Choose the English word or phrase that matches the Uzbek meaning 'raqamli tekshiruv'.,automated source,misleading verification,digital verification,digital model,C,The English word or phrase for 'raqamli tekshiruv' is 'digital verification'.
2859,digital verification,raqamli tekshiruv,High,AI & Media,Context,The lesson uses the vocabulary item _____ in a ai & media context.,misleading verification,digital verification,digital model,automated source,B,The best answer in this context is 'digital verification' (raqamli tekshiruv).
2860,digital content,raqamli kontent,High,AI & Media,EN→UZ,Choose the best Uzbek meaning of 'digital content'.,raqamli kontent,chalg‘ituvchi,ishonchli yondashuv,tanqidiy dalil,A,'digital content' means 'raqamli kontent' in Uzbek. Remember it together with its context.
2861,digital content,raqamli kontent,High,AI & Media,UZ→EN,Choose the English word or phrase that matches the Uzbek meaning 'raqamli kontent'.,misleading,reliable approach,critical evidence,digital content,D,The English word or phrase for 'raqamli kontent' is 'digital content'.
2862,digital content,raqamli kontent,High,AI & Media,Context,The lesson uses the vocabulary item _____ in a ai & media context.,reliable approach,critical evidence,digital content,misleading,C,The best answer in this context is 'digital content' (raqamli kontent).
2863,digital source,raqamli manba,High,AI & Media,EN→UZ,Choose the best Uzbek meaning of 'digital source'.,algoritmik kontent,raqamli manba,resurs xavf,sun’iy manba,B,'digital source' means 'raqamli manba' in Uzbek. Remember it together with its context.
2864,digital source,raqamli manba,High,AI & Media,UZ→EN,Choose the English word or phrase that matches the Uzbek meaning 'raqamli manba'.,digital source,resource risk,artificial source,algorithmic content,A,The English word or phrase for 'raqamli manba' is 'digital source'.
2865,digital source,raqamli manba,High,AI & Media,Context,The lesson uses the vocabulary item _____ in a ai & media context.,resource risk,artificial source,algorithmic content,digital source,D,The best answer in this context is 'digital source' (raqamli manba).
2866,digital decision,raqamli qaror,High,AI & Media,EN→UZ,Choose the best Uzbek meaning of 'digital decision'.,uzoq muddatli usul,ekologik samaradorlik,raqamli qaror,strategik baholash,C,'digital decision' means 'raqamli qaror' in Uzbek. Remember it together with its context.
2867,digital decision,raqamli qaror,High,AI & Media,UZ→EN,Choose the English word or phrase that matches the Uzbek meaning 'raqamli qaror'.,environmental efficiency,digital decision,strategic evaluation,long-term method,B,The English word or phrase for 'raqamli qaror' is 'digital decision'.
2868,digital decision,raqamli qaror,High,AI & Media,Context,The lesson uses the vocabulary item _____ in a ai & media context.,digital decision,strategic evaluation,long-term method,environmental efficiency,A,The best answer in this context is 'digital decision' (raqamli qaror).
2869,digital model,raqamli model,High,AI & Media,EN→UZ,Choose the best Uzbek meaning of 'digital model'.,samarali tahlil,strategik talqin,uzoq muddatli ta’sir,raqamli model,D,'digital model' means 'raqamli model' in Uzbek. Remember it together with its context.
2870,digital model,raqamli model,High,AI & Media,UZ→EN,Choose the English word or phrase that matches the Uzbek meaning 'raqamli model'.,strategic interpretation,long-term impact,digital model,effective analysis,C,The English word or phrase for 'raqamli model' is 'digital model'.
2871,digital model,raqamli model,High,AI & Media,Context,The lesson uses the vocabulary item _____ in a ai & media context.,long-term impact,digital model,effective analysis,strategic interpretation,B,The best answer in this context is 'digital model' (raqamli model).
2872,algorithmic intelligence,algoritmik intellekt,High,AI & Media,EN→UZ,Choose the best Uzbek meaning of 'algorithmic intelligence'.,algoritmik intellekt,tahliliy dalil,tizimli taxmin,strategik omil,A,'algorithmic intelligence' means 'algoritmik intellekt' in Uzbek. Remember it together with its context.
2873,algorithmic intelligence,algoritmik intellekt,High,AI & Media,UZ→EN,Choose the English word or phrase that matches the Uzbek meaning 'algoritmik intellekt'.,analytical evidence,systematic assumption,strategic factor,algorithmic intelligence,D,The English word or phrase for 'algoritmik intellekt' is 'algorithmic intelligence'.
2874,algorithmic intelligence,algoritmik intellekt,High,AI & Media,Context,The lesson uses the vocabulary item _____ in a ai & media context.,systematic assumption,strategic factor,algorithmic intelligence,analytical evidence,C,The best answer in this context is 'algorithmic intelligence' (algoritmik intellekt).
2875,algorithmic recommendation,algoritmik tavsiya,High,AI & Media,EN→UZ,Choose the best Uzbek meaning of 'algorithmic recommendation'.,sezilarli dalil,algoritmik tavsiya,xulosa chiqarmoq,foyda,B,'algorithmic recommendation' means 'algoritmik tavsiya' in Uzbek. Remember it together with its context.
2876,algorithmic recommendation,algoritmik tavsiya,High,AI & Media,UZ→EN,Choose the English word or phrase that matches the Uzbek meaning 'algoritmik tavsiya'.,algorithmic recommendation,infer,profit,significant evidence,A,The English word or phrase for 'algoritmik tavsiya' is 'algorithmic recommendation'.
2877,algorithmic recommendation,algoritmik tavsiya,High,AI & Media,Context,The lesson uses the vocabulary item _____ in a ai & media context.,infer,profit,significant evidence,algorithmic recommendation,D,The best answer in this context is 'algorithmic recommendation' (algoritmik tavsiya).
2878,algorithmic bias,algoritmik tarafkashlik,High,AI & Media,EN→UZ,Choose the best Uzbek meaning of 'algorithmic bias'.,qayta tiklanuvchi iste’mol,ekologik xavf,algoritmik tarafkashlik,o‘lchanadigan ta’sir,C,'algorithmic bias' means 'algoritmik tarafkashlik' in Uzbek. Remember it together with its context.
2879,algorithmic bias,algoritmik tarafkashlik,High,AI & Media,UZ→EN,Choose the English word or phrase that matches the Uzbek meaning 'algoritmik tarafkashlik'.,environmental risk,algorithmic bias,measurable impact,renewable consumption,B,The English word or phrase for 'algoritmik tarafkashlik' is 'algorithmic bias'.
2880,algorithmic bias,algoritmik tarafkashlik,High,AI & Media,Context,The lesson uses the vocabulary item _____ in a ai & media context.,algorithmic bias,measurable impact,renewable consumption,environmental risk,A,The best answer in this context is 'algorithmic bias' (algoritmik tarafkashlik).
2881,algorithmic privacy,algoritmik maxfiylik,High,AI & Media,EN→UZ,Choose the best Uzbek meaning of 'algorithmic privacy'.,shahar texnologiya,energiya infratuzilma,chiqindi boshqaruv,algoritmik maxfiylik,D,'algorithmic privacy' means 'algoritmik maxfiylik' in Uzbek. Remember it together with its context.
2882,algorithmic privacy,algoritmik maxfiylik,High,AI & Media,UZ→EN,Choose the English word or phrase that matches the Uzbek meaning 'algoritmik maxfiylik'.,energy infrastructure,waste management,algorithmic privacy,urban technology,C,The English word or phrase for 'algoritmik maxfiylik' is 'algorithmic privacy'.
2883,algorithmic privacy,algoritmik maxfiylik,High,AI & Media,Context,The lesson uses the vocabulary item _____ in a ai & media context.,waste management,algorithmic privacy,urban technology,energy infrastructure,B,The best answer in this context is 'algorithmic privacy' (algoritmik maxfiylik).
2884,algorithmic verification,algoritmik tekshiruv,High,AI & Media,EN→UZ,Choose the best Uzbek meaning of 'algorithmic verification'.,algoritmik tekshiruv,tizimli usul,strategik natija,uzoq muddatli dalil,A,'algorithmic verification' means 'algoritmik tekshiruv' in Uzbek. Remember it together with its context.
2885,algorithmic verification,algoritmik tekshiruv,High,AI & Media,UZ→EN,Choose the English word or phrase that matches the Uzbek meaning 'algoritmik tekshiruv'.,systematic method,strategic outcome,long-term evidence,algorithmic verification,D,The English word or phrase for 'algoritmik tekshiruv' is 'algorithmic verification'.
2886,algorithmic verification,algoritmik tekshiruv,High,AI & Media,Context,The lesson uses the vocabulary item _____ in a ai & media context.,strategic outcome,long-term evidence,algorithmic verification,systematic method,C,The best answer in this context is 'algorithmic verification' (algoritmik tekshiruv).
2887,algorithmic content,algoritmik kontent,High,AI & Media,EN→UZ,Choose the best Uzbek meaning of 'algorithmic content'.,suv rejalashtirish,algoritmik kontent,shahar infratuzilma,energiya boshqaruv,B,'algorithmic content' means 'algoritmik kontent' in Uzbek. Remember it together with its context.
2888,algorithmic content,algoritmik kontent,High,AI & Media,UZ→EN,Choose the English word or phrase that matches the Uzbek meaning 'algoritmik kontent'.,algorithmic content,urban infrastructure,energy management,water planning,A,The English word or phrase for 'algoritmik kontent' is 'algorithmic content'.
2889,algorithmic content,algoritmik kontent,High,AI & Media,Context,The lesson uses the vocabulary item _____ in a ai & media context.,urban infrastructure,energy management,water planning,algorithmic content,D,The best answer in this context is 'algorithmic content' (algoritmik kontent).
2890,algorithmic source,algoritmik manba,High,AI & Media,EN→UZ,Choose the best Uzbek meaning of 'algorithmic source'.,tahliliy ta’sir,samarali yondashuv,algoritmik manba,akademik talqin,C,'algorithmic source' means 'algoritmik manba' in Uzbek. Remember it together with its context.
2891,algorithmic source,algoritmik manba,High,AI & Media,UZ→EN,Choose the English word or phrase that matches the Uzbek meaning 'algoritmik manba'.,effective approach,algorithmic source,academic interpretation,analytical impact,B,The English word or phrase for 'algoritmik manba' is 'algorithmic source'.
2892,algorithmic source,algoritmik manba,High,AI & Media,Context,The lesson uses the vocabulary item _____ in a ai & media context.,algorithmic source,academic interpretation,analytical impact,effective approach,A,The best answer in this context is 'algorithmic source' (algoritmik manba).
2893,algorithmic platform,algoritmik platforma,High,AI & Media,EN→UZ,Choose the best Uzbek meaning of 'algorithmic platform'.,ishonchli maxfiylik,jamoat intellekt,usul,algoritmik platforma,D,'algorithmic platform' means 'algoritmik platforma' in Uzbek. Remember it together with its context.
2894,algorithmic platform,algoritmik platforma,High,AI & Media,UZ→EN,Choose the English word or phrase that matches the Uzbek meaning 'algoritmik platforma'.,public intelligence,method,algorithmic platform,reliable privacy,C,The English word or phrase for 'algoritmik platforma' is 'algorithmic platform'.
2895,algorithmic platform,algoritmik platforma,High,AI & Media,Context,The lesson uses the vocabulary item _____ in a ai & media context.,method,algorithmic platform,reliable privacy,public intelligence,B,The best answer in this context is 'algorithmic platform' (algoritmik platforma).
2896,algorithmic decision,algoritmik qaror,High,AI & Media,EN→UZ,Choose the best Uzbek meaning of 'algorithmic decision'.,algoritmik qaror,raqamli qaror,avtomatlashtirilgan manba,chalg‘ituvchi tekshiruv,A,'algorithmic decision' means 'algoritmik qaror' in Uzbek. Remember it together with its context.
2897,algorithmic decision,algoritmik qaror,High,AI & Media,UZ→EN,Choose the English word or phrase that matches the Uzbek meaning 'algoritmik qaror'.,digital decision,automated source,misleading verification,algorithmic decision,D,The English word or phrase for 'algoritmik qaror' is 'algorithmic decision'.
2898,algorithmic decision,algoritmik qaror,High,AI & Media,Context,The lesson uses the vocabulary item _____ in a ai & media context.,automated source,misleading verification,algorithmic decision,digital decision,C,The best answer in this context is 'algorithmic decision' (algoritmik qaror).
2899,algorithmic model,algoritmik model,High,AI & Media,EN→UZ,Choose the best Uzbek meaning of 'algorithmic model'.,avtomatlashtirilgan kontent,algoritmik model,iqlim xavf,raqamli manba,B,'algorithmic model' means 'algoritmik model' in Uzbek. Remember it together with its context.
2900,algorithmic model,algoritmik model,High,AI & Media,UZ→EN,Choose the English word or phrase that matches the Uzbek meaning 'algoritmik model'.,algorithmic model,climate risk,digital source,automated content,A,The English word or phrase for 'algoritmik model' is 'algorithmic model'.
2901,algorithmic model,algoritmik model,High,AI & Media,Context,The lesson uses the vocabulary item _____ in a ai & media context.,climate risk,digital source,automated content,algorithmic model,D,The best answer in this context is 'algorithmic model' (algoritmik model).
2902,automated intelligence,avtomatlashtirilgan intellekt,High,AI & Media,EN→UZ,Choose the best Uzbek meaning of 'automated intelligence'.,jamoat xavf,suv strategiya,avtomatlashtirilgan intellekt,shahar iste’mol,C,'automated intelligence' means 'avtomatlashtirilgan intellekt' in Uzbek. Remember it together with its context.
2903,automated intelligence,avtomatlashtirilgan intellekt,High,AI & Media,UZ→EN,Choose the English word or phrase that matches the Uzbek meaning 'avtomatlashtirilgan intellekt'.,water strategy,automated intelligence,urban consumption,public risk,B,The English word or phrase for 'avtomatlashtirilgan intellekt' is 'automated intelligence'.
2904,automated intelligence,avtomatlashtirilgan intellekt,High,AI & Media,Context,The lesson uses the vocabulary item _____ in a ai & media context.,automated intelligence,urban consumption,public risk,water strategy,A,The best answer in this context is 'automated intelligence' (avtomatlashtirilgan intellekt).
2905,automated recommendation,avtomatlashtirilgan tavsiya,High,AI & Media,EN→UZ,Choose the best Uzbek meaning of 'automated recommendation'.,tizimli baholash,strategik usul,uzoq muddatli natija,avtomatlashtirilgan tavsiya,D,'automated recommendation' means 'avtomatlashtirilgan tavsiya' in Uzbek. Remember it together with its context.
2906,automated recommendation,avtomatlashtirilgan tavsiya,High,AI & Media,UZ→EN,Choose the English word or phrase that matches the Uzbek meaning 'avtomatlashtirilgan tavsiya'.,strategic method,long-term outcome,automated recommendation,systematic evaluation,C,The English word or phrase for 'avtomatlashtirilgan tavsiya' is 'automated recommendation'.
2907,automated recommendation,avtomatlashtirilgan tavsiya,High,AI & Media,Context,The lesson uses the vocabulary item _____ in a ai & media context.,long-term outcome,automated recommendation,systematic evaluation,strategic method,B,The best answer in this context is 'automated recommendation' (avtomatlashtirilgan tavsiya).
2908,automated bias,avtomatlashtirilgan tarafkashlik,High,AI & Media,EN→UZ,Choose the best Uzbek meaning of 'automated bias'.,avtomatlashtirilgan tarafkashlik,chiqindi texnologiya,iqlim infratuzilma,raqamli tavsiya,A,'automated bias' means 'avtomatlashtirilgan tarafkashlik' in Uzbek. Remember it together with its context.
2909,automated bias,avtomatlashtirilgan tarafkashlik,High,AI & Media,UZ→EN,Choose the English word or phrase that matches the Uzbek meaning 'avtomatlashtirilgan tarafkashlik'.,waste technology,climate infrastructure,digital recommendation,automated bias,D,The English word or phrase for 'avtomatlashtirilgan tarafkashlik' is 'automated bias'.
2910,automated bias,avtomatlashtirilgan tarafkashlik,High,AI & Media,Context,The lesson uses the vocabulary item _____ in a ai & media context.,climate infrastructure,digital recommendation,automated bias,waste technology,C,The best answer in this context is 'automated bias' (avtomatlashtirilgan tarafkashlik).
2911,automated privacy,avtomatlashtirilgan maxfiylik,High,AI & Media,EN→UZ,Choose the best Uzbek meaning of 'automated privacy'.,ishonchli,avtomatlashtirilgan maxfiylik,avtomatlashtirilgan intellekt,ishonchli model,B,'automated privacy' means 'avtomatlashtirilgan maxfiylik' in Uzbek. Remember it together with its context.
2912,automated privacy,avtomatlashtirilgan maxfiylik,High,AI & Media,UZ→EN,Choose the English word or phrase that matches the Uzbek meaning 'avtomatlashtirilgan maxfiylik'.,automated privacy,automated intelligence,reliable model,reliable,A,The English word or phrase for 'avtomatlashtirilgan maxfiylik' is 'automated privacy'.
2913,automated privacy,avtomatlashtirilgan maxfiylik,High,AI & Media,Context,The lesson uses the vocabulary item _____ in a ai & media context.,automated intelligence,reliable model,reliable,automated privacy,D,The best answer in this context is 'automated privacy' (avtomatlashtirilgan maxfiylik).
2914,automated verification,avtomatlashtirilgan tekshiruv,High,AI & Media,EN→UZ,Choose the best Uzbek meaning of 'automated verification'.,suv ta’sir,resurs iste’mol,avtomatlashtirilgan tekshiruv,jamoat rejalashtirish,C,'automated verification' means 'avtomatlashtirilgan tekshiruv' in Uzbek. Remember it together with its context.
2915,automated verification,avtomatlashtirilgan tekshiruv,High,AI & Media,UZ→EN,Choose the English word or phrase that matches the Uzbek meaning 'avtomatlashtirilgan tekshiruv'.,resource consumption,automated verification,public planning,water impact,B,The English word or phrase for 'avtomatlashtirilgan tekshiruv' is 'automated verification'.
2916,automated verification,avtomatlashtirilgan tekshiruv,High,AI & Media,Context,The lesson uses the vocabulary item _____ in a ai & media context.,automated verification,public planning,water impact,resource consumption,A,The best answer in this context is 'automated verification' (avtomatlashtirilgan tekshiruv).
2917,automated content,avtomatlashtirilgan kontent,High,AI & Media,EN→UZ,Choose the best Uzbek meaning of 'automated content'.,algoritmik platforma,ishonchli manba,jamoat maxfiylik,avtomatlashtirilgan kontent,D,'automated content' means 'avtomatlashtirilgan kontent' in Uzbek. Remember it together with its context.
2918,automated content,avtomatlashtirilgan kontent,High,AI & Media,UZ→EN,Choose the English word or phrase that matches the Uzbek meaning 'avtomatlashtirilgan kontent'.,reliable source,public privacy,automated content,algorithmic platform,C,The English word or phrase for 'avtomatlashtirilgan kontent' is 'automated content'.
2919,automated content,avtomatlashtirilgan kontent,High,AI & Media,Context,The lesson uses the vocabulary item _____ in a ai & media context.,public privacy,automated content,algorithmic platform,reliable source,B,The best answer in this context is 'automated content' (avtomatlashtirilgan kontent).
2920,automated source,avtomatlashtirilgan manba,High,AI & Media,EN→UZ,Choose the best Uzbek meaning of 'automated source'.,avtomatlashtirilgan manba,barqaror siyosat,shahar texnologiya,energiya infratuzilma,A,'automated source' means 'avtomatlashtirilgan manba' in Uzbek. Remember it together with its context.
2921,automated source,avtomatlashtirilgan manba,High,AI & Media,UZ→EN,Choose the English word or phrase that matches the Uzbek meaning 'avtomatlashtirilgan manba'.,sustainable policy,urban technology,energy infrastructure,automated source,D,The English word or phrase for 'avtomatlashtirilgan manba' is 'automated source'.
2922,automated source,avtomatlashtirilgan manba,High,AI & Media,Context,The lesson uses the vocabulary item _____ in a ai & media context.,urban technology,energy infrastructure,automated source,sustainable policy,C,The best answer in this context is 'automated source' (avtomatlashtirilgan manba).
2923,automated decision,avtomatlashtirilgan qaror,High,AI & Media,EN→UZ,Choose the best Uzbek meaning of 'automated decision'.,tahliliy omil,avtomatlashtirilgan qaror,sezilarli baholash,akademik taxmin,B,'automated decision' means 'avtomatlashtirilgan qaror' in Uzbek. Remember it together with its context.
2924,automated decision,avtomatlashtirilgan qaror,High,AI & Media,UZ→EN,Choose the English word or phrase that matches the Uzbek meaning 'avtomatlashtirilgan qaror'.,automated decision,significant evaluation,academic assumption,analytical factor,A,The English word or phrase for 'avtomatlashtirilgan qaror' is 'automated decision'.
2925,automated decision,avtomatlashtirilgan qaror,High,AI & Media,Context,The lesson uses the vocabulary item _____ in a ai & media context.,significant evaluation,academic assumption,analytical factor,automated decision,D,The best answer in this context is 'automated decision' (avtomatlashtirilgan qaror).
2926,automated model,avtomatlashtirilgan model,High,AI & Media,EN→UZ,Choose the best Uzbek meaning of 'automated model'.,sezilarli talqin,akademik ta’sir,avtomatlashtirilgan model,ma’lumotlar,C,'automated model' means 'avtomatlashtirilgan model' in Uzbek. Remember it together with its context.
2927,automated model,avtomatlashtirilgan model,High,AI & Media,UZ→EN,Choose the English word or phrase that matches the Uzbek meaning 'avtomatlashtirilgan model'.,academic impact,automated model,data,significant interpretation,B,The English word or phrase for 'avtomatlashtirilgan model' is 'automated model'.
2928,automated model,avtomatlashtirilgan model,High,AI & Media,Context,The lesson uses the vocabulary item _____ in a ai & media context.,automated model,data,significant interpretation,academic impact,A,The best answer in this context is 'automated model' (avtomatlashtirilgan model).
2929,reliable intelligence,ishonchli intellekt,High,AI & Media,EN→UZ,Choose the best Uzbek meaning of 'reliable intelligence'.,muqobil,ishonchli usul,tanqidiy omil,ishonchli intellekt,D,'reliable intelligence' means 'ishonchli intellekt' in Uzbek. Remember it together with its context.
2930,reliable intelligence,ishonchli intellekt,High,AI & Media,UZ→EN,Choose the English word or phrase that matches the Uzbek meaning 'ishonchli intellekt'.,reliable method,critical factor,reliable intelligence,alternative,C,The English word or phrase for 'ishonchli intellekt' is 'reliable intelligence'.
2931,reliable intelligence,ishonchli intellekt,High,AI & Media,Context,The lesson uses the vocabulary item _____ in a ai & media context.,critical factor,reliable intelligence,alternative,reliable method,B,The best answer in this context is 'reliable intelligence' (ishonchli intellekt).
2932,reliable recommendation,ishonchli tavsiya,High,AI & Media,EN→UZ,Choose the best Uzbek meaning of 'reliable recommendation'.,ishonchli tavsiya,algoritmik platforma,ishonchli manba,jamoat maxfiylik,A,'reliable recommendation' means 'ishonchli tavsiya' in Uzbek. Remember it together with its context.
2933,reliable recommendation,ishonchli tavsiya,High,AI & Media,UZ→EN,Choose the English word or phrase that matches the Uzbek meaning 'ishonchli tavsiya'.,algorithmic platform,reliable source,public privacy,reliable recommendation,D,The English word or phrase for 'ishonchli tavsiya' is 'reliable recommendation'.
2934,reliable recommendation,ishonchli tavsiya,High,AI & Media,Context,The lesson uses the vocabulary item _____ in a ai & media context.,reliable source,public privacy,reliable recommendation,algorithmic platform,C,The best answer in this context is 'reliable recommendation' (ishonchli tavsiya).
2935,reliable bias,ishonchli tarafkashlik,High,AI & Media,EN→UZ,Choose the best Uzbek meaning of 'reliable bias'.,strategik baholash,ishonchli tarafkashlik,tahliliy ta’sir,samarali yondashuv,B,'reliable bias' means 'ishonchli tarafkashlik' in Uzbek. Remember it together with its context.
2936,reliable bias,ishonchli tarafkashlik,High,AI & Media,UZ→EN,Choose the English word or phrase that matches the Uzbek meaning 'ishonchli tarafkashlik'.,reliable bias,analytical impact,effective approach,strategic evaluation,A,The English word or phrase for 'ishonchli tarafkashlik' is 'reliable bias'.
2937,reliable bias,ishonchli tarafkashlik,High,AI & Media,Context,The lesson uses the vocabulary item _____ in a ai & media context.,analytical impact,effective approach,strategic evaluation,reliable bias,D,The best answer in this context is 'reliable bias' (ishonchli tarafkashlik).
2938,reliable privacy,ishonchli maxfiylik,High,AI & Media,EN→UZ,Choose the best Uzbek meaning of 'reliable privacy'.,ekologik infratuzilma,shahar boshqaruv,ishonchli maxfiylik,uzoq muddatli taxmin,C,'reliable privacy' means 'ishonchli maxfiylik' in Uzbek. Remember it together with its context.
2939,reliable privacy,ishonchli maxfiylik,High,AI & Media,UZ→EN,Choose the English word or phrase that matches the Uzbek meaning 'ishonchli maxfiylik'.,urban management,reliable privacy,long-term assumption,environmental infrastructure,B,The English word or phrase for 'ishonchli maxfiylik' is 'reliable privacy'.
2940,reliable privacy,ishonchli maxfiylik,High,AI & Media,Context,The lesson uses the vocabulary item _____ in a ai & media context.,reliable privacy,long-term assumption,environmental infrastructure,urban management,A,The best answer in this context is 'reliable privacy' (ishonchli maxfiylik).
2941,reliable verification,ishonchli tekshiruv,High,AI & Media,EN→UZ,Choose the best Uzbek meaning of 'reliable verification'.,ishonchli ta’sir,tanqidiy natija,tizimli dalil,ishonchli tekshiruv,D,'reliable verification' means 'ishonchli tekshiruv' in Uzbek. Remember it together with its context.
2942,reliable verification,ishonchli tekshiruv,High,AI & Media,UZ→EN,Choose the English word or phrase that matches the Uzbek meaning 'ishonchli tekshiruv'.,critical outcome,systematic evidence,reliable verification,reliable impact,C,The English word or phrase for 'ishonchli tekshiruv' is 'reliable verification'.
2943,reliable verification,ishonchli tekshiruv,High,AI & Media,Context,The lesson uses the vocabulary item _____ in a ai & media context.,systematic evidence,reliable verification,reliable impact,critical outcome,B,The best answer in this context is 'reliable verification' (ishonchli tekshiruv).
2944,reliable content,ishonchli kontent,High,AI & Media,EN→UZ,Choose the best Uzbek meaning of 'reliable content'.,ishonchli kontent,uzoq muddatli omil,ekologik boshqaruv,barqaror rejalashtirish,A,'reliable content' means 'ishonchli kontent' in Uzbek. Remember it together with its context.
2945,reliable content,ishonchli kontent,High,AI & Media,UZ→EN,Choose the English word or phrase that matches the Uzbek meaning 'ishonchli kontent'.,long-term factor,environmental management,sustainable planning,reliable content,D,The English word or phrase for 'ishonchli kontent' is 'reliable content'.
2946,reliable content,ishonchli kontent,High,AI & Media,Context,The lesson uses the vocabulary item _____ in a ai & media context.,environmental management,sustainable planning,reliable content,long-term factor,C,The best answer in this context is 'reliable content' (ishonchli kontent).
2947,reliable source,ishonchli manba,High,AI & Media,EN→UZ,Choose the best Uzbek meaning of 'reliable source'.,akademik tahlil,ishonchli manba,barqaror,sezilarli omil,B,'reliable source' means 'ishonchli manba' in Uzbek. Remember it together with its context.
2948,reliable source,ishonchli manba,High,AI & Media,UZ→EN,Choose the English word or phrase that matches the Uzbek meaning 'ishonchli manba'.,reliable source,sustainable,significant factor,academic analysis,A,The English word or phrase for 'ishonchli manba' is 'reliable source'.
2949,reliable source,ishonchli manba,High,AI & Media,Context,The lesson uses the vocabulary item _____ in a ai & media context.,sustainable,significant factor,academic analysis,reliable source,D,The best answer in this context is 'reliable source' (ishonchli manba).
2950,reliable platform,ishonchli platforma,High,AI & Media,EN→UZ,Choose the best Uzbek meaning of 'reliable platform'.,raqamli qaror,avtomatlashtirilgan kontent,ishonchli platforma,sun’iy intellekt,C,'reliable platform' means 'ishonchli platforma' in Uzbek. Remember it together with its context.
2951,reliable platform,ishonchli platforma,High,AI & Media,UZ→EN,Choose the English word or phrase that matches the Uzbek meaning 'ishonchli platforma'.,automated content,reliable platform,artificial intelligence,digital decision,B,The English word or phrase for 'ishonchli platforma' is 'reliable platform'.
2952,reliable platform,ishonchli platforma,High,AI & Media,Context,The lesson uses the vocabulary item _____ in a ai & media context.,reliable platform,artificial intelligence,digital decision,automated content,A,The best answer in this context is 'reliable platform' (ishonchli platforma).
2953,reliable decision,ishonchli qaror,High,AI & Media,EN→UZ,Choose the best Uzbek meaning of 'reliable decision'.,chiqindi texnologiya,iqlim infratuzilma,raqamli tavsiya,ishonchli qaror,D,'reliable decision' means 'ishonchli qaror' in Uzbek. Remember it together with its context.
2954,reliable decision,ishonchli qaror,High,AI & Media,UZ→EN,Choose the English word or phrase that matches the Uzbek meaning 'ishonchli qaror'.,climate infrastructure,digital recommendation,reliable decision,waste technology,C,The English word or phrase for 'ishonchli qaror' is 'reliable decision'.
2955,reliable decision,ishonchli qaror,High,AI & Media,Context,The lesson uses the vocabulary item _____ in a ai & media context.,digital recommendation,reliable decision,waste technology,climate infrastructure,B,The best answer in this context is 'reliable decision' (ishonchli qaror).
2956,reliable model,ishonchli model,High,AI & Media,EN→UZ,Choose the best Uzbek meaning of 'reliable model'.,ishonchli model,energiya xavf,chiqindi strategiya,iqlim samaradorlik,A,'reliable model' means 'ishonchli model' in Uzbek. Remember it together with its context.
2957,reliable model,ishonchli model,High,AI & Media,UZ→EN,Choose the English word or phrase that matches the Uzbek meaning 'ishonchli model'.,energy risk,waste strategy,climate efficiency,reliable model,D,The English word or phrase for 'ishonchli model' is 'reliable model'.
2958,reliable model,ishonchli model,High,AI & Media,Context,The lesson uses the vocabulary item _____ in a ai & media context.,waste strategy,climate efficiency,reliable model,energy risk,C,The best answer in this context is 'reliable model' (ishonchli model).
2959,misleading intelligence,chalg‘ituvchi intellekt,High,AI & Media,EN→UZ,Choose the best Uzbek meaning of 'misleading intelligence'.,chalg‘ituvchi qaror,chalg‘ituvchi intellekt,algoritmik tarafkashlik,ishonchli intellekt,B,'misleading intelligence' means 'chalg‘ituvchi intellekt' in Uzbek. Remember it together with its context.
2960,misleading intelligence,chalg‘ituvchi intellekt,High,AI & Media,UZ→EN,Choose the English word or phrase that matches the Uzbek meaning 'chalg‘ituvchi intellekt'.,misleading intelligence,algorithmic bias,reliable intelligence,misleading decision,A,The English word or phrase for 'chalg‘ituvchi intellekt' is 'misleading intelligence'.
2961,misleading intelligence,chalg‘ituvchi intellekt,High,AI & Media,Context,The lesson uses the vocabulary item _____ in a ai & media context.,algorithmic bias,reliable intelligence,misleading decision,misleading intelligence,D,The best answer in this context is 'misleading intelligence' (chalg‘ituvchi intellekt).
2962,misleading recommendation,chalg‘ituvchi tavsiya,High,AI & Media,EN→UZ,Choose the best Uzbek meaning of 'misleading recommendation'.,suv ta’sir,resurs iste’mol,chalg‘ituvchi tavsiya,jamoat rejalashtirish,C,'misleading recommendation' means 'chalg‘ituvchi tavsiya' in Uzbek. Remember it together with its context.
2963,misleading recommendation,chalg‘ituvchi tavsiya,High,AI & Media,UZ→EN,Choose the English word or phrase that matches the Uzbek meaning 'chalg‘ituvchi tavsiya'.,resource consumption,misleading recommendation,public planning,water impact,B,The English word or phrase for 'chalg‘ituvchi tavsiya' is 'misleading recommendation'.
2964,misleading recommendation,chalg‘ituvchi tavsiya,High,AI & Media,Context,The lesson uses the vocabulary item _____ in a ai & media context.,misleading recommendation,public planning,water impact,resource consumption,A,The best answer in this context is 'misleading recommendation' (chalg‘ituvchi tavsiya).
2965,misleading bias,chalg‘ituvchi tarafkashlik,High,AI & Media,EN→UZ,Choose the best Uzbek meaning of 'misleading bias'.,xulosa chiqarmoq,foyda,sezilarli dalil,chalg‘ituvchi tarafkashlik,D,'misleading bias' means 'chalg‘ituvchi tarafkashlik' in Uzbek. Remember it together with its context.
2966,misleading bias,chalg‘ituvchi tarafkashlik,High,AI & Media,UZ→EN,Choose the English word or phrase that matches the Uzbek meaning 'chalg‘ituvchi tarafkashlik'.,profit,significant evidence,misleading bias,infer,C,The English word or phrase for 'chalg‘ituvchi tarafkashlik' is 'misleading bias'.
2967,misleading bias,chalg‘ituvchi tarafkashlik,High,AI & Media,Context,The lesson uses the vocabulary item _____ in a ai & media context.,significant evidence,misleading bias,infer,profit,B,The best answer in this context is 'misleading bias' (chalg‘ituvchi tarafkashlik).
2968,misleading privacy,chalg‘ituvchi maxfiylik,High,AI & Media,EN→UZ,Choose the best Uzbek meaning of 'misleading privacy'.,chalg‘ituvchi maxfiylik,ishonchli talqin,tanqidiy usul,tizimli natija,A,'misleading privacy' means 'chalg‘ituvchi maxfiylik' in Uzbek. Remember it together with its context.
2969,misleading privacy,chalg‘ituvchi maxfiylik,High,AI & Media,UZ→EN,Choose the English word or phrase that matches the Uzbek meaning 'chalg‘ituvchi maxfiylik'.,reliable interpretation,critical method,systematic outcome,misleading privacy,D,The English word or phrase for 'chalg‘ituvchi maxfiylik' is 'misleading privacy'.
2970,misleading privacy,chalg‘ituvchi maxfiylik,High,AI & Media,Context,The lesson uses the vocabulary item _____ in a ai & media context.,critical method,systematic outcome,misleading privacy,reliable interpretation,C,The best answer in this context is 'misleading privacy' (chalg‘ituvchi maxfiylik).
2971,misleading verification,chalg‘ituvchi tekshiruv,High,AI & Media,EN→UZ,Choose the best Uzbek meaning of 'misleading verification'.,talab qilmoq,chalg‘ituvchi tekshiruv,avtomatlashtirilgan model,chalg‘ituvchi platforma,B,'misleading verification' means 'chalg‘ituvchi tekshiruv' in Uzbek. Remember it together with its context.
2972,misleading verification,chalg‘ituvchi tekshiruv,High,AI & Media,UZ→EN,Choose the English word or phrase that matches the Uzbek meaning 'chalg‘ituvchi tekshiruv'.,misleading verification,automated model,misleading platform,require,A,The English word or phrase for 'chalg‘ituvchi tekshiruv' is 'misleading verification'.
2973,misleading verification,chalg‘ituvchi tekshiruv,High,AI & Media,Context,The lesson uses the vocabulary item _____ in a ai & media context.,automated model,misleading platform,require,misleading verification,D,The best answer in this context is 'misleading verification' (chalg‘ituvchi tekshiruv).
2974,misleading content,chalg‘ituvchi kontent,High,AI & Media,EN→UZ,Choose the best Uzbek meaning of 'misleading content'.,tanqidiy natija,tizimli dalil,chalg‘ituvchi kontent,ishonchli ta’sir,C,'misleading content' means 'chalg‘ituvchi kontent' in Uzbek. Remember it together with its context.
2975,misleading content,chalg‘ituvchi kontent,High,AI & Media,UZ→EN,Choose the English word or phrase that matches the Uzbek meaning 'chalg‘ituvchi kontent'.,systematic evidence,misleading content,reliable impact,critical outcome,B,The English word or phrase for 'chalg‘ituvchi kontent' is 'misleading content'.
2976,misleading content,chalg‘ituvchi kontent,High,AI & Media,Context,The lesson uses the vocabulary item _____ in a ai & media context.,misleading content,reliable impact,critical outcome,systematic evidence,A,The best answer in this context is 'misleading content' (chalg‘ituvchi kontent).
2977,misleading source,chalg‘ituvchi manba,High,AI & Media,EN→UZ,Choose the best Uzbek meaning of 'misleading source'.,sun’iy model,algoritmik platforma,ishonchli kontent,chalg‘ituvchi manba,D,'misleading source' means 'chalg‘ituvchi manba' in Uzbek. Remember it together with its context.
2978,misleading source,chalg‘ituvchi manba,High,AI & Media,UZ→EN,Choose the English word or phrase that matches the Uzbek meaning 'chalg‘ituvchi manba'.,algorithmic platform,reliable content,misleading source,artificial model,C,The English word or phrase for 'chalg‘ituvchi manba' is 'misleading source'.
2979,misleading source,chalg‘ituvchi manba,High,AI & Media,Context,The lesson uses the vocabulary item _____ in a ai & media context.,reliable content,misleading source,artificial model,algorithmic platform,B,The best answer in this context is 'misleading source' (chalg‘ituvchi manba).
2980,misleading platform,chalg‘ituvchi platforma,High,AI & Media,EN→UZ,Choose the best Uzbek meaning of 'misleading platform'.,chalg‘ituvchi platforma,barqaror iste’mol,shahar xavf,energiya strategiya,A,'misleading platform' means 'chalg‘ituvchi platforma' in Uzbek. Remember it together with its context.
2981,misleading platform,chalg‘ituvchi platforma,High,AI & Media,UZ→EN,Choose the English word or phrase that matches the Uzbek meaning 'chalg‘ituvchi platforma'.,sustainable consumption,urban risk,energy strategy,misleading platform,D,The English word or phrase for 'chalg‘ituvchi platforma' is 'misleading platform'.
2982,misleading platform,chalg‘ituvchi platforma,High,AI & Media,Context,The lesson uses the vocabulary item _____ in a ai & media context.,urban risk,energy strategy,misleading platform,sustainable consumption,C,The best answer in this context is 'misleading platform' (chalg‘ituvchi platforma).
2983,misleading decision,chalg‘ituvchi qaror,High,AI & Media,EN→UZ,Choose the best Uzbek meaning of 'misleading decision'.,shahar samaradorlik,chalg‘ituvchi qaror,uzoq muddatli baholash,ekologik strategiya,B,'misleading decision' means 'chalg‘ituvchi qaror' in Uzbek. Remember it together with its context.
2984,misleading decision,chalg‘ituvchi qaror,High,AI & Media,UZ→EN,Choose the English word or phrase that matches the Uzbek meaning 'chalg‘ituvchi qaror'.,misleading decision,long-term evaluation,environmental strategy,urban efficiency,A,The English word or phrase for 'chalg‘ituvchi qaror' is 'misleading decision'.
2985,misleading decision,chalg‘ituvchi qaror,High,AI & Media,Context,The lesson uses the vocabulary item _____ in a ai & media context.,long-term evaluation,environmental strategy,urban efficiency,misleading decision,D,The best answer in this context is 'misleading decision' (chalg‘ituvchi qaror).
2986,misleading model,chalg‘ituvchi model,High,AI & Media,EN→UZ,Choose the best Uzbek meaning of 'misleading model'.,uzoq muddatli talqin,ekologik ta’sir,chalg‘ituvchi model,o‘lchanadigan tahlil,C,'misleading model' means 'chalg‘ituvchi model' in Uzbek. Remember it together with its context.
2987,misleading model,chalg‘ituvchi model,High,AI & Media,UZ→EN,Choose the English word or phrase that matches the Uzbek meaning 'chalg‘ituvchi model'.,environmental impact,misleading model,measurable analysis,long-term interpretation,B,The English word or phrase for 'chalg‘ituvchi model' is 'misleading model'.
2988,misleading model,chalg‘ituvchi model,High,AI & Media,Context,The lesson uses the vocabulary item _____ in a ai & media context.,misleading model,measurable analysis,long-term interpretation,environmental impact,A,The best answer in this context is 'misleading model' (chalg‘ituvchi model).
2989,public intelligence,jamoat intellekt,High,AI & Media,EN→UZ,Choose the best Uzbek meaning of 'public intelligence'.,qayta tiklanuvchi strategiya,barqaror samaradorlik,jamoat siyosat,jamoat intellekt,D,'public intelligence' means 'jamoat intellekt' in Uzbek. Remember it together with its context.
2990,public intelligence,jamoat intellekt,High,AI & Media,UZ→EN,Choose the English word or phrase that matches the Uzbek meaning 'jamoat intellekt'.,sustainable efficiency,public policy,public intelligence,renewable strategy,C,The English word or phrase for 'jamoat intellekt' is 'public intelligence'.
2991,public intelligence,jamoat intellekt,High,AI & Media,Context,The lesson uses the vocabulary item _____ in a ai & media context.,public policy,public intelligence,renewable strategy,sustainable efficiency,B,The best answer in this context is 'public intelligence' (jamoat intellekt).
2992,public recommendation,jamoat tavsiya,High,AI & Media,EN→UZ,Choose the best Uzbek meaning of 'public recommendation'.,jamoat tavsiya,tanqidiy natija,tizimli dalil,samarali taxmin,A,'public recommendation' means 'jamoat tavsiya' in Uzbek. Remember it together with its context.
2993,public recommendation,jamoat tavsiya,High,AI & Media,UZ→EN,Choose the English word or phrase that matches the Uzbek meaning 'jamoat tavsiya'.,critical outcome,systematic evidence,effective assumption,public recommendation,D,The English word or phrase for 'jamoat tavsiya' is 'public recommendation'.
2994,public recommendation,jamoat tavsiya,High,AI & Media,Context,The lesson uses the vocabulary item _____ in a ai & media context.,systematic evidence,effective assumption,public recommendation,critical outcome,C,The best answer in this context is 'public recommendation' (jamoat tavsiya).
2995,public bias,jamoat tarafkashlik,High,AI & Media,EN→UZ,Choose the best Uzbek meaning of 'public bias'.,resurs ta’sir,jamoat tarafkashlik,energiya boshqaruv,suv rejalashtirish,B,'public bias' means 'jamoat tarafkashlik' in Uzbek. Remember it together with its context.
2996,public bias,jamoat tarafkashlik,High,AI & Media,UZ→EN,Choose the English word or phrase that matches the Uzbek meaning 'jamoat tarafkashlik'.,public bias,energy management,water planning,resource impact,A,The English word or phrase for 'jamoat tarafkashlik' is 'public bias'.
2997,public bias,jamoat tarafkashlik,High,AI & Media,Context,The lesson uses the vocabulary item _____ in a ai & media context.,energy management,water planning,resource impact,public bias,D,The best answer in this context is 'public bias' (jamoat tarafkashlik).
2998,public privacy,jamoat maxfiylik,High,AI & Media,EN→UZ,Choose the best Uzbek meaning of 'public privacy'.,algoritmik tavsiya,avtomatlashtirilgan model,jamoat maxfiylik,sun’iy maxfiylik,C,'public privacy' means 'jamoat maxfiylik' in Uzbek. Remember it together with its context.
2999,public privacy,jamoat maxfiylik,High,AI & Media,UZ→EN,Choose the English word or phrase that matches the Uzbek meaning 'jamoat maxfiylik'.,automated model,public privacy,artificial privacy,algorithmic recommendation,B,The English word or phrase for 'jamoat maxfiylik' is 'public privacy'.
3000,public privacy,jamoat maxfiylik,High,AI & Media,Context,The lesson uses the vocabulary item _____ in a ai & media context.,public privacy,artificial privacy,algorithmic recommendation,automated model,A,The best answer in this context is 'public privacy' (jamoat maxfiylik).
